gcc -Wall -Wextra -g main.c tui_renderer.c ../core_c/enki_os.c ../core_c/enki_lexer.c ../core_c/enki_parser.c ../core_c/enki_interpreter.c ../core_c/enki_scheduler.c ../core_c/enki_network.c ../core_c/enki_file_system.c ../core/enki_object.c ../core/array/ku.c ../core/array/ko.c ../core/array/panjang.c ../otim/otim_lexer.c ../otim/otim_parser.c ../snul/snul_lexer.c ../snul/snul_parser.c ../gui/gui_renderer.c ../core/enki_memory.c    -o ../../bin/unul -lm -lreadline -pthread -lcurl -lraylib
main.c: In function ‘suntik_data_ke_ram’:
main.c:59:27: error: too few arguments to function ‘ciptakan_teks’; expected 2, have 1
   59 |     EnkiObject* obj_isi = ciptakan_teks(isi);
      |                           ^~~~~~~~~~~~~
In file included from ../core_c/enki_interpreter.h:6,
                 from main.c:10:
../core_c/../core/enki_object.h:39:13: note: declared here
   39 | EnkiObject* ciptakan_teks(const char* nilai, int mode_dinamis);
      |             ^~~~~~~~~~~~~
main.c: In function ‘main’:
main.c:89:5: error: implicit declaration of function ‘inisialisasi_kolam_memori’; did you mean ‘inisialisasi_parser’? [-Wimplicit-function-declaration]
   89 |     inisialisasi_kolam_memori();
      |     ^~~~~~~~~~~~~~~~~~~~~~~~~
      |     inisialisasi_parser
../core_c/enki_interpreter.c: In function ‘sihir_suntik_dom’:
../core_c/enki_interpreter.c:190:13: error: too few arguments to function ‘hancurkan_objek’; expected 2, have 1
  190 |             hancurkan_objek(elemen->nilai.objek_peta.konten[atribut_idx]);
      |             ^~~~~~~~~~~~~~~
In file included from ../core_c/enki_interpreter.h:6,
                 from ../core_c/enki_interpreter.c:15:
../core_c/../core/enki_object.h:47:6: note: declared here
   47 | void hancurkan_objek(EnkiObject* obj, int mode_dinamis);
      |      ^~~~~~~~~~~~~~~
../core_c/enki_interpreter.c:191:60: error: too few arguments to function ‘ciptakan_teks’; expected 2, have 1
  191 |             elemen->nilai.objek_peta.konten[atribut_idx] = ciptakan_teks(teks_baru);
      |                                                            ^~~~~~~~~~~~~
../core_c/../core/enki_object.h:39:13: note: declared here
   39 | EnkiObject* ciptakan_teks(const char* nilai, int mode_dinamis);
      |             ^~~~~~~~~~~~~
../core_c/enki_interpreter.c:196:67: error: too few arguments to function ‘ciptakan_teks’; expected 2, have 1
  196 |             elemen->nilai.objek_peta.kunci[elemen->panjang - 1] = ciptakan_teks("atribut");
      |                                                                   ^~~~~~~~~~~~~
../core_c/../core/enki_object.h:39:13: note: declared here
   39 | EnkiObject* ciptakan_teks(const char* nilai, int mode_dinamis);
      |             ^~~~~~~~~~~~~
../core_c/enki_interpreter.c:197:68: error: too few arguments to function ‘ciptakan_teks’; expected 2, have 1
  197 |             elemen->nilai.objek_peta.konten[elemen->panjang - 1] = ciptakan_teks(teks_baru);
      |                                                                    ^~~~~~~~~~~~~
../core_c/../core/enki_object.h:39:13: note: declared here
   39 | EnkiObject* ciptakan_teks(const char* nilai, int mode_dinamis);
      |             ^~~~~~~~~~~~~
../core_c/enki_interpreter.c:202:13: error: too few arguments to function ‘hancurkan_objek’; expected 2, have 1
  202 |             hancurkan_objek(elemen->nilai.objek_peta.konten[teks_input_idx]);
      |             ^~~~~~~~~~~~~~~
../core_c/../core/enki_object.h:47:6: note: declared here
   47 | void hancurkan_objek(EnkiObject* obj, int mode_dinamis);
      |      ^~~~~~~~~~~~~~~
../core_c/enki_interpreter.c:203:63: error: too few arguments to function ‘ciptakan_teks’; expected 2, have 1
  203 |             elemen->nilai.objek_peta.konten[teks_input_idx] = ciptakan_teks(teks_baru);
      |                                                               ^~~~~~~~~~~~~
../core_c/../core/enki_object.h:39:13: note: declared here
   39 | EnkiObject* ciptakan_teks(const char* nilai, int mode_dinamis);
      |             ^~~~~~~~~~~~~
../core_c/enki_interpreter.c:208:67: error: too few arguments to function ‘ciptakan_teks’; expected 2, have 1
  208 |             elemen->nilai.objek_peta.kunci[elemen->panjang - 1] = ciptakan_teks("teks_input");
      |                                                                   ^~~~~~~~~~~~~
../core_c/../core/enki_object.h:39:13: note: declared here
   39 | EnkiObject* ciptakan_teks(const char* nilai, int mode_dinamis);
      |             ^~~~~~~~~~~~~
../core_c/enki_interpreter.c:209:68: error: too few arguments to function ‘ciptakan_teks’; expected 2, have 1
  209 |             elemen->nilai.objek_peta.konten[elemen->panjang - 1] = ciptakan_teks(teks_baru);
      |                                                                    ^~~~~~~~~~~~~
../core_c/../core/enki_object.h:39:13: note: declared here
   39 | EnkiObject* ciptakan_teks(const char* nilai, int mode_dinamis);
      |             ^~~~~~~~~~~~~
../core_c/enki_interpreter.c: In function ‘sihir_bangun_dimensi’:
../core_c/enki_interpreter.c:232:25: error: too few arguments to function ‘ciptakan_salinan_objek’; expected 2, have 1
  232 |         EnkiObject* v = ciptakan_salinan_objek(nilai->nilai.objek_peta.konten[j]);
      |                         ^~~~~~~~~~~~~~~~~~~~~~
../core_c/../core/enki_object.h:43:13: note: declared here
   43 | EnkiObject* ciptakan_salinan_objek(EnkiObject* sumber, int mode_dinamis);
      |             ^~~~~~~~~~~~~~~~~~~~~~
../core_c/enki_interpreter.c: In function ‘bebaskan_ram’:
../core_c/enki_interpreter.c:437:36: error: too few arguments to function ‘hancurkan_objek’; expected 2, have 1
  437 |         if (ram->kavling[i].objek) hancurkan_objek(ram->kavling[i].objek);
      |                                    ^~~~~~~~~~~~~~~
../core_c/../core/enki_object.h:47:6: note: declared here
   47 | void hancurkan_objek(EnkiObject* obj, int mode_dinamis);
      |      ^~~~~~~~~~~~~~~
../core_c/enki_interpreter.c:447:55: error: too few arguments to function ‘hancurkan_objek’; expected 2, have 1
  447 |                 if (ram->kavling[i].riwayat[j].objek) hancurkan_objek(ram->kavling[i].riwayat[j].objek);
      |                                                       ^~~~~~~~~~~~~~~
../core_c/../core/enki_object.h:47:6: note: declared here
   47 | void hancurkan_objek(EnkiObject* obj, int mode_dinamis);
      |      ^~~~~~~~~~~~~~~
../core_c/enki_interpreter.c:458:9: error: too few arguments to function ‘hancurkan_objek’; expected 2, have 1
  458 |         hancurkan_objek(ram->nilai_kembalian);
      |         ^~~~~~~~~~~~~~~
../core_c/../core/enki_object.h:47:6: note: declared here
   47 | void hancurkan_objek(EnkiObject* obj, int mode_dinamis);
      |      ^~~~~~~~~~~~~~~
../core_c/enki_interpreter.c: In function ‘simpan_ke_ram’:
../core_c/enki_interpreter.c:472:48: error: too few arguments to function ‘hancurkan_objek’; expected 2, have 1
  472 |             if (ram->kavling[i].objek != NULL) hancurkan_objek(ram->kavling[i].objek);
      |                                                ^~~~~~~~~~~~~~~
../core_c/../core/enki_object.h:47:6: note: declared here
   47 | void hancurkan_objek(EnkiObject* obj, int mode_dinamis);
      |      ^~~~~~~~~~~~~~~
../core_c/enki_interpreter.c: In function ‘salin_ram_rekursif’:
../core_c/enki_interpreter.c:507:35: error: too few arguments to function ‘ciptakan_salinan_objek’; expected 2, have 1
  507 |                                   ciptakan_salinan_objek(sumber->kavling[i].objek) :
      |                                   ^~~~~~~~~~~~~~~~~~~~~~
../core_c/../core/enki_object.h:43:13: note: declared here
   43 | EnkiObject* ciptakan_salinan_objek(EnkiObject* sumber, int mode_dinamis);
      |             ^~~~~~~~~~~~~~~~~~~~~~
../core_c/enki_interpreter.c:508:35: error: too few arguments to function ‘ciptakan_kosong’; expected 1, have 0
  508 |                                   ciptakan_kosong();
      |                                   ^~~~~~~~~~~~~~~
../core_c/../core/enki_object.h:44:13: note: declared here
   44 | EnkiObject* ciptakan_kosong(int mode_dinamis);
      |             ^~~~~~~~~~~~~~~
../core_c/enki_interpreter.c: In function ‘simpan_jejak_mesin_waktu’:
../core_c/enki_interpreter.c:545:37: error: too few arguments to function ‘ciptakan_salinan_objek’; expected 2, have 1
  545 |     jejak->objek = kavling->objek ? ciptakan_salinan_objek(kavling->objek) : NULL;
      |                                     ^~~~~~~~~~~~~~~~~~~~~~
../core_c/../core/enki_object.h:43:13: note: declared here
   43 | EnkiObject* ciptakan_salinan_objek(EnkiObject* sumber, int mode_dinamis);
      |             ^~~~~~~~~~~~~~~~~~~~~~
../core_c/enki_interpreter.c: In function ‘pulihkan_jejak_mesin_waktu’:
../core_c/enki_interpreter.c:553:29: error: too few arguments to function ‘hancurkan_objek’; expected 2, have 1
  553 |         if (kavling->objek) hancurkan_objek(kavling->objek);
      |                             ^~~~~~~~~~~~~~~
../core_c/../core/enki_object.h:47:6: note: declared here
   47 | void hancurkan_objek(EnkiObject* obj, int mode_dinamis);
      |      ^~~~~~~~~~~~~~~
../core_c/enki_interpreter.c: In function ‘temukan_atau_ciptakan_kavling’:
../core_c/enki_interpreter.c:600:35: error: too few arguments to function ‘hancurkan_objek’; expected 2, have 1
  600 |                 if (induk->objek) hancurkan_objek(induk->objek);
      |                                   ^~~~~~~~~~~~~~~
../core_c/../core/enki_object.h:47:6: note: declared here
   47 | void hancurkan_objek(EnkiObject* obj, int mode_dinamis);
      |      ^~~~~~~~~~~~~~~
../core_c/enki_interpreter.c:601:32: error: too few arguments to function ‘ciptakan_objek_peta’; expected 2, have 1
  601 |                 induk->objek = ciptakan_objek_peta(10);
      |                                ^~~~~~~~~~~~~~~~~~~
../core_c/../core/enki_object.h:41:13: note: declared here
   41 | EnkiObject* ciptakan_objek_peta(int kapasitas, int mode_dinamis);
      |             ^~~~~~~~~~~~~~~~~~~
../core_c/enki_interpreter.c:608:55: error: too few arguments to function ‘ciptakan_teks’; expected 2, have 1
  608 |             simpan_ke_ram(ram_anak, node->nilai_teks, ciptakan_teks("[MUTASI]"));
      |                                                       ^~~~~~~~~~~~~
../core_c/../core/enki_object.h:39:13: note: declared here
   39 | EnkiObject* ciptakan_teks(const char* nilai, int mode_dinamis);
      |             ^~~~~~~~~~~~~
../core_c/enki_interpreter.c: In function ‘sihir_temukan_alamat_memori’:
../core_c/enki_interpreter.c:675:33: error: too few arguments to function ‘hancurkan_objek’; expected 2, have 1
  675 |                 if (obj_indeks) hancurkan_objek(obj_indeks);
      |                                 ^~~~~~~~~~~~~~~
../core_c/../core/enki_object.h:47:6: note: declared here
   47 | void hancurkan_objek(EnkiObject* obj, int mode_dinamis);
      |      ^~~~~~~~~~~~~~~
../core_c/enki_interpreter.c:682:41: error: too few arguments to function ‘hancurkan_objek’; expected 2, have 1
  682 |                         if (obj_indeks) hancurkan_objek(obj_indeks);
      |                                         ^~~~~~~~~~~~~~~
../core_c/../core/enki_object.h:47:6: note: declared here
   47 | void hancurkan_objek(EnkiObject* obj, int mode_dinamis);
      |      ^~~~~~~~~~~~~~~
../core_c/enki_interpreter.c:686:33: error: too few arguments to function ‘hancurkan_objek’; expected 2, have 1
  686 |                 if (obj_indeks) hancurkan_objek(obj_indeks);
      |                                 ^~~~~~~~~~~~~~~
../core_c/../core/enki_object.h:47:6: note: declared here
   47 | void hancurkan_objek(EnkiObject* obj, int mode_dinamis);
      |      ^~~~~~~~~~~~~~~
../core_c/enki_interpreter.c:688:33: error: too few arguments to function ‘hancurkan_objek’; expected 2, have 1
  688 |                 if (obj_indeks) hancurkan_objek(obj_indeks);
      |                                 ^~~~~~~~~~~~~~~
../core_c/../core/enki_object.h:47:6: note: declared here
   47 | void hancurkan_objek(EnkiObject* obj, int mode_dinamis);
      |      ^~~~~~~~~~~~~~~
../core_c/enki_interpreter.c: In function ‘bungkus_dimensi_ke_objek’:
../core_c/enki_interpreter.c:910:22: error: too few arguments to function ‘ciptakan_kosong’; expected 1, have 0
  910 |     if (!kav) return ciptakan_kosong();
      |                      ^~~~~~~~~~~~~~~
../core_c/../core/enki_object.h:44:13: note: declared here
   44 | EnkiObject* ciptakan_kosong(int mode_dinamis);
      |             ^~~~~~~~~~~~~~~
../core_c/enki_interpreter.c:914:32: error: too few arguments to function ‘ciptakan_objek_peta’; expected 2, have 1
  914 |         EnkiObject* obj_peta = ciptakan_objek_peta(kav->anak_anak->jumlah);
      |                                ^~~~~~~~~~~~~~~~~~~
../core_c/../core/enki_object.h:41:13: note: declared here
   41 | EnkiObject* ciptakan_objek_peta(int kapasitas, int mode_dinamis);
      |             ^~~~~~~~~~~~~~~~~~~
../core_c/enki_interpreter.c:921:51: error: too few arguments to function ‘ciptakan_teks’; expected 2, have 1
  921 |             obj_peta->nilai.objek_peta.kunci[i] = ciptakan_teks(anak->nama);
      |                                                   ^~~~~~~~~~~~~
../core_c/../core/enki_object.h:39:13: note: declared here
   39 | EnkiObject* ciptakan_teks(const char* nilai, int mode_dinamis);
      |             ^~~~~~~~~~~~~
../core_c/enki_interpreter.c:927:70: error: too few arguments to function ‘ciptakan_salinan_objek’; expected 2, have 1
  927 |                 obj_peta->nilai.objek_peta.konten[i] = anak->objek ? ciptakan_salinan_objek(anak->objek) : ciptakan_kosong();
      |                                                                      ^~~~~~~~~~~~~~~~~~~~~~
../core_c/../core/enki_object.h:43:13: note: declared here
   43 | EnkiObject* ciptakan_salinan_objek(EnkiObject* sumber, int mode_dinamis);
      |             ^~~~~~~~~~~~~~~~~~~~~~
../core_c/enki_interpreter.c:927:108: error: too few arguments to function ‘ciptakan_kosong’; expected 1, have 0
  927 |                 obj_peta->nilai.objek_peta.konten[i] = anak->objek ? ciptakan_salinan_objek(anak->objek) : ciptakan_kosong();
      |                                                                                                            ^~~~~~~~~~~~~~~
../core_c/../core/enki_object.h:44:13: note: declared here
   44 | EnkiObject* ciptakan_kosong(int mode_dinamis);
      |             ^~~~~~~~~~~~~~~
../core_c/enki_interpreter.c:934:25: error: too few arguments to function ‘ciptakan_salinan_objek’; expected 2, have 1
  934 |     return kav->objek ? ciptakan_salinan_objek(kav->objek) : ciptakan_kosong();
      |                         ^~~~~~~~~~~~~~~~~~~~~~
../core_c/../core/enki_object.h:43:13: note: declared here
   43 | EnkiObject* ciptakan_salinan_objek(EnkiObject* sumber, int mode_dinamis);
      |             ^~~~~~~~~~~~~~~~~~~~~~
../core_c/enki_interpreter.c:934:62: error: too few arguments to function ‘ciptakan_kosong’; expected 1, have 0
  934 |     return kav->objek ? ciptakan_salinan_objek(kav->objek) : ciptakan_kosong();
      |                                                              ^~~~~~~~~~~~~~~
../core_c/../core/enki_object.h:44:13: note: declared here
   44 | EnkiObject* ciptakan_kosong(int mode_dinamis);
      |             ^~~~~~~~~~~~~~~
../core_c/enki_interpreter.c: In function ‘muat_anu’:
../core_c/enki_interpreter.c:942:42: error: too few arguments to function ‘ciptakan_teks’; expected 2, have 1
  942 |     simpan_ke_ram(ram, "__STATUS_ANU__", ciptakan_teks("ADA"));
      |                                          ^~~~~~~~~~~~~
../core_c/../core/enki_object.h:39:13: note: declared here
   39 | EnkiObject* ciptakan_teks(const char* nilai, int mode_dinamis);
      |             ^~~~~~~~~~~~~
../core_c/enki_interpreter.c:960:44: error: too few arguments to function ‘ciptakan_teks’; expected 2, have 1
  960 |             simpan_ke_ram(ram, kunci_aman, ciptakan_teks(nilai));
      |                                            ^~~~~~~~~~~~~
../core_c/../core/enki_object.h:39:13: note: declared here
   39 | EnkiObject* ciptakan_teks(const char* nilai, int mode_dinamis);
      |             ^~~~~~~~~~~~~
../core_c/enki_interpreter.c: In function ‘evaluasi_ekspresi’:
../core_c/enki_interpreter.c:989:23: error: too few arguments to function ‘ciptakan_kosong’; expected 1, have 0
  989 |     if (!node) return ciptakan_kosong();
      |                       ^~~~~~~~~~~~~~~
../core_c/../core/enki_object.h:44:13: note: declared here
   44 | EnkiObject* ciptakan_kosong(int mode_dinamis);
      |             ^~~~~~~~~~~~~~~
../core_c/enki_interpreter.c:1004:34: error: too few arguments to function ‘ciptakan_kosong’; expected 1, have 0
 1004 |         if (!teks_mentah) return ciptakan_kosong();
      |                                  ^~~~~~~~~~~~~~~
../core_c/../core/enki_object.h:44:13: note: declared here
   44 | EnkiObject* ciptakan_kosong(int mode_dinamis);
      |             ^~~~~~~~~~~~~~~
../core_c/enki_interpreter.c:1009:20: error: too few arguments to function ‘ciptakan_angka’; expected 2, have 1
 1009 |             return ciptakan_angka(atof(teks_mentah)); // 🪄 Ubah string "2.0" jadi double 2.0
      |                    ^~~~~~~~~~~~~~
../core_c/../core/enki_object.h:38:13: note: declared here
   38 | EnkiObject* ciptakan_angka(double nilai, int mode_dinamis);
      |             ^~~~~~~~~~~~~~
../core_c/enki_interpreter.c:1025:34: error: too few arguments to function ‘ciptakan_teks’; expected 2, have 1
 1025 |         EnkiObject* hasil_teks = ciptakan_teks(teks_final);
      |                                  ^~~~~~~~~~~~~
../core_c/../core/enki_object.h:39:13: note: declared here
   39 | EnkiObject* ciptakan_teks(const char* nilai, int mode_dinamis);
      |             ^~~~~~~~~~~~~
../core_c/enki_interpreter.c:1050:39: error: too few arguments to function ‘ciptakan_teks’; expected 2, have 1
 1050 |         simpan_ke_ram(ram, nama_anon, ciptakan_teks("<fungsi_panah>"));
      |                                       ^~~~~~~~~~~~~
../core_c/../core/enki_object.h:39:13: note: declared here
   39 | EnkiObject* ciptakan_teks(const char* nilai, int mode_dinamis);
      |             ^~~~~~~~~~~~~
../core_c/enki_interpreter.c:1057:16: error: too few arguments to function ‘ciptakan_teks’; expected 2, have 1
 1057 |         return ciptakan_teks(nama_anon); // Kembalikan nama gaibnya ke pemanggil
      |                ^~~~~~~~~~~~~
../core_c/../core/enki_object.h:39:13: note: declared here
   39 | EnkiObject* ciptakan_teks(const char* nilai, int mode_dinamis);
      |             ^~~~~~~~~~~~~
../core_c/enki_interpreter.c:1111:20: error: too few arguments to function ‘ciptakan_kosong’; expected 1, have 0
 1111 |             return ciptakan_kosong();
      |                    ^~~~~~~~~~~~~~~
../core_c/../core/enki_object.h:44:13: note: declared here
   44 | EnkiObject* ciptakan_kosong(int mode_dinamis);
      |             ^~~~~~~~~~~~~~~
../core_c/enki_interpreter.c:1138:41: error: too few arguments to function ‘ciptakan_kosong’; expected 1, have 0
 1138 |                     EnkiObject* hasil = ciptakan_kosong();
      |                                         ^~~~~~~~~~~~~~~
../core_c/../core/enki_object.h:44:13: note: declared here
   44 | EnkiObject* ciptakan_kosong(int mode_dinamis);
      |             ^~~~~~~~~~~~~~~
../core_c/enki_interpreter.c:1139:56: error: too few arguments to function ‘ciptakan_angka’; expected 2, have 1
 1139 |                     if (v->tipe == ENKI_ANGKA) hasil = ciptakan_angka(v->nilai.angka);
      |                                                        ^~~~~~~~~~~~~~
../core_c/../core/enki_object.h:38:13: note: declared here
   38 | EnkiObject* ciptakan_angka(double nilai, int mode_dinamis);
      |             ^~~~~~~~~~~~~~
../core_c/enki_interpreter.c:1140:60: error: too few arguments to function ‘ciptakan_teks’; expected 2, have 1
 1140 |                     else if (v->tipe == ENKI_TEKS) hasil = ciptakan_teks(v->nilai.teks);
      |                                                            ^~~~~~~~~~~~~
../core_c/../core/enki_object.h:39:13: note: declared here
   39 | EnkiObject* ciptakan_teks(const char* nilai, int mode_dinamis);
      |             ^~~~~~~~~~~~~
../core_c/enki_interpreter.c:1141:86: error: too few arguments to function ‘ciptakan_salinan_objek’; expected 2, have 1
 1141 |                     else if (v->tipe == ENKI_OBJEK || v->tipe == ENKI_ARRAY) hasil = ciptakan_salinan_objek(v);
      |                                                                                      ^~~~~~~~~~~~~~~~~~~~~~
../core_c/../core/enki_object.h:43:13: note: declared here
   43 | EnkiObject* ciptakan_salinan_objek(EnkiObject* sumber, int mode_dinamis);
      |             ^~~~~~~~~~~~~~~~~~~~~~
../core_c/enki_interpreter.c:1143:21: error: too few arguments to function ‘hancurkan_objek’; expected 2, have 1
 1143 |                     hancurkan_objek(induk);
      |                     ^~~~~~~~~~~~~~~
../core_c/../core/enki_object.h:47:6: note: declared here
   47 | void hancurkan_objek(EnkiObject* obj, int mode_dinamis);
      |      ^~~~~~~~~~~~~~~
../core_c/enki_interpreter.c:1150:20: error: too few arguments to function ‘hancurkan_objek’; expected 2, have 1
 1150 |         if (induk) hancurkan_objek(induk);
      |                    ^~~~~~~~~~~~~~~
../core_c/../core/enki_object.h:47:6: note: declared here
   47 | void hancurkan_objek(EnkiObject* obj, int mode_dinamis);
      |      ^~~~~~~~~~~~~~~
../core_c/enki_interpreter.c:1163:16: error: too few arguments to function ‘ciptakan_kosong’; expected 1, have 0
 1163 |         return ciptakan_kosong();
      |                ^~~~~~~~~~~~~~~
../core_c/../core/enki_object.h:44:13: note: declared here
   44 | EnkiObject* ciptakan_kosong(int mode_dinamis);
      |             ^~~~~~~~~~~~~~~
../core_c/enki_interpreter.c:1185:24: error: too few arguments to function ‘ciptakan_kosong’; expected 1, have 0
 1185 |                 return ciptakan_kosong();
      |                        ^~~~~~~~~~~~~~~
../core_c/../core/enki_object.h:44:13: note: declared here
   44 | EnkiObject* ciptakan_kosong(int mode_dinamis);
      |             ^~~~~~~~~~~~~~~
../core_c/enki_interpreter.c:1197:37: error: too few arguments to function ‘hancurkan_objek’; expected 2, have 1
 1197 |                 if (*alamat_target) hancurkan_objek(*alamat_target);
      |                                     ^~~~~~~~~~~~~~~
../core_c/../core/enki_object.h:47:6: note: declared here
   47 | void hancurkan_objek(EnkiObject* obj, int mode_dinamis);
      |      ^~~~~~~~~~~~~~~
../core_c/enki_interpreter.c:1205:32: error: too few arguments to function ‘ciptakan_kosong’; expected 1, have 0
 1205 |                         return ciptakan_kosong();
      |                                ^~~~~~~~~~~~~~~
../core_c/../core/enki_object.h:44:13: note: declared here
   44 | EnkiObject* ciptakan_kosong(int mode_dinamis);
      |             ^~~~~~~~~~~~~~~
../core_c/enki_interpreter.c:1207:48: error: too few arguments to function ‘hancurkan_objek’; expected 2, have 1
 1207 |                     if (target_kavling->objek) hancurkan_objek(target_kavling->objek);
      |                                                ^~~~~~~~~~~~~~~
../core_c/../core/enki_object.h:47:6: note: declared here
   47 | void hancurkan_objek(EnkiObject* obj, int mode_dinamis);
      |      ^~~~~~~~~~~~~~~
../core_c/enki_interpreter.c:1214:43: error: too few arguments to function ‘hancurkan_objek’; expected 2, have 1
 1214 |                     if (hasil_masa_depan) hancurkan_objek(hasil_masa_depan);
      |                                           ^~~~~~~~~~~~~~~
../core_c/../core/enki_object.h:47:6: note: declared here
   47 | void hancurkan_objek(EnkiObject* obj, int mode_dinamis);
      |      ^~~~~~~~~~~~~~~
../core_c/enki_interpreter.c:1217:20: error: too few arguments to function ‘ciptakan_kosong’; expected 1, have 0
 1217 |             return ciptakan_kosong();
      |                    ^~~~~~~~~~~~~~~
../core_c/../core/enki_object.h:44:13: note: declared here
   44 | EnkiObject* ciptakan_kosong(int mode_dinamis);
      |             ^~~~~~~~~~~~~~~
../core_c/enki_interpreter.c:1249:35: error: too few arguments to function ‘hancurkan_objek’; expected 2, have 1
 1249 |                     if (obj_kiri) hancurkan_objek(obj_kiri);
      |                                   ^~~~~~~~~~~~~~~
../core_c/../core/enki_object.h:47:6: note: declared here
   47 | void hancurkan_objek(EnkiObject* obj, int mode_dinamis);
      |      ^~~~~~~~~~~~~~~
../core_c/enki_interpreter.c:1250:36: error: too few arguments to function ‘hancurkan_objek’; expected 2, have 1
 1250 |                     if (obj_kanan) hancurkan_objek(obj_kanan);
      |                                    ^~~~~~~~~~~~~~~
../core_c/../core/enki_object.h:47:6: note: declared here
   47 | void hancurkan_objek(EnkiObject* obj, int mode_dinamis);
      |      ^~~~~~~~~~~~~~~
../core_c/enki_interpreter.c:1251:28: error: too few arguments to function ‘ciptakan_teks’; expected 2, have 1
 1251 |                     return ciptakan_teks(gabungan);
      |                            ^~~~~~~~~~~~~
../core_c/../core/enki_object.h:39:13: note: declared here
   39 | EnkiObject* ciptakan_teks(const char* nilai, int mode_dinamis);
      |             ^~~~~~~~~~~~~
../core_c/enki_interpreter.c:1272:23: error: too few arguments to function ‘hancurkan_objek’; expected 2, have 1
 1272 |         if (obj_kiri) hancurkan_objek(obj_kiri);
      |                       ^~~~~~~~~~~~~~~
../core_c/../core/enki_object.h:47:6: note: declared here
   47 | void hancurkan_objek(EnkiObject* obj, int mode_dinamis);
      |      ^~~~~~~~~~~~~~~
../core_c/enki_interpreter.c:1273:24: error: too few arguments to function ‘hancurkan_objek’; expected 2, have 1
 1273 |         if (obj_kanan) hancurkan_objek(obj_kanan);
      |                        ^~~~~~~~~~~~~~~
../core_c/../core/enki_object.h:47:6: note: declared here
   47 | void hancurkan_objek(EnkiObject* obj, int mode_dinamis);
      |      ^~~~~~~~~~~~~~~
../core_c/enki_interpreter.c:1274:16: error: too few arguments to function ‘ciptakan_angka’; expected 2, have 1
 1274 |         return ciptakan_angka(hasil_akhir);
      |                ^~~~~~~~~~~~~~
../core_c/../core/enki_object.h:38:13: note: declared here
   38 | EnkiObject* ciptakan_angka(double nilai, int mode_dinamis);
      |             ^~~~~~~~~~~~~~
../core_c/enki_interpreter.c:1279:33: error: too few arguments to function ‘ciptakan_array’; expected 2, have 1
 1279 |         EnkiObject* obj_array = ciptakan_array(node->jumlah_anak);
      |                                 ^~~~~~~~~~~~~~
../core_c/../core/enki_object.h:40:13: note: declared here
   40 | EnkiObject* ciptakan_array(int kapasitas, int mode_dinamis);
      |             ^~~~~~~~~~~~~~
../core_c/enki_interpreter.c:1286:83: error: too few arguments to function ‘ciptakan_teks’; expected 2, have 1
 1286 |                 if (elemen->tipe == ENKI_TEKS) obj_array->nilai.array_elemen[i] = ciptakan_teks(elemen->nilai.teks);
      |                                                                                   ^~~~~~~~~~~~~
../core_c/../core/enki_object.h:39:13: note: declared here
   39 | EnkiObject* ciptakan_teks(const char* nilai, int mode_dinamis);
      |             ^~~~~~~~~~~~~
../core_c/enki_interpreter.c:1287:89: error: too few arguments to function ‘ciptakan_angka’; expected 2, have 1
 1287 |                 else if (elemen->tipe == ENKI_ANGKA) obj_array->nilai.array_elemen[i] = ciptakan_angka(elemen->nilai.angka);
      |                                                                                         ^~~~~~~~~~~~~~
../core_c/../core/enki_object.h:38:13: note: declared here
   38 | EnkiObject* ciptakan_angka(double nilai, int mode_dinamis);
      |             ^~~~~~~~~~~~~~
../core_c/enki_interpreter.c:1291:56: error: too few arguments to function ‘ciptakan_salinan_objek’; expected 2, have 1
 1291 |                     obj_array->nilai.array_elemen[i] = ciptakan_salinan_objek(elemen);
      |                                                        ^~~~~~~~~~~~~~~~~~~~~~
../core_c/../core/enki_object.h:43:13: note: declared here
   43 | EnkiObject* ciptakan_salinan_objek(EnkiObject* sumber, int mode_dinamis);
      |             ^~~~~~~~~~~~~~~~~~~~~~
../core_c/enki_interpreter.c:1293:57: error: too few arguments to function ‘ciptakan_kosong’; expected 1, have 0
 1293 |                 else obj_array->nilai.array_elemen[i] = ciptakan_kosong();
      |                                                         ^~~~~~~~~~~~~~~
../core_c/../core/enki_object.h:44:13: note: declared here
   44 | EnkiObject* ciptakan_kosong(int mode_dinamis);
      |             ^~~~~~~~~~~~~~~
../core_c/enki_interpreter.c:1295:17: error: too few arguments to function ‘hancurkan_objek’; expected 2, have 1
 1295 |                 hancurkan_objek(elemen);
      |                 ^~~~~~~~~~~~~~~
../core_c/../core/enki_object.h:47:6: note: declared here
   47 | void hancurkan_objek(EnkiObject* obj, int mode_dinamis);
      |      ^~~~~~~~~~~~~~~
../core_c/enki_interpreter.c:1297:52: error: too few arguments to function ‘ciptakan_kosong’; expected 1, have 0
 1297 |                 obj_array->nilai.array_elemen[i] = ciptakan_kosong();
      |                                                    ^~~~~~~~~~~~~~~
../core_c/../core/enki_object.h:44:13: note: declared here
   44 | EnkiObject* ciptakan_kosong(int mode_dinamis);
      |             ^~~~~~~~~~~~~~~
../core_c/enki_interpreter.c:1306:32: error: too few arguments to function ‘ciptakan_objek_peta’; expected 2, have 1
 1306 |         EnkiObject* obj_peta = ciptakan_objek_peta(jumlah_pasangan);
      |                                ^~~~~~~~~~~~~~~~~~~
../core_c/../core/enki_object.h:41:13: note: declared here
   41 | EnkiObject* ciptakan_objek_peta(int kapasitas, int mode_dinamis);
      |             ^~~~~~~~~~~~~~~~~~~
../core_c/enki_interpreter.c:1314:55: error: too few arguments to function ‘ciptakan_teks’; expected 2, have 1
 1314 |                 obj_peta->nilai.objek_peta.kunci[i] = ciptakan_teks(obj_kunci->nilai.teks);
      |                                                       ^~~~~~~~~~~~~
../core_c/../core/enki_object.h:39:13: note: declared here
   39 | EnkiObject* ciptakan_teks(const char* nilai, int mode_dinamis);
      |             ^~~~~~~~~~~~~
../core_c/enki_interpreter.c:1315:56: error: too few arguments to function ‘ciptakan_salinan_objek’; expected 2, have 1
 1315 |                 obj_peta->nilai.objek_peta.konten[i] = ciptakan_salinan_objek(obj_konten);
      |                                                        ^~~~~~~~~~~~~~~~~~~~~~
../core_c/../core/enki_object.h:43:13: note: declared here
   43 | EnkiObject* ciptakan_salinan_objek(EnkiObject* sumber, int mode_dinamis);
      |             ^~~~~~~~~~~~~~~~~~~~~~
../core_c/enki_interpreter.c:1318:28: error: too few arguments to function ‘hancurkan_objek’; expected 2, have 1
 1318 |             if (obj_kunci) hancurkan_objek(obj_kunci);
      |                            ^~~~~~~~~~~~~~~
../core_c/../core/enki_object.h:47:6: note: declared here
   47 | void hancurkan_objek(EnkiObject* obj, int mode_dinamis);
      |      ^~~~~~~~~~~~~~~
../core_c/enki_interpreter.c:1319:29: error: too few arguments to function ‘hancurkan_objek’; expected 2, have 1
 1319 |             if (obj_konten) hancurkan_objek(obj_konten);
      |                             ^~~~~~~~~~~~~~~
../core_c/../core/enki_object.h:47:6: note: declared here
   47 | void hancurkan_objek(EnkiObject* obj, int mode_dinamis);
      |      ^~~~~~~~~~~~~~~
../core_c/enki_interpreter.c:1334:29: error: too few arguments to function ‘hancurkan_objek’; expected 2, have 1
 1334 |             if (obj_target) hancurkan_objek(obj_target);
      |                             ^~~~~~~~~~~~~~~
../core_c/../core/enki_object.h:47:6: note: declared here
   47 | void hancurkan_objek(EnkiObject* obj, int mode_dinamis);
      |      ^~~~~~~~~~~~~~~
../core_c/enki_interpreter.c:1335:20: error: too few arguments to function ‘ciptakan_kosong’; expected 1, have 0
 1335 |             return ciptakan_kosong();
      |                    ^~~~~~~~~~~~~~~
../core_c/../core/enki_object.h:44:13: note: declared here
   44 | EnkiObject* ciptakan_kosong(int mode_dinamis);
      |             ^~~~~~~~~~~~~~~
../core_c/enki_interpreter.c:1339:29: error: too few arguments to function ‘ciptakan_kosong’; expected 1, have 0
 1339 |         EnkiObject* hasil = ciptakan_kosong();
      |                             ^~~~~~~~~~~~~~~
../core_c/../core/enki_object.h:44:13: note: declared here
   44 | EnkiObject* ciptakan_kosong(int mode_dinamis);
      |             ^~~~~~~~~~~~~~~
../core_c/enki_interpreter.c:1370:61: error: too few arguments to function ‘ciptakan_angka’; expected 2, have 1
 1370 |                     if (elemen->tipe == ENKI_ANGKA) hasil = ciptakan_angka(elemen->nilai.angka);
      |                                                             ^~~~~~~~~~~~~~
../core_c/../core/enki_object.h:38:13: note: declared here
   38 | EnkiObject* ciptakan_angka(double nilai, int mode_dinamis);
      |             ^~~~~~~~~~~~~~
../core_c/enki_interpreter.c:1371:65: error: too few arguments to function ‘ciptakan_teks’; expected 2, have 1
 1371 |                     else if (elemen->tipe == ENKI_TEKS) hasil = ciptakan_teks(elemen->nilai.teks);
      |                                                                 ^~~~~~~~~~~~~
../core_c/../core/enki_object.h:39:13: note: declared here
   39 | EnkiObject* ciptakan_teks(const char* nilai, int mode_dinamis);
      |             ^~~~~~~~~~~~~
../core_c/enki_interpreter.c:1373:96: error: too few arguments to function ‘ciptakan_salinan_objek’; expected 2, have 1
 1373 |                     else if (elemen->tipe == ENKI_OBJEK || elemen->tipe == ENKI_ARRAY) hasil = ciptakan_salinan_objek(elemen);
      |                                                                                                ^~~~~~~~~~~~~~~~~~~~~~
../core_c/../core/enki_object.h:43:13: note: declared here
   43 | EnkiObject* ciptakan_salinan_objek(EnkiObject* sumber, int mode_dinamis);
      |             ^~~~~~~~~~~~~~~~~~~~~~
../core_c/enki_interpreter.c:1401:65: error: too few arguments to function ‘ciptakan_angka’; expected 2, have 1
 1401 |                         if (elemen->tipe == ENKI_ANGKA) hasil = ciptakan_angka(elemen->nilai.angka);
      |                                                                 ^~~~~~~~~~~~~~
../core_c/../core/enki_object.h:38:13: note: declared here
   38 | EnkiObject* ciptakan_angka(double nilai, int mode_dinamis);
      |             ^~~~~~~~~~~~~~
../core_c/enki_interpreter.c:1402:69: error: too few arguments to function ‘ciptakan_teks’; expected 2, have 1
 1402 |                         else if (elemen->tipe == ENKI_TEKS) hasil = ciptakan_teks(elemen->nilai.teks);
      |                                                                     ^~~~~~~~~~~~~
../core_c/../core/enki_object.h:39:13: note: declared here
   39 | EnkiObject* ciptakan_teks(const char* nilai, int mode_dinamis);
      |             ^~~~~~~~~~~~~
../core_c/enki_interpreter.c:1404:100: error: too few arguments to function ‘ciptakan_salinan_objek’; expected 2, have 1
 1404 |                         else if (elemen->tipe == ENKI_OBJEK || elemen->tipe == ENKI_ARRAY) hasil = ciptakan_salinan_objek(elemen);
      |                                                                                                    ^~~~~~~~~~~~~~~~~~~~~~
../core_c/../core/enki_object.h:43:13: note: declared here
   43 | EnkiObject* ciptakan_salinan_objek(EnkiObject* sumber, int mode_dinamis);
      |             ^~~~~~~~~~~~~~~~~~~~~~
../core_c/enki_interpreter.c:1424:25: error: too few arguments to function ‘hancurkan_objek’; expected 2, have 1
 1424 |         if (obj_target) hancurkan_objek(obj_target);
      |                         ^~~~~~~~~~~~~~~
../core_c/../core/enki_object.h:47:6: note: declared here
   47 | void hancurkan_objek(EnkiObject* obj, int mode_dinamis);
      |      ^~~~~~~~~~~~~~~
../core_c/enki_interpreter.c:1425:25: error: too few arguments to function ‘hancurkan_objek’; expected 2, have 1
 1425 |         if (obj_indeks) hancurkan_objek(obj_indeks);
      |                         ^~~~~~~~~~~~~~~
../core_c/../core/enki_object.h:47:6: note: declared here
   47 | void hancurkan_objek(EnkiObject* obj, int mode_dinamis);
      |      ^~~~~~~~~~~~~~~
../core_c/enki_interpreter.c:1438:20: error: too few arguments to function ‘ciptakan_kosong’; expected 1, have 0
 1438 |             return ciptakan_kosong(); // Mengembalikan ENKI_KOSONG
      |                    ^~~~~~~~~~~~~~~
../core_c/../core/enki_object.h:44:13: note: declared here
   44 | EnkiObject* ciptakan_kosong(int mode_dinamis);
      |             ^~~~~~~~~~~~~~~
../core_c/enki_interpreter.c:1452:32: error: too few arguments to function ‘hancurkan_objek’; expected 2, have 1
 1452 |                 if (obj_hasil) hancurkan_objek(obj_hasil);
      |                                ^~~~~~~~~~~~~~~
../core_c/../core/enki_object.h:47:6: note: declared here
   47 | void hancurkan_objek(EnkiObject* obj, int mode_dinamis);
      |      ^~~~~~~~~~~~~~~
../core_c/enki_interpreter.c:1456:20: error: too few arguments to function ‘ciptakan_kosong’; expected 1, have 0
 1456 |             return ciptakan_kosong();
      |                    ^~~~~~~~~~~~~~~
../core_c/../core/enki_object.h:44:13: note: declared here
   44 | EnkiObject* ciptakan_kosong(int mode_dinamis);
      |             ^~~~~~~~~~~~~~~
../core_c/enki_interpreter.c:1469:26: error: too few arguments to function ‘hancurkan_objek’; expected 2, have 1
 1469 |             if (str_min) hancurkan_objek(str_min);
      |                          ^~~~~~~~~~~~~~~
../core_c/../core/enki_object.h:47:6: note: declared here
   47 | void hancurkan_objek(EnkiObject* obj, int mode_dinamis);
      |      ^~~~~~~~~~~~~~~
../core_c/enki_interpreter.c:1470:26: error: too few arguments to function ‘hancurkan_objek’; expected 2, have 1
 1470 |             if (str_max) hancurkan_objek(str_max);
      |                          ^~~~~~~~~~~~~~~
../core_c/../core/enki_object.h:47:6: note: declared here
   47 | void hancurkan_objek(EnkiObject* obj, int mode_dinamis);
      |      ^~~~~~~~~~~~~~~
../core_c/enki_interpreter.c:1473:20: error: too few arguments to function ‘ciptakan_angka’; expected 2, have 1
 1473 |             return ciptakan_angka((double)hasil);
      |                    ^~~~~~~~~~~~~~
../core_c/../core/enki_object.h:38:13: note: declared here
   38 | EnkiObject* ciptakan_angka(double nilai, int mode_dinamis);
      |             ^~~~~~~~~~~~~~
../core_c/enki_interpreter.c:1481:22: error: too few arguments to function ‘hancurkan_objek’; expected 2, have 1
 1481 |             if (isi) hancurkan_objek(isi);
      |                      ^~~~~~~~~~~~~~~
../core_c/../core/enki_object.h:47:6: note: declared here
   47 | void hancurkan_objek(EnkiObject* obj, int mode_dinamis);
      |      ^~~~~~~~~~~~~~~
../core_c/enki_interpreter.c:1482:20: error: too few arguments to function ‘ciptakan_angka’; expected 2, have 1
 1482 |             return ciptakan_angka((double)panjang_karakter);
      |                    ^~~~~~~~~~~~~~
../core_c/../core/enki_object.h:38:13: note: declared here
   38 | EnkiObject* ciptakan_angka(double nilai, int mode_dinamis);
      |             ^~~~~~~~~~~~~~
../core_c/enki_interpreter.c:1499:20: error: too few arguments to function ‘ciptakan_teks’; expected 2, have 1
 1499 |             return ciptakan_teks(buffer);
      |                    ^~~~~~~~~~~~~
../core_c/../core/enki_object.h:39:13: note: declared here
   39 | EnkiObject* ciptakan_teks(const char* nilai, int mode_dinamis);
      |             ^~~~~~~~~~~~~
../core_c/enki_interpreter.c:1510:24: error: too few arguments to function ‘ciptakan_kosong’; expected 1, have 0
 1510 |                 return ciptakan_kosong();
      |                        ^~~~~~~~~~~~~~~
../core_c/../core/enki_object.h:44:13: note: declared here
   44 | EnkiObject* ciptakan_kosong(int mode_dinamis);
      |             ^~~~~~~~~~~~~~~
../core_c/enki_interpreter.c:1515:37: error: too few arguments to function ‘ciptakan_kosong’; expected 1, have 0
 1515 |                 EnkiObject* hasil = ciptakan_kosong();
      |                                     ^~~~~~~~~~~~~~~
../core_c/../core/enki_object.h:44:13: note: declared here
   44 | EnkiObject* ciptakan_kosong(int mode_dinamis);
      |             ^~~~~~~~~~~~~~~
../core_c/enki_interpreter.c:1519:29: error: too few arguments to function ‘hancurkan_objek’; expected 2, have 1
 1519 |                             hancurkan_objek(hasil);
      |                             ^~~~~~~~~~~~~~~
../core_c/../core/enki_object.h:47:6: note: declared here
   47 | void hancurkan_objek(EnkiObject* obj, int mode_dinamis);
      |      ^~~~~~~~~~~~~~~
../core_c/enki_interpreter.c:1520:37: error: too few arguments to function ‘ciptakan_salinan_objek’; expected 2, have 1
 1520 |                             hasil = ciptakan_salinan_objek(target->nilai.objek_peta.konten[i]);
      |                                     ^~~~~~~~~~~~~~~~~~~~~~
../core_c/../core/enki_object.h:43:13: note: declared here
   43 | EnkiObject* ciptakan_salinan_objek(EnkiObject* sumber, int mode_dinamis);
      |             ^~~~~~~~~~~~~~~~~~~~~~
../core_c/enki_interpreter.c:1525:29: error: too few arguments to function ‘hancurkan_objek’; expected 2, have 1
 1525 |                 if (target) hancurkan_objek(target);
      |                             ^~~~~~~~~~~~~~~
../core_c/../core/enki_object.h:47:6: note: declared here
   47 | void hancurkan_objek(EnkiObject* obj, int mode_dinamis);
      |      ^~~~~~~~~~~~~~~
../core_c/enki_interpreter.c:1526:28: error: too few arguments to function ‘hancurkan_objek’; expected 2, have 1
 1526 |                 if (kunci) hancurkan_objek(kunci);
      |                            ^~~~~~~~~~~~~~~
../core_c/../core/enki_object.h:47:6: note: declared here
   47 | void hancurkan_objek(EnkiObject* obj, int mode_dinamis);
      |      ^~~~~~~~~~~~~~~
../core_c/enki_interpreter.c:1532:35: error: too few arguments to function ‘ciptakan_array’; expected 2, have 1
 1532 |                 EnkiObject* arr = ciptakan_array(mini->jumlah);
      |                                   ^~~~~~~~~~~~~~
../core_c/../core/enki_object.h:40:13: note: declared here
   40 | EnkiObject* ciptakan_array(int kapasitas, int mode_dinamis);
      |             ^~~~~~~~~~~~~~
../core_c/enki_interpreter.c:1535:50: error: too few arguments to function ‘ciptakan_salinan_objek’; expected 2, have 1
 1535 |                     arr->nilai.array_elemen[i] = ciptakan_salinan_objek(mini->kavling[i].objek);
      |                                                  ^~~~~~~~~~~~~~~~~~~~~~
../core_c/../core/enki_object.h:43:13: note: declared here
   43 | EnkiObject* ciptakan_salinan_objek(EnkiObject* sumber, int mode_dinamis);
      |             ^~~~~~~~~~~~~~~~~~~~~~
../core_c/enki_interpreter.c:1541:25: error: too few arguments to function ‘hancurkan_objek’; expected 2, have 1
 1541 |             if (target) hancurkan_objek(target);
      |                         ^~~~~~~~~~~~~~~
../core_c/../core/enki_object.h:47:6: note: declared here
   47 | void hancurkan_objek(EnkiObject* obj, int mode_dinamis);
      |      ^~~~~~~~~~~~~~~
../core_c/enki_interpreter.c:1549:24: error: too few arguments to function ‘ciptakan_kosong’; expected 1, have 0
 1549 |                 return ciptakan_kosong();
      |                        ^~~~~~~~~~~~~~~
../core_c/../core/enki_object.h:44:13: note: declared here
   44 | EnkiObject* ciptakan_kosong(int mode_dinamis);
      |             ^~~~~~~~~~~~~~~
../core_c/enki_interpreter.c:1563:29: error: too few arguments to function ‘hancurkan_objek’; expected 2, have 1
 1563 |                 if (target) hancurkan_objek(target);
      |                             ^~~~~~~~~~~~~~~
../core_c/../core/enki_object.h:47:6: note: declared here
   47 | void hancurkan_objek(EnkiObject* obj, int mode_dinamis);
      |      ^~~~~~~~~~~~~~~
../core_c/enki_interpreter.c:1564:28: error: too few arguments to function ‘hancurkan_objek’; expected 2, have 1
 1564 |                 if (kunci) hancurkan_objek(kunci);
      |                            ^~~~~~~~~~~~~~~
../core_c/../core/enki_object.h:47:6: note: declared here
   47 | void hancurkan_objek(EnkiObject* obj, int mode_dinamis);
      |      ^~~~~~~~~~~~~~~
../core_c/enki_interpreter.c:1565:24: error: too few arguments to function ‘ciptakan_angka’; expected 2, have 1
 1565 |                 return ciptakan_angka(ada);
      |                        ^~~~~~~~~~~~~~
../core_c/../core/enki_object.h:38:13: note: declared here
   38 | EnkiObject* ciptakan_angka(double nilai, int mode_dinamis);
      |             ^~~~~~~~~~~~~~
../core_c/enki_interpreter.c:1570:35: error: too few arguments to function ‘ciptakan_array’; expected 2, have 1
 1570 |                 EnkiObject* arr = ciptakan_array(mini->jumlah);
      |                                   ^~~~~~~~~~~~~~
../core_c/../core/enki_object.h:40:13: note: declared here
   40 | EnkiObject* ciptakan_array(int kapasitas, int mode_dinamis);
      |             ^~~~~~~~~~~~~~
../core_c/enki_interpreter.c:1573:50: error: too few arguments to function ‘ciptakan_teks’; expected 2, have 1
 1573 |                     arr->nilai.array_elemen[i] = ciptakan_teks(mini->kavling[i].nama);
      |                                                  ^~~~~~~~~~~~~
../core_c/../core/enki_object.h:39:13: note: declared here
   39 | EnkiObject* ciptakan_teks(const char* nilai, int mode_dinamis);
      |             ^~~~~~~~~~~~~
../core_c/enki_interpreter.c:1579:25: error: too few arguments to function ‘hancurkan_objek’; expected 2, have 1
 1579 |             if (target) hancurkan_objek(target);
      |                         ^~~~~~~~~~~~~~~
../core_c/../core/enki_object.h:47:6: note: declared here
   47 | void hancurkan_objek(EnkiObject* obj, int mode_dinamis);
      |      ^~~~~~~~~~~~~~~
../core_c/enki_interpreter.c:1588:24: error: too few arguments to function ‘ciptakan_kosong’; expected 1, have 0
 1588 |                 return ciptakan_kosong();
      |                        ^~~~~~~~~~~~~~~
../core_c/../core/enki_object.h:44:13: note: declared here
   44 | EnkiObject* ciptakan_kosong(int mode_dinamis);
      |             ^~~~~~~~~~~~~~~
../core_c/enki_interpreter.c:1602:17: error: too few arguments to function ‘hancurkan_objek’; expected 2, have 1
 1602 |                 hancurkan_objek(obj_teks);
      |                 ^~~~~~~~~~~~~~~
../core_c/../core/enki_object.h:47:6: note: declared here
   47 | void hancurkan_objek(EnkiObject* obj, int mode_dinamis);
      |      ^~~~~~~~~~~~~~~
../core_c/enki_interpreter.c:1603:37: error: too few arguments to function ‘ciptakan_teks’; expected 2, have 1
 1603 |                 EnkiObject* hasil = ciptakan_teks(teks);
      |                                     ^~~~~~~~~~~~~
../core_c/../core/enki_object.h:39:13: note: declared here
   39 | EnkiObject* ciptakan_teks(const char* nilai, int mode_dinamis);
      |             ^~~~~~~~~~~~~
../core_c/enki_interpreter.c:1607:27: error: too few arguments to function ‘hancurkan_objek’; expected 2, have 1
 1607 |             if (obj_teks) hancurkan_objek(obj_teks);
      |                           ^~~~~~~~~~~~~~~
../core_c/../core/enki_object.h:47:6: note: declared here
   47 | void hancurkan_objek(EnkiObject* obj, int mode_dinamis);
      |      ^~~~~~~~~~~~~~~
../core_c/enki_interpreter.c:1608:20: error: too few arguments to function ‘ciptakan_kosong’; expected 1, have 0
 1608 |             return ciptakan_kosong();
      |                    ^~~~~~~~~~~~~~~
../core_c/../core/enki_object.h:44:13: note: declared here
   44 | EnkiObject* ciptakan_kosong(int mode_dinamis);
      |             ^~~~~~~~~~~~~~~
../core_c/enki_interpreter.c:1617:24: error: too few arguments to function ‘ciptakan_kosong’; expected 1, have 0
 1617 |                 return ciptakan_kosong();
      |                        ^~~~~~~~~~~~~~~
../core_c/../core/enki_object.h:44:13: note: declared here
   44 | EnkiObject* ciptakan_kosong(int mode_dinamis);
      |             ^~~~~~~~~~~~~~~
../core_c/enki_interpreter.c:1630:37: error: too few arguments to function ‘ciptakan_teks’; expected 2, have 1
 1630 |                 EnkiObject* hasil = ciptakan_teks(teks_terbalik);
      |                                     ^~~~~~~~~~~~~
../core_c/../core/enki_object.h:39:13: note: declared here
   39 | EnkiObject* ciptakan_teks(const char* nilai, int mode_dinamis);
      |             ^~~~~~~~~~~~~
../core_c/enki_interpreter.c:1632:17: error: too few arguments to function ‘hancurkan_objek’; expected 2, have 1
 1632 |                 hancurkan_objek(obj_arg);
      |                 ^~~~~~~~~~~~~~~
../core_c/../core/enki_object.h:47:6: note: declared here
   47 | void hancurkan_objek(EnkiObject* obj, int mode_dinamis);
      |      ^~~~~~~~~~~~~~~
../core_c/enki_interpreter.c:1636:26: error: too few arguments to function ‘hancurkan_objek’; expected 2, have 1
 1636 |             if (obj_arg) hancurkan_objek(obj_arg);
      |                          ^~~~~~~~~~~~~~~
../core_c/../core/enki_object.h:47:6: note: declared here
   47 | void hancurkan_objek(EnkiObject* obj, int mode_dinamis);
      |      ^~~~~~~~~~~~~~~
../core_c/enki_interpreter.c:1637:20: error: too few arguments to function ‘ciptakan_kosong’; expected 1, have 0
 1637 |             return ciptakan_kosong();
      |                    ^~~~~~~~~~~~~~~
../core_c/../core/enki_object.h:44:13: note: declared here
   44 | EnkiObject* ciptakan_kosong(int mode_dinamis);
      |             ^~~~~~~~~~~~~~~
../core_c/enki_interpreter.c:1645:162: error: too few arguments to function ‘ciptakan_kosong’; expected 1, have 0
 1645 |             if (node->jumlah_anak < 1) { pemicu_kiamat_presisi(node, ram, "Fungsi ke_hex() butuh angka!", "Contoh: ke_hex(255) atau ke_hex(\"0b1111\")"); return ciptakan_kosong(); }
      |                                                                                                                                                                  ^~~~~~~~~~~~~~~
../core_c/../core/enki_object.h:44:13: note: declared here
   44 | EnkiObject* ciptakan_kosong(int mode_dinamis);
      |             ^~~~~~~~~~~~~~~
../core_c/enki_interpreter.c:1649:22: error: too few arguments to function ‘hancurkan_objek’; expected 2, have 1
 1649 |             if (arg) hancurkan_objek(arg);
      |                      ^~~~~~~~~~~~~~~
../core_c/../core/enki_object.h:47:6: note: declared here
   47 | void hancurkan_objek(EnkiObject* obj, int mode_dinamis);
      |      ^~~~~~~~~~~~~~~
../core_c/enki_interpreter.c:1652:20: error: too few arguments to function ‘ciptakan_teks’; expected 2, have 1
 1652 |             return ciptakan_teks(buffer);
      |                    ^~~~~~~~~~~~~
../core_c/../core/enki_object.h:39:13: note: declared here
   39 | EnkiObject* ciptakan_teks(const char* nilai, int mode_dinamis);
      |             ^~~~~~~~~~~~~
../core_c/enki_interpreter.c:1655:140: error: too few arguments to function ‘ciptakan_kosong’; expected 1, have 0
 1655 |             if (node->jumlah_anak < 1) { pemicu_kiamat_presisi(node, ram, "Fungsi ke_oktal() butuh angka!", "Contoh: ke_oktal(8)"); return ciptakan_kosong(); }
      |                                                                                                                                            ^~~~~~~~~~~~~~~
../core_c/../core/enki_object.h:44:13: note: declared here
   44 | EnkiObject* ciptakan_kosong(int mode_dinamis);
      |             ^~~~~~~~~~~~~~~
../core_c/enki_interpreter.c:1659:22: error: too few arguments to function ‘hancurkan_objek’; expected 2, have 1
 1659 |             if (arg) hancurkan_objek(arg);
      |                      ^~~~~~~~~~~~~~~
../core_c/../core/enki_object.h:47:6: note: declared here
   47 | void hancurkan_objek(EnkiObject* obj, int mode_dinamis);
      |      ^~~~~~~~~~~~~~~
../core_c/enki_interpreter.c:1662:20: error: too few arguments to function ‘ciptakan_teks’; expected 2, have 1
 1662 |             return ciptakan_teks(buffer);
      |                    ^~~~~~~~~~~~~
../core_c/../core/enki_object.h:39:13: note: declared here
   39 | EnkiObject* ciptakan_teks(const char* nilai, int mode_dinamis);
      |             ^~~~~~~~~~~~~
../core_c/enki_interpreter.c:1665:153: error: too few arguments to function ‘ciptakan_kosong’; expected 1, have 0
 1665 |             if (node->jumlah_anak < 1) { pemicu_kiamat_presisi(node, ram, "Fungsi ke_desimal() butuh argumen!", "Contoh: ke_desimal(\"0xFF\")"); return ciptakan_kosong(); }
      |                                                                                                                                                         ^~~~~~~~~~~~~~~
../core_c/../core/enki_object.h:44:13: note: declared here
   44 | EnkiObject* ciptakan_kosong(int mode_dinamis);
      |             ^~~~~~~~~~~~~~~
../core_c/enki_interpreter.c:1669:22: error: too few arguments to function ‘hancurkan_objek’; expected 2, have 1
 1669 |             if (arg) hancurkan_objek(arg);
      |                      ^~~~~~~~~~~~~~~
../core_c/../core/enki_object.h:47:6: note: declared here
   47 | void hancurkan_objek(EnkiObject* obj, int mode_dinamis);
      |      ^~~~~~~~~~~~~~~
../core_c/enki_interpreter.c:1671:20: error: too few arguments to function ‘ciptakan_angka’; expected 2, have 1
 1671 |             return ciptakan_angka((double)angka); // 🟢 Langsung jadi angka murni!
      |                    ^~~~~~~~~~~~~~
../core_c/../core/enki_object.h:38:13: note: declared here
   38 | EnkiObject* ciptakan_angka(double nilai, int mode_dinamis);
      |             ^~~~~~~~~~~~~~
../core_c/enki_interpreter.c:1674:141: error: too few arguments to function ‘ciptakan_kosong’; expected 1, have 0
 1674 |             if (node->jumlah_anak < 1) { pemicu_kiamat_presisi(node, ram, "Fungsi ke_biner() butuh angka!", "Contoh: ke_biner(10)"); return ciptakan_kosong(); }
      |                                                                                                                                             ^~~~~~~~~~~~~~~
../core_c/../core/enki_object.h:44:13: note: declared here
   44 | EnkiObject* ciptakan_kosong(int mode_dinamis);
      |             ^~~~~~~~~~~~~~~
../core_c/enki_interpreter.c:1678:22: error: too few arguments to function ‘hancurkan_objek’; expected 2, have 1
 1678 |             if (arg) hancurkan_objek(arg);
      |                      ^~~~~~~~~~~~~~~
../core_c/../core/enki_object.h:47:6: note: declared here
   47 | void hancurkan_objek(EnkiObject* obj, int mode_dinamis);
      |      ^~~~~~~~~~~~~~~
../core_c/enki_interpreter.c:1688:20: error: too few arguments to function ‘ciptakan_teks’; expected 2, have 1
 1688 |             return ciptakan_teks(buffer);
      |                    ^~~~~~~~~~~~~
../core_c/../core/enki_object.h:39:13: note: declared here
   39 | EnkiObject* ciptakan_teks(const char* nilai, int mode_dinamis);
      |             ^~~~~~~~~~~~~
../core_c/enki_interpreter.c:1693:143: error: too few arguments to function ‘ciptakan_kosong’; expected 1, have 0
 1693 |             if (node->jumlah_anak < 1) { pemicu_kiamat_presisi(node, ram, "Fungsi bulatkan() butuh angka!", "Contoh: bulatkan(3.14)"); return ciptakan_kosong(); }
      |                                                                                                                                               ^~~~~~~~~~~~~~~
../core_c/../core/enki_object.h:44:13: note: declared here
   44 | EnkiObject* ciptakan_kosong(int mode_dinamis);
      |             ^~~~~~~~~~~~~~~
../core_c/enki_interpreter.c:1696:22: error: too few arguments to function ‘hancurkan_objek’; expected 2, have 1
 1696 |             if (arg) hancurkan_objek(arg);
      |                      ^~~~~~~~~~~~~~~
../core_c/../core/enki_object.h:47:6: note: declared here
   47 | void hancurkan_objek(EnkiObject* obj, int mode_dinamis);
      |      ^~~~~~~~~~~~~~~
../core_c/enki_interpreter.c:1700:20: error: too few arguments to function ‘ciptakan_angka’; expected 2, have 1
 1700 |             return ciptakan_angka(round(angka));
      |                    ^~~~~~~~~~~~~~
../core_c/../core/enki_object.h:38:13: note: declared here
   38 | EnkiObject* ciptakan_angka(double nilai, int mode_dinamis);
      |             ^~~~~~~~~~~~~~
../core_c/enki_interpreter.c:1705:147: error: too few arguments to function ‘ciptakan_kosong’; expected 1, have 0
 1705 |             if (node->jumlah_anak < 1) { pemicu_kiamat_presisi(node, ram, "Fungsi ke_ascii() butuh karakter!", "Contoh: ke_ascii(\"A\")"); return ciptakan_kosong(); }
      |                                                                                                                                                   ^~~~~~~~~~~~~~~
../core_c/../core/enki_object.h:44:13: note: declared here
   44 | EnkiObject* ciptakan_kosong(int mode_dinamis);
      |             ^~~~~~~~~~~~~~~
../core_c/enki_interpreter.c:1711:22: error: too few arguments to function ‘hancurkan_objek’; expected 2, have 1
 1711 |             if (arg) hancurkan_objek(arg);
      |                      ^~~~~~~~~~~~~~~
../core_c/../core/enki_object.h:47:6: note: declared here
   47 | void hancurkan_objek(EnkiObject* obj, int mode_dinamis);
      |      ^~~~~~~~~~~~~~~
../core_c/enki_interpreter.c:1712:20: error: too few arguments to function ‘ciptakan_angka’; expected 2, have 1
 1712 |             return ciptakan_angka(nilai_ascii);
      |                    ^~~~~~~~~~~~~~
../core_c/../core/enki_object.h:38:13: note: declared here
   38 | EnkiObject* ciptakan_angka(double nilai, int mode_dinamis);
      |             ^~~~~~~~~~~~~~
../core_c/enki_interpreter.c:1715:170: error: too few arguments to function ‘ciptakan_kosong’; expected 1, have 0
 1715 |             if (node->jumlah_anak < 1) { pemicu_kiamat_presisi(node, ram, "Fungsi dari_ascii() butuh kode!", "Contoh: dari_ascii(65) atau dari_ascii(\"0x41\")"); return ciptakan_kosong(); }
      |                                                                                                                                                                          ^~~~~~~~~~~~~~~
../core_c/../core/enki_object.h:44:13: note: declared here
   44 | EnkiObject* ciptakan_kosong(int mode_dinamis);
      |             ^~~~~~~~~~~~~~~
../core_c/enki_interpreter.c:1718:22: error: too few arguments to function ‘hancurkan_objek’; expected 2, have 1
 1718 |             if (arg) hancurkan_objek(arg);
      |                      ^~~~~~~~~~~~~~~
../core_c/../core/enki_object.h:47:6: note: declared here
   47 | void hancurkan_objek(EnkiObject* obj, int mode_dinamis);
      |      ^~~~~~~~~~~~~~~
../core_c/enki_interpreter.c:1721:20: error: too few arguments to function ‘ciptakan_teks’; expected 2, have 1
 1721 |             return ciptakan_teks(buffer);
      |                    ^~~~~~~~~~~~~
../core_c/../core/enki_object.h:39:13: note: declared here
   39 | EnkiObject* ciptakan_teks(const char* nilai, int mode_dinamis);
      |             ^~~~~~~~~~~~~
../core_c/enki_interpreter.c:1729:24: error: too few arguments to function ‘ciptakan_angka’; expected 2, have 1
 1729 |                 return ciptakan_angka(0);
      |                        ^~~~~~~~~~~~~~
../core_c/../core/enki_object.h:38:13: note: declared here
   38 | EnkiObject* ciptakan_angka(double nilai, int mode_dinamis);
      |             ^~~~~~~~~~~~~~
../core_c/enki_interpreter.c:1758:27: error: too few arguments to function ‘hancurkan_objek’; expected 2, have 1
 1758 |             if (obj_teks) hancurkan_objek(obj_teks);
      |                           ^~~~~~~~~~~~~~~
../core_c/../core/enki_object.h:47:6: note: declared here
   47 | void hancurkan_objek(EnkiObject* obj, int mode_dinamis);
      |      ^~~~~~~~~~~~~~~
../core_c/enki_interpreter.c:1759:27: error: too few arguments to function ‘hancurkan_objek’; expected 2, have 1
 1759 |             if (obj_pola) hancurkan_objek(obj_pola);
      |                           ^~~~~~~~~~~~~~~
../core_c/../core/enki_object.h:47:6: note: declared here
   47 | void hancurkan_objek(EnkiObject* obj, int mode_dinamis);
      |      ^~~~~~~~~~~~~~~
../core_c/enki_interpreter.c:1760:20: error: too few arguments to function ‘ciptakan_angka’; expected 2, have 1
 1760 |             return ciptakan_angka((double)hasil_akhir);
      |                    ^~~~~~~~~~~~~~
../core_c/../core/enki_object.h:38:13: note: declared here
   38 | EnkiObject* ciptakan_angka(double nilai, int mode_dinamis);
      |             ^~~~~~~~~~~~~~
../core_c/enki_interpreter.c:1783:27: error: too few arguments to function ‘hancurkan_objek’; expected 2, have 1
 1783 |             if (obj_kode) hancurkan_objek(obj_kode);
      |                           ^~~~~~~~~~~~~~~
../core_c/../core/enki_object.h:47:6: note: declared here
   47 | void hancurkan_objek(EnkiObject* obj, int mode_dinamis);
      |      ^~~~~~~~~~~~~~~
../core_c/enki_interpreter.c:1794:24: error: too few arguments to function ‘ciptakan_kosong’; expected 1, have 0
 1794 |                 return ciptakan_kosong();
      |                        ^~~~~~~~~~~~~~~
../core_c/../core/enki_object.h:44:13: note: declared here
   44 | EnkiObject* ciptakan_kosong(int mode_dinamis);
      |             ^~~~~~~~~~~~~~~
../core_c/enki_interpreter.c:1798:33: error: too few arguments to function ‘ciptakan_teks’; expected 2, have 1
 1798 |             EnkiObject* hasil = ciptakan_teks(input);
      |                                 ^~~~~~~~~~~~~
../core_c/../core/enki_object.h:39:13: note: declared here
   39 | EnkiObject* ciptakan_teks(const char* nilai, int mode_dinamis);
      |             ^~~~~~~~~~~~~
../core_c/enki_interpreter.c:1810:24: error: too few arguments to function ‘ciptakan_kosong’; expected 1, have 0
 1810 |                 return ciptakan_kosong();
      |                        ^~~~~~~~~~~~~~~
../core_c/../core/enki_object.h:44:13: note: declared here
   44 | EnkiObject* ciptakan_kosong(int mode_dinamis);
      |             ^~~~~~~~~~~~~~~
../core_c/enki_interpreter.c:1817:28: error: too few arguments to function ‘hancurkan_objek’; expected 2, have 1
 1817 |             if (obj_pesan) hancurkan_objek(obj_pesan);
      |                            ^~~~~~~~~~~~~~~
../core_c/../core/enki_object.h:47:6: note: declared here
   47 | void hancurkan_objek(EnkiObject* obj, int mode_dinamis);
      |      ^~~~~~~~~~~~~~~
../core_c/enki_interpreter.c:1818:33: error: too few arguments to function ‘ciptakan_teks’; expected 2, have 1
 1818 |             EnkiObject* hasil = ciptakan_teks(input);
      |                                 ^~~~~~~~~~~~~
../core_c/../core/enki_object.h:39:13: note: declared here
   39 | EnkiObject* ciptakan_teks(const char* nilai, int mode_dinamis);
      |             ^~~~~~~~~~~~~
../core_c/enki_interpreter.c:1843:28: error: too few arguments to function ‘hancurkan_objek’; expected 2, have 1
 1843 |             if (obj_pesan) hancurkan_objek(obj_pesan);
      |                            ^~~~~~~~~~~~~~~
../core_c/../core/enki_object.h:47:6: note: declared here
   47 | void hancurkan_objek(EnkiObject* obj, int mode_dinamis);
      |      ^~~~~~~~~~~~~~~
../core_c/enki_interpreter.c:1844:33: error: too few arguments to function ‘ciptakan_teks’; expected 2, have 1
 1844 |             EnkiObject* hasil = ciptakan_teks(hasil_bisik);
      |                                 ^~~~~~~~~~~~~
../core_c/../core/enki_object.h:39:13: note: declared here
   39 | EnkiObject* ciptakan_teks(const char* nilai, int mode_dinamis);
      |             ^~~~~~~~~~~~~
../core_c/enki_interpreter.c:1853:47: error: too few arguments to function ‘ciptakan_kosong’; expected 1, have 0
 1853 |             if (node->jumlah_anak < 1) return ciptakan_kosong();
      |                                               ^~~~~~~~~~~~~~~
../core_c/../core/enki_object.h:44:13: note: declared here
   44 | EnkiObject* ciptakan_kosong(int mode_dinamis);
      |             ^~~~~~~~~~~~~~~
../core_c/enki_interpreter.c:1856:33: error: too few arguments to function ‘ciptakan_kosong’; expected 1, have 0
 1856 |             EnkiObject* hasil = ciptakan_kosong();
      |                                 ^~~~~~~~~~~~~~~
../core_c/../core/enki_object.h:44:13: note: declared here
   44 | EnkiObject* ciptakan_kosong(int mode_dinamis);
      |             ^~~~~~~~~~~~~~~
../core_c/enki_interpreter.c:1871:33: error: too few arguments to function ‘ciptakan_salinan_objek’; expected 2, have 1
 1871 |                         hasil = ciptakan_salinan_objek(ram->kavling[i].objek);
      |                                 ^~~~~~~~~~~~~~~~~~~~~~
../core_c/../core/enki_object.h:43:13: note: declared here
   43 | EnkiObject* ciptakan_salinan_objek(EnkiObject* sumber, int mode_dinamis);
      |             ^~~~~~~~~~~~~~~~~~~~~~
../core_c/enki_interpreter.c:1884:28: error: too few arguments to function ‘hancurkan_objek’; expected 2, have 1
 1884 |             if (obj_kunci) hancurkan_objek(obj_kunci);
      |                            ^~~~~~~~~~~~~~~
../core_c/../core/enki_object.h:47:6: note: declared here
   47 | void hancurkan_objek(EnkiObject* obj, int mode_dinamis);
      |      ^~~~~~~~~~~~~~~
../core_c/enki_interpreter.c:1897:24: error: too few arguments to function ‘ciptakan_kosong’; expected 1, have 0
 1897 |                 return ciptakan_kosong();
      |                        ^~~~~~~~~~~~~~~
../core_c/../core/enki_object.h:44:13: note: declared here
   44 | EnkiObject* ciptakan_kosong(int mode_dinamis);
      |             ^~~~~~~~~~~~~~~
../core_c/enki_interpreter.c:1918:47: error: too few arguments to function ‘ciptakan_teks’; expected 2, have 1
 1918 |                     EnkiObject* hasil_akhir = ciptakan_teks(respon_mentah);
      |                                               ^~~~~~~~~~~~~
../core_c/../core/enki_object.h:39:13: note: declared here
   39 | EnkiObject* ciptakan_teks(const char* nilai, int mode_dinamis);
      |             ^~~~~~~~~~~~~
../core_c/enki_interpreter.c:1923:21: error: too few arguments to function ‘hancurkan_objek’; expected 2, have 1
 1923 |                     hancurkan_objek(obj_tautan);
      |                     ^~~~~~~~~~~~~~~
../core_c/../core/enki_object.h:47:6: note: declared here
   47 | void hancurkan_objek(EnkiObject* obj, int mode_dinamis);
      |      ^~~~~~~~~~~~~~~
../core_c/enki_interpreter.c:1934:29: error: too few arguments to function ‘hancurkan_objek’; expected 2, have 1
 1934 |             if (obj_tautan) hancurkan_objek(obj_tautan);
      |                             ^~~~~~~~~~~~~~~
../core_c/../core/enki_object.h:47:6: note: declared here
   47 | void hancurkan_objek(EnkiObject* obj, int mode_dinamis);
      |      ^~~~~~~~~~~~~~~
../core_c/enki_interpreter.c:1935:20: error: too few arguments to function ‘ciptakan_kosong’; expected 1, have 0
 1935 |             return ciptakan_kosong();
      |                    ^~~~~~~~~~~~~~~
../core_c/../core/enki_object.h:44:13: note: declared here
   44 | EnkiObject* ciptakan_kosong(int mode_dinamis);
      |             ^~~~~~~~~~~~~~~
../core_c/enki_interpreter.c:1944:24: error: too few arguments to function ‘ciptakan_kosong’; expected 1, have 0
 1944 |                 return ciptakan_kosong();
      |                        ^~~~~~~~~~~~~~~
../core_c/../core/enki_object.h:44:13: note: declared here
   44 | EnkiObject* ciptakan_kosong(int mode_dinamis);
      |             ^~~~~~~~~~~~~~~
../core_c/enki_interpreter.c:1967:51: error: too few arguments to function ‘ciptakan_teks’; expected 2, have 1
 1967 |                         EnkiObject* hasil_akhir = ciptakan_teks(respon_mentah);
      |                                                   ^~~~~~~~~~~~~
../core_c/../core/enki_object.h:39:13: note: declared here
   39 | EnkiObject* ciptakan_teks(const char* nilai, int mode_dinamis);
      |             ^~~~~~~~~~~~~
../core_c/enki_interpreter.c:1971:25: error: too few arguments to function ‘hancurkan_objek’; expected 2, have 1
 1971 |                         hancurkan_objek(obj_tautan);
      |                         ^~~~~~~~~~~~~~~
../core_c/../core/enki_object.h:47:6: note: declared here
   47 | void hancurkan_objek(EnkiObject* obj, int mode_dinamis);
      |      ^~~~~~~~~~~~~~~
../core_c/enki_interpreter.c:1972:25: error: too few arguments to function ‘hancurkan_objek’; expected 2, have 1
 1972 |                         hancurkan_objek(obj_data);
      |                         ^~~~~~~~~~~~~~~
../core_c/../core/enki_object.h:47:6: note: declared here
   47 | void hancurkan_objek(EnkiObject* obj, int mode_dinamis);
      |      ^~~~~~~~~~~~~~~
../core_c/enki_interpreter.c:1986:29: error: too few arguments to function ‘hancurkan_objek’; expected 2, have 1
 1986 |             if (obj_tautan) hancurkan_objek(obj_tautan);
      |                             ^~~~~~~~~~~~~~~
../core_c/../core/enki_object.h:47:6: note: declared here
   47 | void hancurkan_objek(EnkiObject* obj, int mode_dinamis);
      |      ^~~~~~~~~~~~~~~
../core_c/enki_interpreter.c:1987:27: error: too few arguments to function ‘hancurkan_objek’; expected 2, have 1
 1987 |             if (obj_data) hancurkan_objek(obj_data);
      |                           ^~~~~~~~~~~~~~~
../core_c/../core/enki_object.h:47:6: note: declared here
   47 | void hancurkan_objek(EnkiObject* obj, int mode_dinamis);
      |      ^~~~~~~~~~~~~~~
../core_c/enki_interpreter.c:1988:20: error: too few arguments to function ‘ciptakan_kosong’; expected 1, have 0
 1988 |             return ciptakan_kosong();
      |                    ^~~~~~~~~~~~~~~
../core_c/../core/enki_object.h:44:13: note: declared here
   44 | EnkiObject* ciptakan_kosong(int mode_dinamis);
      |             ^~~~~~~~~~~~~~~
../core_c/enki_interpreter.c:1995:47: error: too few arguments to function ‘ciptakan_kosong’; expected 1, have 0
 1995 |             if (node->jumlah_anak < 3) return ciptakan_kosong();
      |                                               ^~~~~~~~~~~~~~~
../core_c/../core/enki_object.h:44:13: note: declared here
   44 | EnkiObject* ciptakan_kosong(int mode_dinamis);
      |             ^~~~~~~~~~~~~~~
../core_c/enki_interpreter.c:2007:25: error: too few arguments to function ‘hancurkan_objek’; expected 2, have 1
 2007 |                         hancurkan_objek(obj_target->nilai.objek_peta.konten[i]);
      |                         ^~~~~~~~~~~~~~~
../core_c/../core/enki_object.h:47:6: note: declared here
   47 | void hancurkan_objek(EnkiObject* obj, int mode_dinamis);
      |      ^~~~~~~~~~~~~~~
../core_c/enki_interpreter.c:2008:66: error: too few arguments to function ‘ciptakan_salinan_objek’; expected 2, have 1
 2008 |                         obj_target->nilai.objek_peta.konten[i] = ciptakan_salinan_objek(elemen_baru);
      |                                                                  ^~~~~~~~~~~~~~~~~~~~~~
../core_c/../core/enki_object.h:43:13: note: declared here
   43 | EnkiObject* ciptakan_salinan_objek(EnkiObject* sumber, int mode_dinamis);
      |             ^~~~~~~~~~~~~~~~~~~~~~
../core_c/enki_interpreter.c:2016:79: error: too few arguments to function ‘ciptakan_salinan_objek’; expected 2, have 1
 2016 |                     obj_target->nilai.objek_peta.kunci[obj_target->panjang] = ciptakan_salinan_objek(obj_kunci);
      |                                                                               ^~~~~~~~~~~~~~~~~~~~~~
../core_c/../core/enki_object.h:43:13: note: declared here
   43 | EnkiObject* ciptakan_salinan_objek(EnkiObject* sumber, int mode_dinamis);
      |             ^~~~~~~~~~~~~~~~~~~~~~
../core_c/enki_interpreter.c:2017:80: error: too few arguments to function ‘ciptakan_salinan_objek’; expected 2, have 1
 2017 |                     obj_target->nilai.objek_peta.konten[obj_target->panjang] = ciptakan_salinan_objek(elemen_baru);
      |                                                                                ^~~~~~~~~~~~~~~~~~~~~~
../core_c/../core/enki_object.h:43:13: note: declared here
   43 | EnkiObject* ciptakan_salinan_objek(EnkiObject* sumber, int mode_dinamis);
      |             ^~~~~~~~~~~~~~~~~~~~~~
../core_c/enki_interpreter.c:2024:28: error: too few arguments to function ‘hancurkan_objek’; expected 2, have 1
 2024 |             if (obj_kunci) hancurkan_objek(obj_kunci);
      |                            ^~~~~~~~~~~~~~~
../core_c/../core/enki_object.h:47:6: note: declared here
   47 | void hancurkan_objek(EnkiObject* obj, int mode_dinamis);
      |      ^~~~~~~~~~~~~~~
../core_c/enki_interpreter.c:2025:30: error: too few arguments to function ‘hancurkan_objek’; expected 2, have 1
 2025 |             if (elemen_baru) hancurkan_objek(elemen_baru);
      |                              ^~~~~~~~~~~~~~~
../core_c/../core/enki_object.h:47:6: note: declared here
   47 | void hancurkan_objek(EnkiObject* obj, int mode_dinamis);
      |      ^~~~~~~~~~~~~~~
../core_c/enki_interpreter.c:2026:20: error: too few arguments to function ‘ciptakan_kosong’; expected 1, have 0
 2026 |             return ciptakan_kosong();
      |                    ^~~~~~~~~~~~~~~
../core_c/../core/enki_object.h:44:13: note: declared here
   44 | EnkiObject* ciptakan_kosong(int mode_dinamis);
      |             ^~~~~~~~~~~~~~~
../core_c/enki_interpreter.c:2033:150: error: too few arguments to function ‘ciptakan_kosong’; expected 1, have 0
 2033 |             if (ram->status_array_statis == 0) { pemicu_kiamat_presisi(node, ram, "Sihir Statis Tertidur!", "Gunakan 'untuk array.statis'."); return ciptakan_kosong(); }
      |                                                                                                                                                      ^~~~~~~~~~~~~~~
../core_c/../core/enki_object.h:44:13: note: declared here
   44 | EnkiObject* ciptakan_kosong(int mode_dinamis);
      |             ^~~~~~~~~~~~~~~
../core_c/enki_interpreter.c:2035:20: error: too few arguments to function ‘ciptakan_kosong’; expected 1, have 0
 2035 |             return ciptakan_kosong();
      |                    ^~~~~~~~~~~~~~~
../core_c/../core/enki_object.h:44:13: note: declared here
   44 | EnkiObject* ciptakan_kosong(int mode_dinamis);
      |             ^~~~~~~~~~~~~~~
../core_c/enki_interpreter.c:2048:24: error: too few arguments to function ‘ciptakan_kosong’; expected 1, have 0
 2048 |                 return ciptakan_kosong();
      |                        ^~~~~~~~~~~~~~~
../core_c/../core/enki_object.h:44:13: note: declared here
   44 | EnkiObject* ciptakan_kosong(int mode_dinamis);
      |             ^~~~~~~~~~~~~~~
../core_c/enki_interpreter.c:2064:27: error: too few arguments to function ‘hancurkan_objek’; expected 2, have 1
 2064 |             if (obj_kode) hancurkan_objek(obj_kode);
      |                           ^~~~~~~~~~~~~~~
../core_c/../core/enki_object.h:47:6: note: declared here
   47 | void hancurkan_objek(EnkiObject* obj, int mode_dinamis);
      |      ^~~~~~~~~~~~~~~
../core_c/enki_interpreter.c:2065:20: error: too few arguments to function ‘ciptakan_kosong’; expected 1, have 0
 2065 |             return ciptakan_kosong();
      |                    ^~~~~~~~~~~~~~~
../core_c/../core/enki_object.h:44:13: note: declared here
   44 | EnkiObject* ciptakan_kosong(int mode_dinamis);
      |             ^~~~~~~~~~~~~~~
../core_c/enki_interpreter.c:2075:24: error: too few arguments to function ‘ciptakan_kosong’; expected 1, have 0
 2075 |                 return ciptakan_kosong();
      |                        ^~~~~~~~~~~~~~~
../core_c/../core/enki_object.h:44:13: note: declared here
   44 | EnkiObject* ciptakan_kosong(int mode_dinamis);
      |             ^~~~~~~~~~~~~~~
../core_c/enki_interpreter.c:2081:37: error: too few arguments to function ‘ciptakan_teks’; expected 2, have 1
 2081 |                 EnkiObject* hasil = ciptakan_teks(output ? output : "");
      |                                     ^~~~~~~~~~~~~
../core_c/../core/enki_object.h:39:13: note: declared here
   39 | EnkiObject* ciptakan_teks(const char* nilai, int mode_dinamis);
      |             ^~~~~~~~~~~~~
../core_c/enki_interpreter.c:2083:17: error: too few arguments to function ‘hancurkan_objek’; expected 2, have 1
 2083 |                 hancurkan_objek(obj_arg);
      |                 ^~~~~~~~~~~~~~~
../core_c/../core/enki_object.h:47:6: note: declared here
   47 | void hancurkan_objek(EnkiObject* obj, int mode_dinamis);
      |      ^~~~~~~~~~~~~~~
../core_c/enki_interpreter.c:2086:26: error: too few arguments to function ‘hancurkan_objek’; expected 2, have 1
 2086 |             if (obj_arg) hancurkan_objek(obj_arg);
      |                          ^~~~~~~~~~~~~~~
../core_c/../core/enki_object.h:47:6: note: declared here
   47 | void hancurkan_objek(EnkiObject* obj, int mode_dinamis);
      |      ^~~~~~~~~~~~~~~
../core_c/enki_interpreter.c:2087:20: error: too few arguments to function ‘ciptakan_kosong’; expected 1, have 0
 2087 |             return ciptakan_kosong();
      |                    ^~~~~~~~~~~~~~~
../core_c/../core/enki_object.h:44:13: note: declared here
   44 | EnkiObject* ciptakan_kosong(int mode_dinamis);
      |             ^~~~~~~~~~~~~~~
../core_c/enki_interpreter.c:2098:24: error: too few arguments to function ‘ciptakan_kosong’; expected 1, have 0
 2098 |                 return ciptakan_kosong();
      |                        ^~~~~~~~~~~~~~~
../core_c/../core/enki_object.h:44:13: note: declared here
   44 | EnkiObject* ciptakan_kosong(int mode_dinamis);
      |             ^~~~~~~~~~~~~~~
../core_c/enki_interpreter.c:2107:45: error: too few arguments to function ‘ciptakan_teks’; expected 2, have 1
 2107 |                 EnkiObject* obj_kembalian = ciptakan_teks(hasil_hash);
      |                                             ^~~~~~~~~~~~~
../core_c/../core/enki_object.h:39:13: note: declared here
   39 | EnkiObject* ciptakan_teks(const char* nilai, int mode_dinamis);
      |             ^~~~~~~~~~~~~
../core_c/enki_interpreter.c:2109:17: error: too few arguments to function ‘hancurkan_objek’; expected 2, have 1
 2109 |                 hancurkan_objek(arg_teks);
      |                 ^~~~~~~~~~~~~~~
../core_c/../core/enki_object.h:47:6: note: declared here
   47 | void hancurkan_objek(EnkiObject* obj, int mode_dinamis);
      |      ^~~~~~~~~~~~~~~
../core_c/enki_interpreter.c:2114:27: error: too few arguments to function ‘hancurkan_objek’; expected 2, have 1
 2114 |             if (arg_teks) hancurkan_objek(arg_teks);
      |                           ^~~~~~~~~~~~~~~
../core_c/../core/enki_object.h:47:6: note: declared here
   47 | void hancurkan_objek(EnkiObject* obj, int mode_dinamis);
      |      ^~~~~~~~~~~~~~~
../core_c/enki_interpreter.c:2115:20: error: too few arguments to function ‘ciptakan_kosong’; expected 1, have 0
 2115 |             return ciptakan_kosong();
      |                    ^~~~~~~~~~~~~~~
../core_c/../core/enki_object.h:44:13: note: declared here
   44 | EnkiObject* ciptakan_kosong(int mode_dinamis);
      |             ^~~~~~~~~~~~~~~
../core_c/enki_interpreter.c:2124:24: error: too few arguments to function ‘ciptakan_kosong’; expected 1, have 0
 2124 |                 return ciptakan_kosong();
      |                        ^~~~~~~~~~~~~~~
../core_c/../core/enki_object.h:44:13: note: declared here
   44 | EnkiObject* ciptakan_kosong(int mode_dinamis);
      |             ^~~~~~~~~~~~~~~
../core_c/enki_interpreter.c:2131:37: error: too few arguments to function ‘ciptakan_kosong’; expected 1, have 0
 2131 |                 EnkiObject* hasil = ciptakan_kosong();
      |                                     ^~~~~~~~~~~~~~~
../core_c/../core/enki_object.h:44:13: note: declared here
   44 | EnkiObject* ciptakan_kosong(int mode_dinamis);
      |             ^~~~~~~~~~~~~~~
../core_c/enki_interpreter.c:2144:29: error: too few arguments to function ‘ciptakan_teks’; expected 2, have 1
 2144 |                     hasil = ciptakan_teks(b64_mentah);
      |                             ^~~~~~~~~~~~~
../core_c/../core/enki_object.h:39:13: note: declared here
   39 | EnkiObject* ciptakan_teks(const char* nilai, int mode_dinamis);
      |             ^~~~~~~~~~~~~
../core_c/enki_interpreter.c:2162:33: error: too few arguments to function ‘ciptakan_teks’; expected 2, have 1
 2162 |                         hasil = ciptakan_teks(teks_pulih);
      |                                 ^~~~~~~~~~~~~
../core_c/../core/enki_object.h:39:13: note: declared here
   39 | EnkiObject* ciptakan_teks(const char* nilai, int mode_dinamis);
      |             ^~~~~~~~~~~~~
../core_c/enki_interpreter.c:2167:17: error: too few arguments to function ‘hancurkan_objek’; expected 2, have 1
 2167 |                 hancurkan_objek(obj_teks); hancurkan_objek(obj_kunci);
      |                 ^~~~~~~~~~~~~~~
../core_c/../core/enki_object.h:47:6: note: declared here
   47 | void hancurkan_objek(EnkiObject* obj, int mode_dinamis);
      |      ^~~~~~~~~~~~~~~
../core_c/enki_interpreter.c:2167:44: error: too few arguments to function ‘hancurkan_objek’; expected 2, have 1
 2167 |                 hancurkan_objek(obj_teks); hancurkan_objek(obj_kunci);
      |                                            ^~~~~~~~~~~~~~~
../core_c/../core/enki_object.h:47:6: note: declared here
   47 | void hancurkan_objek(EnkiObject* obj, int mode_dinamis);
      |      ^~~~~~~~~~~~~~~
../core_c/enki_interpreter.c:2170:27: error: too few arguments to function ‘hancurkan_objek’; expected 2, have 1
 2170 |             if (obj_teks) hancurkan_objek(obj_teks);
      |                           ^~~~~~~~~~~~~~~
../core_c/../core/enki_object.h:47:6: note: declared here
   47 | void hancurkan_objek(EnkiObject* obj, int mode_dinamis);
      |      ^~~~~~~~~~~~~~~
../core_c/enki_interpreter.c:2171:28: error: too few arguments to function ‘hancurkan_objek’; expected 2, have 1
 2171 |             if (obj_kunci) hancurkan_objek(obj_kunci);
      |                            ^~~~~~~~~~~~~~~
../core_c/../core/enki_object.h:47:6: note: declared here
   47 | void hancurkan_objek(EnkiObject* obj, int mode_dinamis);
      |      ^~~~~~~~~~~~~~~
../core_c/enki_interpreter.c:2172:20: error: too few arguments to function ‘ciptakan_kosong’; expected 1, have 0
 2172 |             return ciptakan_kosong();
      |                    ^~~~~~~~~~~~~~~
../core_c/../core/enki_object.h:44:13: note: declared here
   44 | EnkiObject* ciptakan_kosong(int mode_dinamis);
      |             ^~~~~~~~~~~~~~~
../core_c/enki_interpreter.c:2184:24: error: too few arguments to function ‘ciptakan_kosong’; expected 1, have 0
 2184 |                 return ciptakan_kosong();
      |                        ^~~~~~~~~~~~~~~
../core_c/../core/enki_object.h:44:13: note: declared here
   44 | EnkiObject* ciptakan_kosong(int mode_dinamis);
      |             ^~~~~~~~~~~~~~~
../core_c/enki_interpreter.c:2227:13: error: too few arguments to function ‘hancurkan_objek’; expected 2, have 1
 2227 |             hancurkan_objek(obj_sumber); hancurkan_objek(obj_kunci); hancurkan_objek(obj_target);
      |             ^~~~~~~~~~~~~~~
../core_c/../core/enki_object.h:47:6: note: declared here
   47 | void hancurkan_objek(EnkiObject* obj, int mode_dinamis);
      |      ^~~~~~~~~~~~~~~
../core_c/enki_interpreter.c:2227:42: error: too few arguments to function ‘hancurkan_objek’; expected 2, have 1
 2227 |             hancurkan_objek(obj_sumber); hancurkan_objek(obj_kunci); hancurkan_objek(obj_target);
      |                                          ^~~~~~~~~~~~~~~
../core_c/../core/enki_object.h:47:6: note: declared here
   47 | void hancurkan_objek(EnkiObject* obj, int mode_dinamis);
      |      ^~~~~~~~~~~~~~~
../core_c/enki_interpreter.c:2227:70: error: too few arguments to function ‘hancurkan_objek’; expected 2, have 1
 2227 |             hancurkan_objek(obj_sumber); hancurkan_objek(obj_kunci); hancurkan_objek(obj_target);
      |                                                                      ^~~~~~~~~~~~~~~
../core_c/../core/enki_object.h:47:6: note: declared here
   47 | void hancurkan_objek(EnkiObject* obj, int mode_dinamis);
      |      ^~~~~~~~~~~~~~~
../core_c/enki_interpreter.c:2228:20: error: too few arguments to function ‘ciptakan_kosong’; expected 1, have 0
 2228 |             return ciptakan_kosong();
      |                    ^~~~~~~~~~~~~~~
../core_c/../core/enki_object.h:44:13: note: declared here
   44 | EnkiObject* ciptakan_kosong(int mode_dinamis);
      |             ^~~~~~~~~~~~~~~
../core_c/enki_interpreter.c:2238:24: error: too few arguments to function ‘ciptakan_kosong’; expected 1, have 0
 2238 |                 return ciptakan_kosong();
      |                        ^~~~~~~~~~~~~~~
../core_c/../core/enki_object.h:44:13: note: declared here
   44 | EnkiObject* ciptakan_kosong(int mode_dinamis);
      |             ^~~~~~~~~~~~~~~
../core_c/enki_interpreter.c:2245:39: error: too few arguments to function ‘ciptakan_kosong’; expected 1, have 0
 2245 |             EnkiObject* hasil_final = ciptakan_kosong();
      |                                       ^~~~~~~~~~~~~~~
../core_c/../core/enki_object.h:44:13: note: declared here
   44 | EnkiObject* ciptakan_kosong(int mode_dinamis);
      |             ^~~~~~~~~~~~~~~
../core_c/enki_interpreter.c:2267:35: error: too few arguments to function ‘ciptakan_teks’; expected 2, have 1
 2267 |                     hasil_final = ciptakan_teks(buffer_hasil);
      |                                   ^~~~~~~~~~~~~
../core_c/../core/enki_object.h:39:13: note: declared here
   39 | EnkiObject* ciptakan_teks(const char* nilai, int mode_dinamis);
      |             ^~~~~~~~~~~~~
../core_c/enki_interpreter.c:2269:35: error: too few arguments to function ‘ciptakan_salinan_objek’; expected 2, have 1
 2269 |                     hasil_final = ciptakan_salinan_objek(obj_sumber);
      |                                   ^~~~~~~~~~~~~~~~~~~~~~
../core_c/../core/enki_object.h:43:13: note: declared here
   43 | EnkiObject* ciptakan_salinan_objek(EnkiObject* sumber, int mode_dinamis);
      |             ^~~~~~~~~~~~~~~~~~~~~~
../core_c/enki_interpreter.c:2274:13: error: too few arguments to function ‘hancurkan_objek’; expected 2, have 1
 2274 |             hancurkan_objek(obj_sumber);
      |             ^~~~~~~~~~~~~~~
../core_c/../core/enki_object.h:47:6: note: declared here
   47 | void hancurkan_objek(EnkiObject* obj, int mode_dinamis);
      |      ^~~~~~~~~~~~~~~
../core_c/enki_interpreter.c:2275:13: error: too few arguments to function ‘hancurkan_objek’; expected 2, have 1
 2275 |             hancurkan_objek(obj_dicari);
      |             ^~~~~~~~~~~~~~~
../core_c/../core/enki_object.h:47:6: note: declared here
   47 | void hancurkan_objek(EnkiObject* obj, int mode_dinamis);
      |      ^~~~~~~~~~~~~~~
../core_c/enki_interpreter.c:2276:13: error: too few arguments to function ‘hancurkan_objek’; expected 2, have 1
 2276 |             hancurkan_objek(obj_ganti);
      |             ^~~~~~~~~~~~~~~
../core_c/../core/enki_object.h:47:6: note: declared here
   47 | void hancurkan_objek(EnkiObject* obj, int mode_dinamis);
      |      ^~~~~~~~~~~~~~~
../core_c/enki_interpreter.c:2287:24: error: too few arguments to function ‘ciptakan_kosong’; expected 1, have 0
 2287 |                 return ciptakan_kosong();
      |                        ^~~~~~~~~~~~~~~
../core_c/../core/enki_object.h:44:13: note: declared here
   44 | EnkiObject* ciptakan_kosong(int mode_dinamis);
      |             ^~~~~~~~~~~~~~~
../core_c/enki_interpreter.c:2304:39: error: too few arguments to function ‘ciptakan_array’; expected 2, have 1
 2304 |             EnkiObject* array_hasil = ciptakan_array(jumlah);
      |                                       ^~~~~~~~~~~~~~
../core_c/../core/enki_object.h:40:13: note: declared here
   40 | EnkiObject* ciptakan_array(int kapasitas, int mode_dinamis);
      |             ^~~~~~~~~~~~~~
../core_c/enki_interpreter.c:2310:58: error: too few arguments to function ‘ciptakan_teks’; expected 2, have 1
 2310 |                 array_hasil->nilai.array_elemen[idx++] = ciptakan_teks(token);
      |                                                          ^~~~~~~~~~~~~
../core_c/../core/enki_object.h:39:13: note: declared here
   39 | EnkiObject* ciptakan_teks(const char* nilai, int mode_dinamis);
      |             ^~~~~~~~~~~~~
../core_c/enki_interpreter.c:2315:27: error: too few arguments to function ‘hancurkan_objek’; expected 2, have 1
 2315 |             if (obj_teks) hancurkan_objek(obj_teks);
      |                           ^~~~~~~~~~~~~~~
../core_c/../core/enki_object.h:47:6: note: declared here
   47 | void hancurkan_objek(EnkiObject* obj, int mode_dinamis);
      |      ^~~~~~~~~~~~~~~
../core_c/enki_interpreter.c:2316:30: error: too few arguments to function ‘hancurkan_objek’; expected 2, have 1
 2316 |             if (obj_pemisah) hancurkan_objek(obj_pemisah);
      |                              ^~~~~~~~~~~~~~~
../core_c/../core/enki_object.h:47:6: note: declared here
   47 | void hancurkan_objek(EnkiObject* obj, int mode_dinamis);
      |      ^~~~~~~~~~~~~~~
../core_c/enki_interpreter.c:2326:24: error: too few arguments to function ‘ciptakan_kosong’; expected 1, have 0
 2326 |                 return ciptakan_kosong();
      |                        ^~~~~~~~~~~~~~~
../core_c/../core/enki_object.h:44:13: note: declared here
   44 | EnkiObject* ciptakan_kosong(int mode_dinamis);
      |             ^~~~~~~~~~~~~~~
../core_c/enki_interpreter.c:2332:33: error: too few arguments to function ‘ciptakan_kosong’; expected 1, have 0
 2332 |             EnkiObject* hasil = ciptakan_kosong();
      |                                 ^~~~~~~~~~~~~~~
../core_c/../core/enki_object.h:44:13: note: declared here
   44 | EnkiObject* ciptakan_kosong(int mode_dinamis);
      |             ^~~~~~~~~~~~~~~
../core_c/enki_interpreter.c:2339:60: error: too few arguments to function ‘ciptakan_teks’; expected 2, have 1
 2339 |                     if (elemen->tipe == ENKI_TEKS) hasil = ciptakan_teks(elemen->nilai.teks);
      |                                                            ^~~~~~~~~~~~~
../core_c/../core/enki_object.h:39:13: note: declared here
   39 | EnkiObject* ciptakan_teks(const char* nilai, int mode_dinamis);
      |             ^~~~~~~~~~~~~
../core_c/enki_interpreter.c:2340:66: error: too few arguments to function ‘ciptakan_angka’; expected 2, have 1
 2340 |                     else if (elemen->tipe == ENKI_ANGKA) hasil = ciptakan_angka(elemen->nilai.angka);
      |                                                                  ^~~~~~~~~~~~~~
../core_c/../core/enki_object.h:38:13: note: declared here
   38 | EnkiObject* ciptakan_angka(double nilai, int mode_dinamis);
      |             ^~~~~~~~~~~~~~
../core_c/enki_interpreter.c:2346:28: error: too few arguments to function ‘hancurkan_objek’; expected 2, have 1
 2346 |             if (obj_array) hancurkan_objek(obj_array);
      |                            ^~~~~~~~~~~~~~~
../core_c/../core/enki_object.h:47:6: note: declared here
   47 | void hancurkan_objek(EnkiObject* obj, int mode_dinamis);
      |      ^~~~~~~~~~~~~~~
../core_c/enki_interpreter.c:2347:28: error: too few arguments to function ‘hancurkan_objek’; expected 2, have 1
 2347 |             if (obj_index) hancurkan_objek(obj_index);
      |                            ^~~~~~~~~~~~~~~
../core_c/../core/enki_object.h:47:6: note: declared here
   47 | void hancurkan_objek(EnkiObject* obj, int mode_dinamis);
      |      ^~~~~~~~~~~~~~~
../core_c/enki_interpreter.c:2357:24: error: too few arguments to function ‘ciptakan_kosong’; expected 1, have 0
 2357 |                 return ciptakan_kosong();
      |                        ^~~~~~~~~~~~~~~
../core_c/../core/enki_object.h:44:13: note: declared here
   44 | EnkiObject* ciptakan_kosong(int mode_dinamis);
      |             ^~~~~~~~~~~~~~~
../core_c/enki_interpreter.c:2379:73: error: too few arguments to function ‘ciptakan_salinan_objek’; expected 2, have 1
 2379 |                     obj_array->nilai.array_elemen[obj_array->panjang] = ciptakan_salinan_objek(elemen_baru);
      |                                                                         ^~~~~~~~~~~~~~~~~~~~~~
../core_c/../core/enki_object.h:43:13: note: declared here
   43 | EnkiObject* ciptakan_salinan_objek(EnkiObject* sumber, int mode_dinamis);
      |             ^~~~~~~~~~~~~~~~~~~~~~
../core_c/enki_interpreter.c:2391:34: error: too few arguments to function ‘hancurkan_objek’; expected 2, have 1
 2391 |                 if (elemen_baru) hancurkan_objek(elemen_baru);
      |                                  ^~~~~~~~~~~~~~~
../core_c/../core/enki_object.h:47:6: note: declared here
   47 | void hancurkan_objek(EnkiObject* obj, int mode_dinamis);
      |      ^~~~~~~~~~~~~~~
../core_c/enki_interpreter.c:2395:20: error: too few arguments to function ‘ciptakan_kosong’; expected 1, have 0
 2395 |             return ciptakan_kosong();
      |                    ^~~~~~~~~~~~~~~
../core_c/../core/enki_object.h:44:13: note: declared here
   44 | EnkiObject* ciptakan_kosong(int mode_dinamis);
      |             ^~~~~~~~~~~~~~~
../core_c/enki_interpreter.c:2404:24: error: too few arguments to function ‘ciptakan_kosong’; expected 1, have 0
 2404 |                 return ciptakan_kosong();
      |                        ^~~~~~~~~~~~~~~
../core_c/../core/enki_object.h:44:13: note: declared here
   44 | EnkiObject* ciptakan_kosong(int mode_dinamis);
      |             ^~~~~~~~~~~~~~~
../core_c/enki_interpreter.c:2412:27: error: too few arguments to function ‘hancurkan_objek’; expected 2, have 1
 2412 |             if (obj_pola) hancurkan_objek(obj_pola);
      |                           ^~~~~~~~~~~~~~~
../core_c/../core/enki_object.h:47:6: note: declared here
   47 | void hancurkan_objek(EnkiObject* obj, int mode_dinamis);
      |      ^~~~~~~~~~~~~~~
../core_c/enki_interpreter.c:2415:33: error: too few arguments to function ‘ciptakan_teks’; expected 2, have 1
 2415 |             EnkiObject* hasil = ciptakan_teks(hasil_mentah);
      |                                 ^~~~~~~~~~~~~
../core_c/../core/enki_object.h:39:13: note: declared here
   39 | EnkiObject* ciptakan_teks(const char* nilai, int mode_dinamis);
      |             ^~~~~~~~~~~~~
../core_c/enki_interpreter.c:2425:24: error: too few arguments to function ‘ciptakan_kosong’; expected 1, have 0
 2425 |                 return ciptakan_kosong();
      |                        ^~~~~~~~~~~~~~~
../core_c/../core/enki_object.h:44:13: note: declared here
   44 | EnkiObject* ciptakan_kosong(int mode_dinamis);
      |             ^~~~~~~~~~~~~~~
../core_c/enki_interpreter.c:2433:27: error: too few arguments to function ‘hancurkan_objek’; expected 2, have 1
 2433 |             if (obj_path) hancurkan_objek(obj_path);
      |                           ^~~~~~~~~~~~~~~
../core_c/../core/enki_object.h:47:6: note: declared here
   47 | void hancurkan_objek(EnkiObject* obj, int mode_dinamis);
      |      ^~~~~~~~~~~~~~~
../core_c/enki_interpreter.c:2436:33: error: too few arguments to function ‘ciptakan_teks’; expected 2, have 1
 2436 |             EnkiObject* hasil = ciptakan_teks(hasil_mentah);
      |                                 ^~~~~~~~~~~~~
../core_c/../core/enki_object.h:39:13: note: declared here
   39 | EnkiObject* ciptakan_teks(const char* nilai, int mode_dinamis);
      |             ^~~~~~~~~~~~~
../core_c/enki_interpreter.c:2444:24: error: too few arguments to function ‘ciptakan_kosong’; expected 1, have 0
 2444 |                 return ciptakan_kosong();
      |                        ^~~~~~~~~~~~~~~
../core_c/../core/enki_object.h:44:13: note: declared here
   44 | EnkiObject* ciptakan_kosong(int mode_dinamis);
      |             ^~~~~~~~~~~~~~~
../core_c/enki_interpreter.c:2463:27: error: too few arguments to function ‘hancurkan_objek’; expected 2, have 1
 2463 |             if (obj_path) hancurkan_objek(obj_path);
      |                           ^~~~~~~~~~~~~~~
../core_c/../core/enki_object.h:47:6: note: declared here
   47 | void hancurkan_objek(EnkiObject* obj, int mode_dinamis);
      |      ^~~~~~~~~~~~~~~
../core_c/enki_interpreter.c:2464:29: error: too few arguments to function ‘hancurkan_objek’; expected 2, have 1
 2464 |             if (obj_konten) hancurkan_objek(obj_konten);
      |                             ^~~~~~~~~~~~~~~
../core_c/../core/enki_object.h:47:6: note: declared here
   47 | void hancurkan_objek(EnkiObject* obj, int mode_dinamis);
      |      ^~~~~~~~~~~~~~~
../core_c/enki_interpreter.c:2466:20: error: too few arguments to function ‘ciptakan_kosong’; expected 1, have 0
 2466 |             return ciptakan_kosong();
      |                    ^~~~~~~~~~~~~~~
../core_c/../core/enki_object.h:44:13: note: declared here
   44 | EnkiObject* ciptakan_kosong(int mode_dinamis);
      |             ^~~~~~~~~~~~~~~
../core_c/enki_interpreter.c:2475:24: error: too few arguments to function ‘ciptakan_kosong’; expected 1, have 0
 2475 |                 return ciptakan_kosong();
      |                        ^~~~~~~~~~~~~~~
../core_c/../core/enki_object.h:44:13: note: declared here
   44 | EnkiObject* ciptakan_kosong(int mode_dinamis);
      |             ^~~~~~~~~~~~~~~
../core_c/enki_interpreter.c:2484:48: error: too few arguments to function ‘hancurkan_objek’; expected 2, have 1
 2484 |                 free(path_final); if(obj_path) hancurkan_objek(obj_path);
      |                                                ^~~~~~~~~~~~~~~
../core_c/../core/enki_object.h:47:6: note: declared here
   47 | void hancurkan_objek(EnkiObject* obj, int mode_dinamis);
      |      ^~~~~~~~~~~~~~~
../core_c/enki_interpreter.c:2485:24: error: too few arguments to function ‘ciptakan_kosong’; expected 1, have 0
 2485 |                 return ciptakan_kosong();
      |                        ^~~~~~~~~~~~~~~
../core_c/../core/enki_object.h:44:13: note: declared here
   44 | EnkiObject* ciptakan_kosong(int mode_dinamis);
      |             ^~~~~~~~~~~~~~~
../core_c/enki_interpreter.c:2496:33: error: too few arguments to function ‘ciptakan_blob’; expected 3, have 2
 2496 |             EnkiObject* hasil = ciptakan_blob(buffer_biner, ukuran); // 🟢 BUNGKUS JADI BLOB AMAN
      |                                 ^~~~~~~~~~~~~
../core_c/../core/enki_object.h:42:13: note: declared here
   42 | EnkiObject* ciptakan_blob(const unsigned char* data, size_t ukuran, int mode_dinamis);
      |             ^~~~~~~~~~~~~
../core_c/enki_interpreter.c:2497:65: error: too few arguments to function ‘hancurkan_objek’; expected 2, have 1
 2497 |             free(buffer_biner); free(path_final); if (obj_path) hancurkan_objek(obj_path);
      |                                                                 ^~~~~~~~~~~~~~~
../core_c/../core/enki_object.h:47:6: note: declared here
   47 | void hancurkan_objek(EnkiObject* obj, int mode_dinamis);
      |      ^~~~~~~~~~~~~~~
../core_c/enki_interpreter.c:2505:24: error: too few arguments to function ‘ciptakan_kosong’; expected 1, have 0
 2505 |                 return ciptakan_kosong();
      |                        ^~~~~~~~~~~~~~~
../core_c/../core/enki_object.h:44:13: note: declared here
   44 | EnkiObject* ciptakan_kosong(int mode_dinamis);
      |             ^~~~~~~~~~~~~~~
../core_c/enki_interpreter.c:2518:27: error: too few arguments to function ‘hancurkan_objek’; expected 2, have 1
 2518 |             if (obj_data) hancurkan_objek(obj_data);
      |                           ^~~~~~~~~~~~~~~
../core_c/../core/enki_object.h:47:6: note: declared here
   47 | void hancurkan_objek(EnkiObject* obj, int mode_dinamis);
      |      ^~~~~~~~~~~~~~~
../core_c/enki_interpreter.c:2520:37: error: too few arguments to function ‘ciptakan_teks’; expected 2, have 1
 2520 |                 EnkiObject* hasil = ciptakan_teks(hasil_b64);
      |                                     ^~~~~~~~~~~~~
../core_c/../core/enki_object.h:39:13: note: declared here
   39 | EnkiObject* ciptakan_teks(const char* nilai, int mode_dinamis);
      |             ^~~~~~~~~~~~~
../core_c/enki_interpreter.c:2523:20: error: too few arguments to function ‘ciptakan_kosong’; expected 1, have 0
 2523 |             return ciptakan_kosong();
      |                    ^~~~~~~~~~~~~~~
../core_c/../core/enki_object.h:44:13: note: declared here
   44 | EnkiObject* ciptakan_kosong(int mode_dinamis);
      |             ^~~~~~~~~~~~~~~
../core_c/enki_interpreter.c:2529:24: error: too few arguments to function ‘ciptakan_kosong’; expected 1, have 0
 2529 |                 return ciptakan_kosong();
      |                        ^~~~~~~~~~~~~~~
../core_c/../core/enki_object.h:44:13: note: declared here
   44 | EnkiObject* ciptakan_kosong(int mode_dinamis);
      |             ^~~~~~~~~~~~~~~
../core_c/enki_interpreter.c:2537:41: error: too few arguments to function ‘ciptakan_blob’; expected 3, have 2
 2537 |                     EnkiObject* hasil = ciptakan_blob(biner, ukuran_asli); // 🟢 KEMBALIKAN KE BLOB
      |                                         ^~~~~~~~~~~~~
../core_c/../core/enki_object.h:42:13: note: declared here
   42 | EnkiObject* ciptakan_blob(const unsigned char* data, size_t ukuran, int mode_dinamis);
      |             ^~~~~~~~~~~~~
../core_c/enki_interpreter.c:2538:34: error: too few arguments to function ‘hancurkan_objek’; expected 2, have 1
 2538 |                     free(biner); hancurkan_objek(obj_data); return hasil;
      |                                  ^~~~~~~~~~~~~~~
../core_c/../core/enki_object.h:47:6: note: declared here
   47 | void hancurkan_objek(EnkiObject* obj, int mode_dinamis);
      |      ^~~~~~~~~~~~~~~
../core_c/enki_interpreter.c:2546:27: error: too few arguments to function ‘hancurkan_objek’; expected 2, have 1
 2546 |             if (obj_data) hancurkan_objek(obj_data);
      |                           ^~~~~~~~~~~~~~~
../core_c/../core/enki_object.h:47:6: note: declared here
   47 | void hancurkan_objek(EnkiObject* obj, int mode_dinamis);
      |      ^~~~~~~~~~~~~~~
../core_c/enki_interpreter.c:2547:20: error: too few arguments to function ‘ciptakan_kosong’; expected 1, have 0
 2547 |             return ciptakan_kosong();
      |                    ^~~~~~~~~~~~~~~
../core_c/../core/enki_object.h:44:13: note: declared here
   44 | EnkiObject* ciptakan_kosong(int mode_dinamis);
      |             ^~~~~~~~~~~~~~~
../core_c/enki_interpreter.c:2553:25: error: too few arguments to function ‘ciptakan_kosong’; expected 1, have 0
 2553 |                  return ciptakan_kosong();
      |                         ^~~~~~~~~~~~~~~
../core_c/../core/enki_object.h:44:13: note: declared here
   44 | EnkiObject* ciptakan_kosong(int mode_dinamis);
      |             ^~~~~~~~~~~~~~~
../core_c/enki_interpreter.c:2573:28: error: too few arguments to function ‘hancurkan_objek’; expected 2, have 1
 2573 |              if (obj_path) hancurkan_objek(obj_path);
      |                            ^~~~~~~~~~~~~~~
../core_c/../core/enki_object.h:47:6: note: declared here
   47 | void hancurkan_objek(EnkiObject* obj, int mode_dinamis);
      |      ^~~~~~~~~~~~~~~
../core_c/enki_interpreter.c:2574:28: error: too few arguments to function ‘hancurkan_objek’; expected 2, have 1
 2574 |              if (obj_blob) hancurkan_objek(obj_blob);
      |                            ^~~~~~~~~~~~~~~
../core_c/../core/enki_object.h:47:6: note: declared here
   47 | void hancurkan_objek(EnkiObject* obj, int mode_dinamis);
      |      ^~~~~~~~~~~~~~~
../core_c/enki_interpreter.c:2575:21: error: too few arguments to function ‘ciptakan_kosong’; expected 1, have 0
 2575 |              return ciptakan_kosong();
      |                     ^~~~~~~~~~~~~~~
../core_c/../core/enki_object.h:44:13: note: declared here
   44 | EnkiObject* ciptakan_kosong(int mode_dinamis);
      |             ^~~~~~~~~~~~~~~
../core_c/enki_interpreter.c:2582:24: error: too few arguments to function ‘ciptakan_kosong’; expected 1, have 0
 2582 |                 return ciptakan_kosong();
      |                        ^~~~~~~~~~~~~~~
../core_c/../core/enki_object.h:44:13: note: declared here
   44 | EnkiObject* ciptakan_kosong(int mode_dinamis);
      |             ^~~~~~~~~~~~~~~
../core_c/enki_interpreter.c:2599:29: error: too few arguments to function ‘hancurkan_objek’; expected 2, have 1
 2599 |             if (obj_target) hancurkan_objek(obj_target);
      |                             ^~~~~~~~~~~~~~~
../core_c/../core/enki_object.h:47:6: note: declared here
   47 | void hancurkan_objek(EnkiObject* obj, int mode_dinamis);
      |      ^~~~~~~~~~~~~~~
../core_c/enki_interpreter.c:2600:27: error: too few arguments to function ‘hancurkan_objek’; expected 2, have 1
 2600 |             if (obj_path) hancurkan_objek(obj_path);
      |                           ^~~~~~~~~~~~~~~
../core_c/../core/enki_object.h:47:6: note: declared here
   47 | void hancurkan_objek(EnkiObject* obj, int mode_dinamis);
      |      ^~~~~~~~~~~~~~~
../core_c/enki_interpreter.c:2602:20: error: too few arguments to function ‘ciptakan_kosong’; expected 1, have 0
 2602 |             return ciptakan_kosong();
      |                    ^~~~~~~~~~~~~~~
../core_c/../core/enki_object.h:44:13: note: declared here
   44 | EnkiObject* ciptakan_kosong(int mode_dinamis);
      |             ^~~~~~~~~~~~~~~
../core_c/enki_interpreter.c:2609:24: error: too few arguments to function ‘ciptakan_kosong’; expected 1, have 0
 2609 |                 return ciptakan_kosong();
      |                        ^~~~~~~~~~~~~~~
../core_c/../core/enki_object.h:44:13: note: declared here
   44 | EnkiObject* ciptakan_kosong(int mode_dinamis);
      |             ^~~~~~~~~~~~~~~
../core_c/enki_interpreter.c:2616:41: error: too few arguments to function ‘ciptakan_kosong’; expected 1, have 0
 2616 |             EnkiObject* hasil_bangkit = ciptakan_kosong();
      |                                         ^~~~~~~~~~~~~~~
../core_c/../core/enki_object.h:44:13: note: declared here
   44 | EnkiObject* ciptakan_kosong(int mode_dinamis);
      |             ^~~~~~~~~~~~~~~
../core_c/enki_interpreter.c:2637:27: error: too few arguments to function ‘hancurkan_objek’; expected 2, have 1
 2637 |             if (obj_path) hancurkan_objek(obj_path);
      |                           ^~~~~~~~~~~~~~~
../core_c/../core/enki_object.h:47:6: note: declared here
   47 | void hancurkan_objek(EnkiObject* obj, int mode_dinamis);
      |      ^~~~~~~~~~~~~~~
../core_c/enki_interpreter.c:2648:24: error: too few arguments to function ‘ciptakan_kosong’; expected 1, have 0
 2648 |                 return ciptakan_kosong();
      |                        ^~~~~~~~~~~~~~~
../core_c/../core/enki_object.h:44:13: note: declared here
   44 | EnkiObject* ciptakan_kosong(int mode_dinamis);
      |             ^~~~~~~~~~~~~~~
../core_c/enki_interpreter.c:2655:43: error: too few arguments to function ‘ciptakan_kosong’; expected 1, have 0
 2655 |             EnkiObject* hasil_pencarian = ciptakan_kosong();
      |                                           ^~~~~~~~~~~~~~~
../core_c/../core/enki_object.h:44:13: note: declared here
   44 | EnkiObject* ciptakan_kosong(int mode_dinamis);
      |             ^~~~~~~~~~~~~~~
../core_c/enki_interpreter.c:2683:45: error: too few arguments to function ‘hancurkan_objek’; expected 2, have 1
 2683 |                                             hancurkan_objek(hasil_pencarian);
      |                                             ^~~~~~~~~~~~~~~
../core_c/../core/enki_object.h:47:6: note: declared here
   47 | void hancurkan_objek(EnkiObject* obj, int mode_dinamis);
      |      ^~~~~~~~~~~~~~~
../core_c/enki_interpreter.c:2684:63: error: too few arguments to function ‘ciptakan_salinan_objek’; expected 2, have 1
 2684 |                                             hasil_pencarian = ciptakan_salinan_objek(baris);
      |                                                               ^~~~~~~~~~~~~~~~~~~~~~
../core_c/../core/enki_object.h:43:13: note: declared here
   43 | EnkiObject* ciptakan_salinan_objek(EnkiObject* sumber, int mode_dinamis);
      |             ^~~~~~~~~~~~~~~~~~~~~~
../core_c/enki_interpreter.c:2699:37: error: too few arguments to function ‘hancurkan_objek’; expected 2, have 1
 2699 |                                     hancurkan_objek(hasil_pencarian);
      |                                     ^~~~~~~~~~~~~~~
../core_c/../core/enki_object.h:47:6: note: declared here
   47 | void hancurkan_objek(EnkiObject* obj, int mode_dinamis);
      |      ^~~~~~~~~~~~~~~
../core_c/enki_interpreter.c:2700:55: error: too few arguments to function ‘ciptakan_salinan_objek’; expected 2, have 1
 2700 |                                     hasil_pencarian = ciptakan_salinan_objek(db_sementara);
      |                                                       ^~~~~~~~~~~~~~~~~~~~~~
../core_c/../core/enki_object.h:43:13: note: declared here
   43 | EnkiObject* ciptakan_salinan_objek(EnkiObject* sumber, int mode_dinamis);
      |             ^~~~~~~~~~~~~~~~~~~~~~
../core_c/enki_interpreter.c:2709:39: error: too few arguments to function ‘hancurkan_objek’; expected 2, have 1
 2709 |                     if (db_sementara) hancurkan_objek(db_sementara);
      |                                       ^~~~~~~~~~~~~~~
../core_c/../core/enki_object.h:47:6: note: declared here
   47 | void hancurkan_objek(EnkiObject* obj, int mode_dinamis);
      |      ^~~~~~~~~~~~~~~
../core_c/enki_interpreter.c:2717:13: error: too few arguments to function ‘hancurkan_objek’; expected 2, have 1
 2717 |             hancurkan_objek(obj_path); hancurkan_objek(obj_kunci); hancurkan_objek(obj_nilai);
      |             ^~~~~~~~~~~~~~~
../core_c/../core/enki_object.h:47:6: note: declared here
   47 | void hancurkan_objek(EnkiObject* obj, int mode_dinamis);
      |      ^~~~~~~~~~~~~~~
../core_c/enki_interpreter.c:2717:40: error: too few arguments to function ‘hancurkan_objek’; expected 2, have 1
 2717 |             hancurkan_objek(obj_path); hancurkan_objek(obj_kunci); hancurkan_objek(obj_nilai);
      |                                        ^~~~~~~~~~~~~~~
../core_c/../core/enki_object.h:47:6: note: declared here
   47 | void hancurkan_objek(EnkiObject* obj, int mode_dinamis);
      |      ^~~~~~~~~~~~~~~
../core_c/enki_interpreter.c:2717:68: error: too few arguments to function ‘hancurkan_objek’; expected 2, have 1
 2717 |             hancurkan_objek(obj_path); hancurkan_objek(obj_kunci); hancurkan_objek(obj_nilai);
      |                                                                    ^~~~~~~~~~~~~~~
../core_c/../core/enki_object.h:47:6: note: declared here
   47 | void hancurkan_objek(EnkiObject* obj, int mode_dinamis);
      |      ^~~~~~~~~~~~~~~
../core_c/enki_interpreter.c:2721:17: error: too few arguments to function ‘hancurkan_objek’; expected 2, have 1
 2721 |                 hancurkan_objek(hasil_pencarian);
      |                 ^~~~~~~~~~~~~~~
../core_c/../core/enki_object.h:47:6: note: declared here
   47 | void hancurkan_objek(EnkiObject* obj, int mode_dinamis);
      |      ^~~~~~~~~~~~~~~
../core_c/enki_interpreter.c:2722:35: error: too few arguments to function ‘ciptakan_teks’; expected 2, have 1
 2722 |                 hasil_pencarian = ciptakan_teks("TIDAK_DITEMUKAN");
      |                                   ^~~~~~~~~~~~~
../core_c/../core/enki_object.h:39:13: note: declared here
   39 | EnkiObject* ciptakan_teks(const char* nilai, int mode_dinamis);
      |             ^~~~~~~~~~~~~
../core_c/enki_interpreter.c:2733:47: error: too few arguments to function ‘ciptakan_kosong’; expected 1, have 0
 2733 |             if (node->jumlah_anak < 3) return ciptakan_kosong();
      |                                               ^~~~~~~~~~~~~~~
../core_c/../core/enki_object.h:44:13: note: declared here
   44 | EnkiObject* ciptakan_kosong(int mode_dinamis);
      |             ^~~~~~~~~~~~~~~
../core_c/enki_interpreter.c:2744:34: error: too few arguments to function ‘ciptakan_objek_peta’; expected 2, have 1
 2744 |                 EnkiObject* db = ciptakan_objek_peta(0); // Default jika file kosong
      |                                  ^~~~~~~~~~~~~~~~~~~
../core_c/../core/enki_object.h:41:13: note: declared here
   41 | EnkiObject* ciptakan_objek_peta(int kapasitas, int mode_dinamis);
      |             ^~~~~~~~~~~~~~~~~~~
../core_c/enki_interpreter.c:2756:25: error: too few arguments to function ‘hancurkan_objek’; expected 2, have 1
 2756 |                         hancurkan_objek(db); db = parsed;
      |                         ^~~~~~~~~~~~~~~
../core_c/../core/enki_object.h:47:6: note: declared here
   47 | void hancurkan_objek(EnkiObject* obj, int mode_dinamis);
      |      ^~~~~~~~~~~~~~~
../core_c/enki_interpreter.c:2757:40: error: too few arguments to function ‘hancurkan_objek’; expected 2, have 1
 2757 |                     } else if (parsed) hancurkan_objek(parsed);
      |                                        ^~~~~~~~~~~~~~~
../core_c/../core/enki_object.h:47:6: note: declared here
   47 | void hancurkan_objek(EnkiObject* obj, int mode_dinamis);
      |      ^~~~~~~~~~~~~~~
../core_c/enki_interpreter.c:2772:33: error: too few arguments to function ‘hancurkan_objek’; expected 2, have 1
 2772 |                                 hancurkan_objek(saat_ini->nilai.objek_peta.konten[i]);
      |                                 ^~~~~~~~~~~~~~~
../core_c/../core/enki_object.h:47:6: note: declared here
   47 | void hancurkan_objek(EnkiObject* obj, int mode_dinamis);
      |      ^~~~~~~~~~~~~~~
../core_c/enki_interpreter.c:2773:72: error: too few arguments to function ‘ciptakan_salinan_objek’; expected 2, have 1
 2773 |                                 saat_ini->nilai.objek_peta.konten[i] = ciptakan_salinan_objek(obj_nilai);
      |                                                                        ^~~~~~~~~~~~~~~~~~~~~~
../core_c/../core/enki_object.h:43:13: note: declared here
   43 | EnkiObject* ciptakan_salinan_objek(EnkiObject* sumber, int mode_dinamis);
      |             ^~~~~~~~~~~~~~~~~~~~~~
../core_c/enki_interpreter.c:2780:83: error: too few arguments to function ‘ciptakan_teks’; expected 2, have 1
 2780 |                             saat_ini->nilai.objek_peta.kunci[saat_ini->panjang] = ciptakan_teks(token);
      |                                                                                   ^~~~~~~~~~~~~
../core_c/../core/enki_object.h:39:13: note: declared here
   39 | EnkiObject* ciptakan_teks(const char* nilai, int mode_dinamis);
      |             ^~~~~~~~~~~~~
../core_c/enki_interpreter.c:2781:84: error: too few arguments to function ‘ciptakan_salinan_objek’; expected 2, have 1
 2781 |                             saat_ini->nilai.objek_peta.konten[saat_ini->panjang] = ciptakan_salinan_objek(obj_nilai);
      |                                                                                    ^~~~~~~~~~~~~~~~~~~~~~
../core_c/../core/enki_object.h:43:13: note: declared here
   43 | EnkiObject* ciptakan_salinan_objek(EnkiObject* sumber, int mode_dinamis);
      |             ^~~~~~~~~~~~~~~~~~~~~~
../core_c/enki_interpreter.c:2795:83: error: too few arguments to function ‘ciptakan_teks’; expected 2, have 1
 2795 |                             saat_ini->nilai.objek_peta.kunci[saat_ini->panjang] = ciptakan_teks(token);
      |                                                                                   ^~~~~~~~~~~~~
../core_c/../core/enki_object.h:39:13: note: declared here
   39 | EnkiObject* ciptakan_teks(const char* nilai, int mode_dinamis);
      |             ^~~~~~~~~~~~~
../core_c/enki_interpreter.c:2796:55: error: too few arguments to function ‘ciptakan_objek_peta’; expected 2, have 1
 2796 |                             EnkiObject* cabang_baru = ciptakan_objek_peta(0);
      |                                                       ^~~~~~~~~~~~~~~~~~~
../core_c/../core/enki_object.h:41:13: note: declared here
   41 | EnkiObject* ciptakan_objek_peta(int kapasitas, int mode_dinamis);
      |             ^~~~~~~~~~~~~~~~~~~
../core_c/enki_interpreter.c:2814:17: error: too few arguments to function ‘hancurkan_objek’; expected 2, have 1
 2814 |                 hancurkan_objek(db);
      |                 ^~~~~~~~~~~~~~~
../core_c/../core/enki_object.h:47:6: note: declared here
   47 | void hancurkan_objek(EnkiObject* obj, int mode_dinamis);
      |      ^~~~~~~~~~~~~~~
../core_c/enki_interpreter.c:2818:13: error: too few arguments to function ‘hancurkan_objek’; expected 2, have 1
 2818 |             hancurkan_objek(obj_file);
      |             ^~~~~~~~~~~~~~~
../core_c/../core/enki_object.h:47:6: note: declared here
   47 | void hancurkan_objek(EnkiObject* obj, int mode_dinamis);
      |      ^~~~~~~~~~~~~~~
../core_c/enki_interpreter.c:2819:13: error: too few arguments to function ‘hancurkan_objek’; expected 2, have 1
 2819 |             hancurkan_objek(obj_path);
      |             ^~~~~~~~~~~~~~~
../core_c/../core/enki_object.h:47:6: note: declared here
   47 | void hancurkan_objek(EnkiObject* obj, int mode_dinamis);
      |      ^~~~~~~~~~~~~~~
../core_c/enki_interpreter.c:2820:13: error: too few arguments to function ‘hancurkan_objek’; expected 2, have 1
 2820 |             hancurkan_objek(obj_nilai);
      |             ^~~~~~~~~~~~~~~
../core_c/../core/enki_object.h:47:6: note: declared here
   47 | void hancurkan_objek(EnkiObject* obj, int mode_dinamis);
      |      ^~~~~~~~~~~~~~~
../core_c/enki_interpreter.c:2821:20: error: too few arguments to function ‘ciptakan_kosong’; expected 1, have 0
 2821 |             return ciptakan_kosong();
      |                    ^~~~~~~~~~~~~~~
../core_c/../core/enki_object.h:44:13: note: declared here
   44 | EnkiObject* ciptakan_kosong(int mode_dinamis);
      |             ^~~~~~~~~~~~~~~
../core_c/enki_interpreter.c:2829:47: error: too few arguments to function ‘ciptakan_kosong’; expected 1, have 0
 2829 |             if (node->jumlah_anak < 2) return ciptakan_kosong();
      |                                               ^~~~~~~~~~~~~~~
../core_c/../core/enki_object.h:44:13: note: declared here
   44 | EnkiObject* ciptakan_kosong(int mode_dinamis);
      |             ^~~~~~~~~~~~~~~
../core_c/enki_interpreter.c:2832:33: error: too few arguments to function ‘ciptakan_kosong’; expected 1, have 0
 2832 |             EnkiObject* hasil = ciptakan_kosong();
      |                                 ^~~~~~~~~~~~~~~
../core_c/../core/enki_object.h:44:13: note: declared here
   44 | EnkiObject* ciptakan_kosong(int mode_dinamis);
      |             ^~~~~~~~~~~~~~~
../core_c/enki_interpreter.c:2860:41: error: too few arguments to function ‘hancurkan_objek’; expected 2, have 1
 2860 |                                         hancurkan_objek(hasil);
      |                                         ^~~~~~~~~~~~~~~
../core_c/../core/enki_object.h:47:6: note: declared here
   47 | void hancurkan_objek(EnkiObject* obj, int mode_dinamis);
      |      ^~~~~~~~~~~~~~~
../core_c/enki_interpreter.c:2861:49: error: too few arguments to function ‘ciptakan_salinan_objek’; expected 2, have 1
 2861 |                                         hasil = ciptakan_salinan_objek(saat_ini->nilai.objek_peta.konten[i]);
      |                                                 ^~~~~~~~~~~~~~~~~~~~~~
../core_c/../core/enki_object.h:43:13: note: declared here
   43 | EnkiObject* ciptakan_salinan_objek(EnkiObject* sumber, int mode_dinamis);
      |             ^~~~~~~~~~~~~~~~~~~~~~
../core_c/enki_interpreter.c:2872:29: error: too few arguments to function ‘hancurkan_objek’; expected 2, have 1
 2872 |                     if (db) hancurkan_objek(db);
      |                             ^~~~~~~~~~~~~~~
../core_c/../core/enki_object.h:47:6: note: declared here
   47 | void hancurkan_objek(EnkiObject* obj, int mode_dinamis);
      |      ^~~~~~~~~~~~~~~
../core_c/enki_interpreter.c:2879:13: error: too few arguments to function ‘hancurkan_objek’; expected 2, have 1
 2879 |             hancurkan_objek(obj_file);
      |             ^~~~~~~~~~~~~~~
../core_c/../core/enki_object.h:47:6: note: declared here
   47 | void hancurkan_objek(EnkiObject* obj, int mode_dinamis);
      |      ^~~~~~~~~~~~~~~
../core_c/enki_interpreter.c:2880:13: error: too few arguments to function ‘hancurkan_objek’; expected 2, have 1
 2880 |             hancurkan_objek(obj_path);
      |             ^~~~~~~~~~~~~~~
../core_c/../core/enki_object.h:47:6: note: declared here
   47 | void hancurkan_objek(EnkiObject* obj, int mode_dinamis);
      |      ^~~~~~~~~~~~~~~
../core_c/enki_interpreter.c:2892:24: error: too few arguments to function ‘ciptakan_kosong’; expected 1, have 0
 2892 |                 return ciptakan_kosong();
      |                        ^~~~~~~~~~~~~~~
../core_c/../core/enki_object.h:44:13: note: declared here
   44 | EnkiObject* ciptakan_kosong(int mode_dinamis);
      |             ^~~~~~~~~~~~~~~
../core_c/enki_interpreter.c:2898:24: error: too few arguments to function ‘ciptakan_kosong’; expected 1, have 0
 2898 |                 return ciptakan_kosong();
      |                        ^~~~~~~~~~~~~~~
../core_c/../core/enki_object.h:44:13: note: declared here
   44 | EnkiObject* ciptakan_kosong(int mode_dinamis);
      |             ^~~~~~~~~~~~~~~
../core_c/enki_interpreter.c:2907:24: error: too few arguments to function ‘ciptakan_kosong’; expected 1, have 0
 2907 |                 return ciptakan_kosong();
      |                        ^~~~~~~~~~~~~~~
../core_c/../core/enki_object.h:44:13: note: declared here
   44 | EnkiObject* ciptakan_kosong(int mode_dinamis);
      |             ^~~~~~~~~~~~~~~
../core_c/enki_interpreter.c:2930:24: error: too few arguments to function ‘ciptakan_kosong’; expected 1, have 0
 2930 |                 return ciptakan_kosong();
      |                        ^~~~~~~~~~~~~~~
../core_c/../core/enki_object.h:44:13: note: declared here
   44 | EnkiObject* ciptakan_kosong(int mode_dinamis);
      |             ^~~~~~~~~~~~~~~
../core_c/enki_interpreter.c:2944:24: error: too few arguments to function ‘ciptakan_kosong’; expected 1, have 0
 2944 |                 return ciptakan_kosong();
      |                        ^~~~~~~~~~~~~~~
../core_c/../core/enki_object.h:44:13: note: declared here
   44 | EnkiObject* ciptakan_kosong(int mode_dinamis);
      |             ^~~~~~~~~~~~~~~
../core_c/enki_interpreter.c:2950:24: error: too few arguments to function ‘ciptakan_kosong’; expected 1, have 0
 2950 |                 return ciptakan_kosong();
      |                        ^~~~~~~~~~~~~~~
../core_c/../core/enki_object.h:44:13: note: declared here
   44 | EnkiObject* ciptakan_kosong(int mode_dinamis);
      |             ^~~~~~~~~~~~~~~
../core_c/enki_interpreter.c:2959:24: error: too few arguments to function ‘ciptakan_kosong’; expected 1, have 0
 2959 |                 return ciptakan_kosong();
      |                        ^~~~~~~~~~~~~~~
../core_c/../core/enki_object.h:44:13: note: declared here
   44 | EnkiObject* ciptakan_kosong(int mode_dinamis);
      |             ^~~~~~~~~~~~~~~
../core_c/enki_interpreter.c:2982:24: error: too few arguments to function ‘ciptakan_kosong’; expected 1, have 0
 2982 |                 return ciptakan_kosong();
      |                        ^~~~~~~~~~~~~~~
../core_c/../core/enki_object.h:44:13: note: declared here
   44 | EnkiObject* ciptakan_kosong(int mode_dinamis);
      |             ^~~~~~~~~~~~~~~
../core_c/enki_interpreter.c:2992:47: error: too few arguments to function ‘ciptakan_kosong’; expected 1, have 0
 2992 |             if (node->jumlah_anak < 1) return ciptakan_kosong();
      |                                               ^~~~~~~~~~~~~~~
../core_c/../core/enki_object.h:44:13: note: declared here
   44 | EnkiObject* ciptakan_kosong(int mode_dinamis);
      |             ^~~~~~~~~~~~~~~
../core_c/enki_interpreter.c:3007:27: error: too few arguments to function ‘hancurkan_objek’; expected 2, have 1
 3007 |             if (arg_gaya) hancurkan_objek(arg_gaya);
      |                           ^~~~~~~~~~~~~~~
../core_c/../core/enki_object.h:47:6: note: declared here
   47 | void hancurkan_objek(EnkiObject* obj, int mode_dinamis);
      |      ^~~~~~~~~~~~~~~
../core_c/enki_interpreter.c:3010:41: error: too few arguments to function ‘ciptakan_objek_peta’; expected 2, have 1
 3010 |             EnkiObject* obj_kembalian = ciptakan_objek_peta(2);
      |                                         ^~~~~~~~~~~~~~~~~~~
../core_c/../core/enki_object.h:41:13: note: declared here
   41 | EnkiObject* ciptakan_objek_peta(int kapasitas, int mode_dinamis);
      |             ^~~~~~~~~~~~~~~~~~~
../core_c/enki_interpreter.c:3014:56: error: too few arguments to function ‘ciptakan_teks’; expected 2, have 1
 3014 |             obj_kembalian->nilai.objek_peta.kunci[0] = ciptakan_teks("aksi");
      |                                                        ^~~~~~~~~~~~~
../core_c/../core/enki_object.h:39:13: note: declared here
   39 | EnkiObject* ciptakan_teks(const char* nilai, int mode_dinamis);
      |             ^~~~~~~~~~~~~
../core_c/enki_interpreter.c:3015:57: error: too few arguments to function ‘ciptakan_teks’; expected 2, have 1
 3015 |             obj_kembalian->nilai.objek_peta.konten[0] = ciptakan_teks(id_hasil);
      |                                                         ^~~~~~~~~~~~~
../core_c/../core/enki_object.h:39:13: note: declared here
   39 | EnkiObject* ciptakan_teks(const char* nilai, int mode_dinamis);
      |             ^~~~~~~~~~~~~
../core_c/enki_interpreter.c:3018:56: error: too few arguments to function ‘ciptakan_teks’; expected 2, have 1
 3018 |             obj_kembalian->nilai.objek_peta.kunci[1] = ciptakan_teks("ui");
      |                                                        ^~~~~~~~~~~~~
../core_c/../core/enki_object.h:39:13: note: declared here
   39 | EnkiObject* ciptakan_teks(const char* nilai, int mode_dinamis);
      |             ^~~~~~~~~~~~~
../core_c/enki_interpreter.c:3030:47: error: too few arguments to function ‘ciptakan_kosong’; expected 1, have 0
 3030 |             if (node->jumlah_anak < 1) return ciptakan_kosong();
      |                                               ^~~~~~~~~~~~~~~
../core_c/../core/enki_object.h:44:13: note: declared here
   44 | EnkiObject* ciptakan_kosong(int mode_dinamis);
      |             ^~~~~~~~~~~~~~~
../core_c/enki_interpreter.c:3041:27: error: too few arguments to function ‘hancurkan_objek’; expected 2, have 1
 3041 |             if (arg_gaya) hancurkan_objek(arg_gaya);
      |                           ^~~~~~~~~~~~~~~
../core_c/../core/enki_object.h:47:6: note: declared here
   47 | void hancurkan_objek(EnkiObject* obj, int mode_dinamis);
      |      ^~~~~~~~~~~~~~~
../core_c/enki_interpreter.c:3043:41: error: too few arguments to function ‘ciptakan_objek_peta’; expected 2, have 1
 3043 |             EnkiObject* obj_kembalian = ciptakan_objek_peta(2);
      |                                         ^~~~~~~~~~~~~~~~~~~
../core_c/../core/enki_object.h:41:13: note: declared here
   41 | EnkiObject* ciptakan_objek_peta(int kapasitas, int mode_dinamis);
      |             ^~~~~~~~~~~~~~~~~~~
../core_c/enki_interpreter.c:3045:56: error: too few arguments to function ‘ciptakan_teks’; expected 2, have 1
 3045 |             obj_kembalian->nilai.objek_peta.kunci[0] = ciptakan_teks("aksi");
      |                                                        ^~~~~~~~~~~~~
../core_c/../core/enki_object.h:39:13: note: declared here
   39 | EnkiObject* ciptakan_teks(const char* nilai, int mode_dinamis);
      |             ^~~~~~~~~~~~~
../core_c/enki_interpreter.c:3046:57: error: too few arguments to function ‘ciptakan_teks’; expected 2, have 1
 3046 |             obj_kembalian->nilai.objek_peta.konten[0] = ciptakan_teks(id_hasil);
      |                                                         ^~~~~~~~~~~~~
../core_c/../core/enki_object.h:39:13: note: declared here
   39 | EnkiObject* ciptakan_teks(const char* nilai, int mode_dinamis);
      |             ^~~~~~~~~~~~~
../core_c/enki_interpreter.c:3049:56: error: too few arguments to function ‘ciptakan_teks’; expected 2, have 1
 3049 |             obj_kembalian->nilai.objek_peta.kunci[1] = ciptakan_teks("ui");
      |                                                        ^~~~~~~~~~~~~
../core_c/../core/enki_object.h:39:13: note: declared here
   39 | EnkiObject* ciptakan_teks(const char* nilai, int mode_dinamis);
      |             ^~~~~~~~~~~~~
../core_c/enki_interpreter.c:3060:47: error: too few arguments to function ‘ciptakan_kosong’; expected 1, have 0
 3060 |             if (node->jumlah_anak < 3) return ciptakan_kosong();
      |                                               ^~~~~~~~~~~~~~~
../core_c/../core/enki_object.h:44:13: note: declared here
   44 | EnkiObject* ciptakan_kosong(int mode_dinamis);
      |             ^~~~~~~~~~~~~~~
../core_c/enki_interpreter.c:3063:68: error: too few arguments to function ‘ciptakan_kosong’; expected 1, have 0
 3063 |             if (node->anak_anak[0]->jenis != AST_IDENTITAS) return ciptakan_kosong();
      |                                                                    ^~~~~~~~~~~~~~~
../core_c/../core/enki_object.h:44:13: note: declared here
   44 | EnkiObject* ciptakan_kosong(int mode_dinamis);
      |             ^~~~~~~~~~~~~~~
../core_c/enki_interpreter.c:3077:25: error: too few arguments to function ‘hancurkan_objek’; expected 2, have 1
 3077 |             if (obj_id) hancurkan_objek(obj_id);
      |                         ^~~~~~~~~~~~~~~
../core_c/../core/enki_object.h:47:6: note: declared here
   47 | void hancurkan_objek(EnkiObject* obj, int mode_dinamis);
      |      ^~~~~~~~~~~~~~~
../core_c/enki_interpreter.c:3078:27: error: too few arguments to function ‘hancurkan_objek’; expected 2, have 1
 3078 |             if (obj_teks) hancurkan_objek(obj_teks);
      |                           ^~~~~~~~~~~~~~~
../core_c/../core/enki_object.h:47:6: note: declared here
   47 | void hancurkan_objek(EnkiObject* obj, int mode_dinamis);
      |      ^~~~~~~~~~~~~~~
../core_c/enki_interpreter.c:3080:20: error: too few arguments to function ‘ciptakan_kosong’; expected 1, have 0
 3080 |             return ciptakan_kosong();
      |                    ^~~~~~~~~~~~~~~
../core_c/../core/enki_object.h:44:13: note: declared here
   44 | EnkiObject* ciptakan_kosong(int mode_dinamis);
      |             ^~~~~~~~~~~~~~~
../core_c/enki_interpreter.c:3087:47: error: too few arguments to function ‘ciptakan_kosong’; expected 1, have 0
 3087 |             if (node->jumlah_anak < 1) return ciptakan_kosong();
      |                                               ^~~~~~~~~~~~~~~
../core_c/../core/enki_object.h:44:13: note: declared here
   44 | EnkiObject* ciptakan_kosong(int mode_dinamis);
      |             ^~~~~~~~~~~~~~~
../core_c/enki_interpreter.c:3107:22: error: too few arguments to function ‘hancurkan_objek’; expected 2, have 1
 3107 |             if (obj) hancurkan_objek(obj);
      |                      ^~~~~~~~~~~~~~~
../core_c/../core/enki_object.h:47:6: note: declared here
   47 | void hancurkan_objek(EnkiObject* obj, int mode_dinamis);
      |      ^~~~~~~~~~~~~~~
../core_c/enki_interpreter.c:3108:20: error: too few arguments to function ‘ciptakan_kosong’; expected 1, have 0
 3108 |             return ciptakan_kosong();
      |                    ^~~~~~~~~~~~~~~
../core_c/../core/enki_object.h:44:13: note: declared here
   44 | EnkiObject* ciptakan_kosong(int mode_dinamis);
      |             ^~~~~~~~~~~~~~~
../core_c/enki_interpreter.c:3136:20: error: too few arguments to function ‘ciptakan_kosong’; expected 1, have 0
 3136 |             return ciptakan_kosong();
      |                    ^~~~~~~~~~~~~~~
../core_c/../core/enki_object.h:44:13: note: declared here
   44 | EnkiObject* ciptakan_kosong(int mode_dinamis);
      |             ^~~~~~~~~~~~~~~
../core_c/enki_interpreter.c:3166:31: error: too few arguments to function ‘ciptakan_kosong’; expected 1, have 0
 3166 |                 nilai_akhir = ciptakan_kosong();
      |                               ^~~~~~~~~~~~~~~
../core_c/../core/enki_object.h:44:13: note: declared here
   44 | EnkiObject* ciptakan_kosong(int mode_dinamis);
      |             ^~~~~~~~~~~~~~~
../core_c/enki_interpreter.c:3176:35: error: too few arguments to function ‘ciptakan_kosong’; expected 1, have 0
 3176 |         EnkiObject* hasil_akhir = ciptakan_kosong();
      |                                   ^~~~~~~~~~~~~~~
../core_c/../core/enki_object.h:44:13: note: declared here
   44 | EnkiObject* ciptakan_kosong(int mode_dinamis);
      |             ^~~~~~~~~~~~~~~
../core_c/enki_interpreter.c:3178:13: error: too few arguments to function ‘hancurkan_objek’; expected 2, have 1
 3178 |             hancurkan_objek(hasil_akhir);
      |             ^~~~~~~~~~~~~~~
../core_c/../core/enki_object.h:47:6: note: declared here
   47 | void hancurkan_objek(EnkiObject* obj, int mode_dinamis);
      |      ^~~~~~~~~~~~~~~
../core_c/enki_interpreter.c:3187:12: error: too few arguments to function ‘ciptakan_kosong’; expected 1, have 0
 3187 |     return ciptakan_kosong(); // Default return yang HALAL (berada di akhir evaluasi_ekspresi)
      |            ^~~~~~~~~~~~~~~
../core_c/../core/enki_object.h:44:13: note: declared here
   44 | EnkiObject* ciptakan_kosong(int mode_dinamis);
      |             ^~~~~~~~~~~~~~~
../core_c/enki_interpreter.c: In function ‘evaluasi_kondisi’:
../core_c/enki_interpreter.c:3248:19: error: too few arguments to function ‘hancurkan_objek’; expected 2, have 1
 3248 |     if (obj_kiri) hancurkan_objek(obj_kiri);
      |                   ^~~~~~~~~~~~~~~
../core_c/../core/enki_object.h:47:6: note: declared here
   47 | void hancurkan_objek(EnkiObject* obj, int mode_dinamis);
      |      ^~~~~~~~~~~~~~~
../core_c/enki_interpreter.c:3249:20: error: too few arguments to function ‘hancurkan_objek’; expected 2, have 1
 3249 |     if (obj_kanan) hancurkan_objek(obj_kanan);
      |                    ^~~~~~~~~~~~~~~
../core_c/../core/enki_object.h:47:6: note: declared here
   47 | void hancurkan_objek(EnkiObject* obj, int mode_dinamis);
      |      ^~~~~~~~~~~~~~~
../core_c/enki_interpreter.c: In function ‘salin_ram_untuk_utas’:
../core_c/enki_interpreter.c:3316:86: error: too few arguments to function ‘ciptakan_kosong’; expected 1, have 0
 3316 |         EnkiObject* obj_aman = sumber->kavling[i].objek ? sumber->kavling[i].objek : ciptakan_kosong();
      |                                                                                      ^~~~~~~~~~~~~~~
../core_c/../core/enki_object.h:44:13: note: declared here
   44 | EnkiObject* ciptakan_kosong(int mode_dinamis);
      |             ^~~~~~~~~~~~~~~
../core_c/enki_interpreter.c: In function ‘pelari_utas_gaib’:
../core_c/enki_interpreter.c:3330:16: error: too few arguments to function ‘hancurkan_objek’; expected 2, have 1
 3330 |     if (hasil) hancurkan_objek(hasil); // 🟢 Ganti free jadi hancurkan_objek
      |                ^~~~~~~~~~~~~~~
../core_c/../core/enki_object.h:47:6: note: declared here
   47 | void hancurkan_objek(EnkiObject* obj, int mode_dinamis);
      |      ^~~~~~~~~~~~~~~
../core_c/enki_interpreter.c: In function ‘eksekusi_node’:
../core_c/enki_interpreter.c:3368:17: error: too few arguments to function ‘hancurkan_objek’; expected 2, have 1
 3368 |                 hancurkan_objek(obj_hasil);
      |                 ^~~~~~~~~~~~~~~
../core_c/../core/enki_object.h:47:6: note: declared here
   47 | void hancurkan_objek(EnkiObject* obj, int mode_dinamis);
      |      ^~~~~~~~~~~~~~~
../core_c/enki_interpreter.c:3457:32: error: too few arguments to function ‘hancurkan_objek’; expected 2, have 1
 3457 |                 if (obj_kasus) hancurkan_objek(obj_kasus);
      |                                ^~~~~~~~~~~~~~~
../core_c/../core/enki_object.h:47:6: note: declared here
   47 | void hancurkan_objek(EnkiObject* obj, int mode_dinamis);
      |      ^~~~~~~~~~~~~~~
../core_c/enki_interpreter.c:3460:28: error: too few arguments to function ‘hancurkan_objek’; expected 2, have 1
 3460 |             if (obj_kasus) hancurkan_objek(obj_kasus);
      |                            ^~~~~~~~~~~~~~~
../core_c/../core/enki_object.h:47:6: note: declared here
   47 | void hancurkan_objek(EnkiObject* obj, int mode_dinamis);
      |      ^~~~~~~~~~~~~~~
../core_c/enki_interpreter.c:3463:25: error: too few arguments to function ‘hancurkan_objek’; expected 2, have 1
 3463 |         if (obj_target) hancurkan_objek(obj_target);
      |                         ^~~~~~~~~~~~~~~
../core_c/../core/enki_object.h:47:6: note: declared here
   47 | void hancurkan_objek(EnkiObject* obj, int mode_dinamis);
      |      ^~~~~~~~~~~~~~~
../core_c/enki_interpreter.c:3512:32: error: too few arguments to function ‘hancurkan_objek’; expected 2, have 1
 3512 |                 if (obj_batas) hancurkan_objek(obj_batas);
      |                                ^~~~~~~~~~~~~~~
../core_c/../core/enki_object.h:47:6: note: declared here
   47 | void hancurkan_objek(EnkiObject* obj, int mode_dinamis);
      |      ^~~~~~~~~~~~~~~
../core_c/enki_interpreter.c:3522:32: error: too few arguments to function ‘hancurkan_objek’; expected 2, have 1
 3522 |                 if (obj_batas) hancurkan_objek(obj_batas);
      |                                ^~~~~~~~~~~~~~~
../core_c/../core/enki_object.h:47:6: note: declared here
   47 | void hancurkan_objek(EnkiObject* obj, int mode_dinamis);
      |      ^~~~~~~~~~~~~~~
../core_c/enki_interpreter.c:3525:28: error: too few arguments to function ‘hancurkan_objek’; expected 2, have 1
 3525 |             if (obj_batas) hancurkan_objek(obj_batas);
      |                            ^~~~~~~~~~~~~~~
../core_c/../core/enki_object.h:47:6: note: declared here
   47 | void hancurkan_objek(EnkiObject* obj, int mode_dinamis);
      |      ^~~~~~~~~~~~~~~
../core_c/enki_interpreter.c:3532:52: error: too few arguments to function ‘hancurkan_objek’; expected 2, have 1
 3532 |                         if (ram->kavling[j].objek) hancurkan_objek(ram->kavling[j].objek);
      |                                                    ^~~~~~~~~~~~~~~
../core_c/../core/enki_object.h:47:6: note: declared here
   47 | void hancurkan_objek(EnkiObject* obj, int mode_dinamis);
      |      ^~~~~~~~~~~~~~~
../core_c/enki_interpreter.c:3533:49: error: too few arguments to function ‘ciptakan_angka’; expected 2, have 1
 3533 |                         ram->kavling[j].objek = ciptakan_angka((double)i);
      |                                                 ^~~~~~~~~~~~~~
../core_c/../core/enki_object.h:38:13: note: declared here
   38 | EnkiObject* ciptakan_angka(double nilai, int mode_dinamis);
      |             ^~~~~~~~~~~~~~
../core_c/enki_interpreter.c:3541:55: error: too few arguments to function ‘ciptakan_angka’; expected 2, have 1
 3541 |                     ram->kavling[ram->jumlah].objek = ciptakan_angka((double)i);
      |                                                       ^~~~~~~~~~~~~~
../core_c/../core/enki_object.h:38:13: note: declared here
   38 | EnkiObject* ciptakan_angka(double nilai, int mode_dinamis);
      |             ^~~~~~~~~~~~~~
../core_c/enki_interpreter.c:3587:25: error: too few arguments to function ‘hancurkan_objek’; expected 2, have 1
 3587 |         if (obj_target) hancurkan_objek(obj_target);
      |                         ^~~~~~~~~~~~~~~
../core_c/../core/enki_object.h:47:6: note: declared here
   47 | void hancurkan_objek(EnkiObject* obj, int mode_dinamis);
      |      ^~~~~~~~~~~~~~~
../core_c/enki_interpreter.c:3653:48: error: too few arguments to function ‘hancurkan_objek’; expected 2, have 1
 3653 |                     if (ram->kavling[i].objek) hancurkan_objek(ram->kavling[i].objek);
      |                                                ^~~~~~~~~~~~~~~
../core_c/../core/enki_object.h:47:6: note: declared here
   47 | void hancurkan_objek(EnkiObject* obj, int mode_dinamis);
      |      ^~~~~~~~~~~~~~~
../core_c/enki_interpreter.c:3656:45: error: too few arguments to function ‘ciptakan_kosong’; expected 1, have 0
 3656 |                     ram->kavling[i].objek = ciptakan_kosong();
      |                                             ^~~~~~~~~~~~~~~
../core_c/../core/enki_object.h:44:13: note: declared here
   44 | EnkiObject* ciptakan_kosong(int mode_dinamis);
      |             ^~~~~~~~~~~~~~~
../core_c/enki_interpreter.c:3677:13: error: too few arguments to function ‘hancurkan_objek’; expected 2, have 1
 3677 |             hancurkan_objek(obj_waktu);
      |             ^~~~~~~~~~~~~~~
../core_c/../core/enki_object.h:47:6: note: declared here
   47 | void hancurkan_objek(EnkiObject* obj, int mode_dinamis);
      |      ^~~~~~~~~~~~~~~
../core_c/enki_interpreter.c:3705:36: error: too few arguments to function ‘hancurkan_objek’; expected 2, have 1
 3705 |             if (akar_utama->objek) hancurkan_objek(akar_utama->objek);
      |                                    ^~~~~~~~~~~~~~~
../core_c/../core/enki_object.h:47:6: note: declared here
   47 | void hancurkan_objek(EnkiObject* obj, int mode_dinamis);
      |      ^~~~~~~~~~~~~~~
../core_c/enki_interpreter.c:3714:52: error: too few arguments to function ‘ciptakan_salinan_objek’; expected 2, have 1
 3714 |             akar_utama->objek = masa_lalu->objek ? ciptakan_salinan_objek(masa_lalu->objek) : NULL;
      |                                                    ^~~~~~~~~~~~~~~~~~~~~~
../core_c/../core/enki_object.h:43:13: note: declared here
   43 | EnkiObject* ciptakan_salinan_objek(EnkiObject* sumber, int mode_dinamis);
      |             ^~~~~~~~~~~~~~~~~~~~~~
../core_c/enki_interpreter.c:3732:83: error: too few arguments to function ‘ciptakan_teks’; expected 2, have 1
 3732 |                 if (ram->pesan_error_tabu) { simpan_ke_ram(ram, node->nilai_teks, ciptakan_teks(ram->pesan_error_tabu)); free(ram->pesan_error_tabu); ram->pesan_error_tabu = NULL; }
      |                                                                                   ^~~~~~~~~~~~~
../core_c/../core/enki_object.h:39:13: note: declared here
   39 | EnkiObject* ciptakan_teks(const char* nilai, int mode_dinamis);
      |             ^~~~~~~~~~~~~
../core_c/enki_interpreter.c:3733:59: error: too few arguments to function ‘ciptakan_teks’; expected 2, have 1
 3733 |                 else simpan_ke_ram(ram, node->nilai_teks, ciptakan_teks("Kiamat Tak Dikenal"));
      |                                                           ^~~~~~~~~~~~~
../core_c/../core/enki_object.h:39:13: note: declared here
   39 | EnkiObject* ciptakan_teks(const char* nilai, int mode_dinamis);
      |             ^~~~~~~~~~~~~
../core_c/enki_interpreter.c:3744:46: error: too few arguments to function ‘ciptakan_teks’; expected 2, have 1
 3744 |         simpan_ke_ram(ram, node->nilai_teks, ciptakan_teks("<fungsi_kustom>"));
      |                                              ^~~~~~~~~~~~~
../core_c/../core/enki_object.h:39:13: note: declared here
   39 | EnkiObject* ciptakan_teks(const char* nilai, int mode_dinamis);
      |             ^~~~~~~~~~~~~
../core_c/enki_interpreter.c:3753:37: error: too few arguments to function ‘hancurkan_objek’; expected 2, have 1
 3753 |         if (ram->nilai_kembalian) { hancurkan_objek(ram->nilai_kembalian); ram->nilai_kembalian = NULL; }
      |                                     ^~~~~~~~~~~~~~~
../core_c/../core/enki_object.h:47:6: note: declared here
   47 | void hancurkan_objek(EnkiObject* obj, int mode_dinamis);
      |      ^~~~~~~~~~~~~~~
../core_c/enki_interpreter.c:3758:36: error: too few arguments to function ‘ciptakan_kosong’; expected 1, have 0
 3758 |             ram->nilai_kembalian = ciptakan_kosong();
      |                                    ^~~~~~~~~~~~~~~
../core_c/../core/enki_object.h:44:13: note: declared here
   44 | EnkiObject* ciptakan_kosong(int mode_dinamis);
      |             ^~~~~~~~~~~~~~~
../core_c/enki_interpreter.c:3766:27: error: too few arguments to function ‘hancurkan_objek’; expected 2, have 1
 3766 |         if (hasil_mutasi) hancurkan_objek(hasil_mutasi);
      |                           ^~~~~~~~~~~~~~~
../core_c/../core/enki_object.h:47:6: note: declared here
   47 | void hancurkan_objek(EnkiObject* obj, int mode_dinamis);
      |      ^~~~~~~~~~~~~~~
../core_c/enki_scheduler.c: In function ‘pelari_jadwal’:
../core_c/enki_scheduler.c:46:21: error: too few arguments to function ‘hancurkan_objek’; expected 2, have 1
   46 |     if (target_obj) hancurkan_objek(target_obj);
      |                     ^~~~~~~~~~~~~~~
In file included from ../core_c/enki_interpreter.h:6,
                 from ../core_c/enki_scheduler.h:5,
                 from ../core_c/enki_scheduler.c:6:
../core_c/../core/enki_object.h:47:6: note: declared here
   47 | void hancurkan_objek(EnkiObject* obj, int mode_dinamis);
      |      ^~~~~~~~~~~~~~~
../core_c/enki_scheduler.c: In function ‘pelari_effort’:
../core_c/enki_scheduler.c:69:21: error: too few arguments to function ‘hancurkan_objek’; expected 2, have 1
   69 |     if (target_obj) hancurkan_objek(target_obj);
      |                     ^~~~~~~~~~~~~~~
../core_c/../core/enki_object.h:47:6: note: declared here
   47 | void hancurkan_objek(EnkiObject* obj, int mode_dinamis);
      |      ^~~~~~~~~~~~~~~
../core/array/ku.c: In function ‘ambil_kunci_objek’:
../core/array/ku.c:6:57: error: too few arguments to function ‘ciptakan_kosong’; expected 1, have 0
    6 |     if (obj == NULL || obj->tipe == ENKI_KOSONG) return ciptakan_kosong();
      |                                                         ^~~~~~~~~~~~~~~
In file included from ../core/array/ku.h:4,
                 from ../core/array/ku.c:1:
../core/array/../enki_object.h:44:13: note: declared here
   44 | EnkiObject* ciptakan_kosong(int mode_dinamis);
      |             ^~~~~~~~~~~~~~~
../core/array/ku.c:11:20: error: too few arguments to function ‘ciptakan_array’; expected 2, have 1
   11 |         hasil_ku = ciptakan_array(obj->panjang);
      |                    ^~~~~~~~~~~~~~
../core/array/../enki_object.h:40:13: note: declared here
   40 | EnkiObject* ciptakan_array(int kapasitas, int mode_dinamis);
      |             ^~~~~~~~~~~~~~
../core/array/ku.c:15:47: error: too few arguments to function ‘ciptakan_salinan_objek’; expected 2, have 1
   15 |             hasil_ku->nilai.array_elemen[i] = ciptakan_salinan_objek(obj->nilai.objek_peta.kunci[i]);
      |                                               ^~~~~~~~~~~~~~~~~~~~~~
../core/array/../enki_object.h:43:13: note: declared here
   43 | EnkiObject* ciptakan_salinan_objek(EnkiObject* sumber, int mode_dinamis);
      |             ^~~~~~~~~~~~~~~~~~~~~~
../core/array/ku.c:19:20: error: too few arguments to function ‘ciptakan_array’; expected 2, have 1
   19 |         hasil_ku = ciptakan_array(obj->panjang);
      |                    ^~~~~~~~~~~~~~
../core/array/../enki_object.h:40:13: note: declared here
   40 | EnkiObject* ciptakan_array(int kapasitas, int mode_dinamis);
      |             ^~~~~~~~~~~~~~
../core/array/ku.c:25:47: error: too few arguments to function ‘ciptakan_teks’; expected 2, have 1
   25 |             hasil_ku->nilai.array_elemen[i] = ciptakan_teks(buf);
      |                                               ^~~~~~~~~~~~~
../core/array/../enki_object.h:39:13: note: declared here
   39 | EnkiObject* ciptakan_teks(const char* nilai, int mode_dinamis);
      |             ^~~~~~~~~~~~~
../core/array/ku.c:29:20: error: too few arguments to function ‘ciptakan_array’; expected 2, have 1
   29 |         hasil_ku = ciptakan_array(1);
      |                    ^~~~~~~~~~~~~~
../core/array/../enki_object.h:40:13: note: declared here
   40 | EnkiObject* ciptakan_array(int kapasitas, int mode_dinamis);
      |             ^~~~~~~~~~~~~~
../core/array/ku.c:31:43: error: too few arguments to function ‘ciptakan_teks’; expected 2, have 1
   31 |         hasil_ku->nilai.array_elemen[0] = ciptakan_teks("1");
      |                                           ^~~~~~~~~~~~~
../core/array/../enki_object.h:39:13: note: declared here
   39 | EnkiObject* ciptakan_teks(const char* nilai, int mode_dinamis);
      |             ^~~~~~~~~~~~~
../core/array/ko.c: In function ‘ambil_konten_objek’:
../core/array/ko.c:5:57: error: too few arguments to function ‘ciptakan_kosong’; expected 1, have 0
    5 |     if (obj == NULL || obj->tipe == ENKI_KOSONG) return ciptakan_kosong();
      |                                                         ^~~~~~~~~~~~~~~
In file included from ../core/array/ko.h:4,
                 from ../core/array/ko.c:1:
../core/array/../enki_object.h:44:13: note: declared here
   44 | EnkiObject* ciptakan_kosong(int mode_dinamis);
      |             ^~~~~~~~~~~~~~~
../core/array/ko.c:10:20: error: too few arguments to function ‘ciptakan_array’; expected 2, have 1
   10 |         hasil_ko = ciptakan_array(obj->panjang);
      |                    ^~~~~~~~~~~~~~
../core/array/../enki_object.h:40:13: note: declared here
   40 | EnkiObject* ciptakan_array(int kapasitas, int mode_dinamis);
      |             ^~~~~~~~~~~~~~
../core/array/ko.c:14:47: error: too few arguments to function ‘ciptakan_salinan_objek’; expected 2, have 1
   14 |             hasil_ko->nilai.array_elemen[i] = ciptakan_salinan_objek(obj->nilai.array_elemen[i]);
      |                                               ^~~~~~~~~~~~~~~~~~~~~~
../core/array/../enki_object.h:43:13: note: declared here
   43 | EnkiObject* ciptakan_salinan_objek(EnkiObject* sumber, int mode_dinamis);
      |             ^~~~~~~~~~~~~~~~~~~~~~
../core/array/ko.c:18:20: error: too few arguments to function ‘ciptakan_array’; expected 2, have 1
   18 |         hasil_ko = ciptakan_array(obj->panjang);
      |                    ^~~~~~~~~~~~~~
../core/array/../enki_object.h:40:13: note: declared here
   40 | EnkiObject* ciptakan_array(int kapasitas, int mode_dinamis);
      |             ^~~~~~~~~~~~~~
../core/array/ko.c:22:47: error: too few arguments to function ‘ciptakan_salinan_objek’; expected 2, have 1
   22 |             hasil_ko->nilai.array_elemen[i] = ciptakan_salinan_objek(obj->nilai.objek_peta.konten[i]);
      |                                               ^~~~~~~~~~~~~~~~~~~~~~
../core/array/../enki_object.h:43:13: note: declared here
   43 | EnkiObject* ciptakan_salinan_objek(EnkiObject* sumber, int mode_dinamis);
      |             ^~~~~~~~~~~~~~~~~~~~~~
../core/array/ko.c:26:20: error: too few arguments to function ‘ciptakan_array’; expected 2, have 1
   26 |         hasil_ko = ciptakan_array(1);
      |                    ^~~~~~~~~~~~~~
../core/array/../enki_object.h:40:13: note: declared here
   40 | EnkiObject* ciptakan_array(int kapasitas, int mode_dinamis);
      |             ^~~~~~~~~~~~~~
../core/array/ko.c:29:43: error: too few arguments to function ‘ciptakan_salinan_objek’; expected 2, have 1
   29 |         hasil_ko->nilai.array_elemen[0] = ciptakan_salinan_objek(obj);
      |                                           ^~~~~~~~~~~~~~~~~~~~~~
../core/array/../enki_object.h:43:13: note: declared here
   43 | EnkiObject* ciptakan_salinan_objek(EnkiObject* sumber, int mode_dinamis);
      |             ^~~~~~~~~~~~~~~~~~~~~~
../otim/otim_parser.c: In function ‘o_simpan_ke_objek’:
../otim/otim_parser.c:32:53: error: too few arguments to function ‘ciptakan_teks’; expected 2, have 1
   32 |     obj->nilai.objek_peta.kunci[obj->panjang - 1] = ciptakan_teks(kunci);
      |                                                     ^~~~~~~~~~~~~
In file included from ../otim/otim_parser.h:5,
                 from ../otim/otim_parser.c:4:
../otim/../core/enki_object.h:39:13: note: declared here
   39 | EnkiObject* ciptakan_teks(const char* nilai, int mode_dinamis);
      |             ^~~~~~~~~~~~~
../otim/otim_parser.c: In function ‘parse_otim’:
../otim/otim_parser.c:44:27: error: too few arguments to function ‘ciptakan_objek_peta’; expected 2, have 1
   44 |     EnkiObject* root_ui = ciptakan_objek_peta(0);
      |                           ^~~~~~~~~~~~~~~~~~~
../otim/../core/enki_object.h:41:13: note: declared here
   41 | EnkiObject* ciptakan_objek_peta(int kapasitas, int mode_dinamis);
      |             ^~~~~~~~~~~~~~~~~~~
../otim/otim_parser.c:45:30: error: too few arguments to function ‘ciptakan_array’; expected 2, have 1
   45 |     EnkiObject* array_anak = ciptakan_array(0);
      |                              ^~~~~~~~~~~~~~
../otim/../core/enki_object.h:40:13: note: declared here
   40 | EnkiObject* ciptakan_array(int kapasitas, int mode_dinamis);
      |             ^~~~~~~~~~~~~~
../otim/otim_parser.c:55:41: error: too few arguments to function ‘ciptakan_teks’; expected 2, have 1
   55 |     o_simpan_ke_objek(root_ui, "jenis", ciptakan_teks("akar_dokumen"));
      |                                         ^~~~~~~~~~~~~
../otim/../core/enki_object.h:39:13: note: declared here
   39 | EnkiObject* ciptakan_teks(const char* nilai, int mode_dinamis);
      |             ^~~~~~~~~~~~~
../otim/otim_parser.c: In function ‘parse_otim_elemen’:
../otim/otim_parser.c:64:33: error: too few arguments to function ‘ciptakan_objek_peta’; expected 2, have 1
   64 |         EnkiObject* node_teks = ciptakan_objek_peta(0);
      |                                 ^~~~~~~~~~~~~~~~~~~
../otim/../core/enki_object.h:41:13: note: declared here
   41 | EnkiObject* ciptakan_objek_peta(int kapasitas, int mode_dinamis);
      |             ^~~~~~~~~~~~~~~~~~~
../otim/otim_parser.c:65:47: error: too few arguments to function ‘ciptakan_teks’; expected 2, have 1
   65 |         o_simpan_ke_objek(node_teks, "jenis", ciptakan_teks("teks"));
      |                                               ^~~~~~~~~~~~~
../otim/../core/enki_object.h:39:13: note: declared here
   39 | EnkiObject* ciptakan_teks(const char* nilai, int mode_dinamis);
      |             ^~~~~~~~~~~~~
../otim/otim_parser.c:66:45: error: too few arguments to function ‘ciptakan_teks’; expected 2, have 1
   66 |         o_simpan_ke_objek(node_teks, "isi", ciptakan_teks(t.isi_teks));
      |                                             ^~~~~~~~~~~~~
../otim/../core/enki_object.h:39:13: note: declared here
   39 | EnkiObject* ciptakan_teks(const char* nilai, int mode_dinamis);
      |             ^~~~~~~~~~~~~
../otim/otim_parser.c:72:35: error: too few arguments to function ‘ciptakan_objek_peta’; expected 2, have 1
   72 |         EnkiObject* node_elemen = ciptakan_objek_peta(0);
      |                                   ^~~~~~~~~~~~~~~~~~~
../otim/../core/enki_object.h:41:13: note: declared here
   41 | EnkiObject* ciptakan_objek_peta(int kapasitas, int mode_dinamis);
      |             ^~~~~~~~~~~~~~~~~~~
../otim/otim_parser.c:73:49: error: too few arguments to function ‘ciptakan_teks’; expected 2, have 1
   73 |         o_simpan_ke_objek(node_elemen, "jenis", ciptakan_teks("tag"));
      |                                                 ^~~~~~~~~~~~~
../otim/../core/enki_object.h:39:13: note: declared here
   39 | EnkiObject* ciptakan_teks(const char* nilai, int mode_dinamis);
      |             ^~~~~~~~~~~~~
../otim/otim_parser.c:74:47: error: too few arguments to function ‘ciptakan_teks’; expected 2, have 1
   74 |         o_simpan_ke_objek(node_elemen, "tag", ciptakan_teks(t.tag_nama));
      |                                               ^~~~~~~~~~~~~
../otim/../core/enki_object.h:39:13: note: declared here
   39 | EnkiObject* ciptakan_teks(const char* nilai, int mode_dinamis);
      |             ^~~~~~~~~~~~~
../otim/otim_parser.c:76:60: error: too few arguments to function ‘ciptakan_teks’; expected 2, have 1
   76 |         if (t.tag_id) o_simpan_ke_objek(node_elemen, "id", ciptakan_teks(t.tag_id));
      |                                                            ^~~~~~~~~~~~~
../otim/../core/enki_object.h:39:13: note: declared here
   39 | EnkiObject* ciptakan_teks(const char* nilai, int mode_dinamis);
      |             ^~~~~~~~~~~~~
../otim/otim_parser.c:77:66: error: too few arguments to function ‘ciptakan_teks’; expected 2, have 1
   77 |         if (t.atribut) o_simpan_ke_objek(node_elemen, "atribut", ciptakan_teks(t.atribut));
      |                                                                  ^~~~~~~~~~~~~
../otim/../core/enki_object.h:39:13: note: declared here
   39 | EnkiObject* ciptakan_teks(const char* nilai, int mode_dinamis);
      |             ^~~~~~~~~~~~~
../otim/otim_parser.c:79:34: error: too few arguments to function ‘ciptakan_array’; expected 2, have 1
   79 |         EnkiObject* array_anak = ciptakan_array(0);
      |                                  ^~~~~~~~~~~~~~
../otim/../core/enki_object.h:40:13: note: declared here
   40 | EnkiObject* ciptakan_array(int kapasitas, int mode_dinamis);
      |             ^~~~~~~~~~~~~~
../otim/otim_parser.c:103:66: error: too few arguments to function ‘ciptakan_teks’; expected 2, have 1
  103 |                     o_simpan_ke_objek(node_elemen, "teks_dalam", ciptakan_teks(anak_pertama->nilai.objek_peta.konten[j]->nilai.teks));
      |                                                                  ^~~~~~~~~~~~~
../otim/../core/enki_object.h:39:13: note: declared here
   39 | EnkiObject* ciptakan_teks(const char* nilai, int mode_dinamis);
      |             ^~~~~~~~~~~~~
../snul/snul_parser.c: In function ‘o_simpan_ke_objek’:
../snul/snul_parser.c:28:53: error: too few arguments to function ‘ciptakan_teks’; expected 2, have 1
   28 |     obj->nilai.objek_peta.kunci[obj->panjang - 1] = ciptakan_teks(kunci);
      |                                                     ^~~~~~~~~~~~~
In file included from ../snul/snul_parser.h:5,
                 from ../snul/snul_parser.c:4:
../snul/../core/enki_object.h:39:13: note: declared here
   39 | EnkiObject* ciptakan_teks(const char* nilai, int mode_dinamis);
      |             ^~~~~~~~~~~~~
../snul/snul_parser.c: In function ‘parse_snul’:
../snul/snul_parser.c:34:29: error: too few arguments to function ‘ciptakan_objek_peta’; expected 2, have 1
   34 |     EnkiObject* root_gaya = ciptakan_objek_peta(0); // Kamus Besar Kosmetik
      |                             ^~~~~~~~~~~~~~~~~~~
../snul/../core/enki_object.h:41:13: note: declared here
   41 | EnkiObject* ciptakan_objek_peta(int kapasitas, int mode_dinamis);
      |             ^~~~~~~~~~~~~~~~~~~
../snul/snul_parser.c:47:43: error: too few arguments to function ‘ciptakan_objek_peta’; expected 2, have 1
   47 |                 EnkiObject* aturan_gaya = ciptakan_objek_peta(0); // Kamus kecil untuk properti
      |                                           ^~~~~~~~~~~~~~~~~~~
../snul/../core/enki_object.h:41:13: note: declared here
   41 | EnkiObject* ciptakan_objek_peta(int kapasitas, int mode_dinamis);
      |             ^~~~~~~~~~~~~~~~~~~
../snul/snul_parser.c:58:71: error: too few arguments to function ‘ciptakan_teks’; expected 2, have 1
   58 |                             o_simpan_ke_objek(aturan_gaya, nama_prop, ciptakan_teks(t_sekarang(&p).teks));
      |                                                                       ^~~~~~~~~~~~~
../snul/../core/enki_object.h:39:13: note: declared here
   39 | EnkiObject* ciptakan_teks(const char* nilai, int mode_dinamis);
      |             ^~~~~~~~~~~~~
../snul/snul_parser.c:61:71: error: too few arguments to function ‘ciptakan_teks’; expected 2, have 1
   61 |                             o_simpan_ke_objek(aturan_gaya, nama_prop, ciptakan_teks(""));
      |                                                                       ^~~~~~~~~~~~~
../snul/../core/enki_object.h:39:13: note: declared here
   39 | EnkiObject* ciptakan_teks(const char* nilai, int mode_dinamis);
      |             ^~~~~~~~~~~~~
../gui/gui_renderer.c: In function ‘gambar_elemen_otim’:
../gui/gui_renderer.c:249:71: error: too few arguments to function ‘ciptakan_teks’; expected 2, have 1
  249 |                 elemen->nilai.objek_peta.kunci[elemen->panjang - 1] = ciptakan_teks("teks_input");
      |                                                                       ^~~~~~~~~~~~~
In file included from ../gui/gui_renderer.c:7:
../gui/../core/enki_object.h:39:13: note: declared here
   39 | EnkiObject* ciptakan_teks(const char* nilai, int mode_dinamis);
      |             ^~~~~~~~~~~~~
../gui/gui_renderer.c:250:72: error: too few arguments to function ‘ciptakan_teks’; expected 2, have 1
  250 |                 elemen->nilai.objek_peta.konten[elemen->panjang - 1] = ciptakan_teks(daftar_nilai[indeks_saya]);
      |                                                                        ^~~~~~~~~~~~~
../gui/../core/enki_object.h:39:13: note: declared here
   39 | EnkiObject* ciptakan_teks(const char* nilai, int mode_dinamis);
      |             ^~~~~~~~~~~~~
../gui/gui_renderer.c: In function ‘tampilkan_gui_raylib’:
../gui/gui_renderer.c:370:26: error: too few arguments to function ‘hancurkan_objek’; expected 2, have 1
  370 |     if (gaya_bawaan_ast) hancurkan_objek(gaya_bawaan_ast);
      |                          ^~~~~~~~~~~~~~~
../gui/../core/enki_object.h:47:6: note: declared here
   47 | void hancurkan_objek(EnkiObject* obj, int mode_dinamis);
      |      ^~~~~~~~~~~~~~~
make: *** [Makefile:35: build] Error 1
