gcc -Wall -Wextra -g main.c tui_renderer.c ../core_c/enki_os.c ../core_c/enki_lexer.c ../core_c/enki_parser.c ../core_c/enki_interpreter.c ../core_c/enki_scheduler.c ../core_c/enki_network.c ../core_c/enki_file_system.c ../core/enki_object.c ../core/array/ku.c ../core/array/ko.c ../core/array/panjang.c ../otim/otim_lexer.c ../otim/otim_parser.c ../snul/snul_lexer.c ../snul/snul_parser.c ../gui/gui_renderer.c ../core/enki_memory.c    -o ../../bin/unul -lm -lreadline -pthread -lcurl -lraylib
../core_c/enki_interpreter.c:598:6: error: redefinition of ‘simpan_jejak_mesin_waktu’
  598 | void simpan_jejak_mesin_waktu(KavlingMemori* kavling) {
      |      ^~~~~~~~~~~~~~~~~~~~~~~~
../core_c/enki_interpreter.c:538:6: note: previous definition of ‘simpan_jejak_mesin_waktu’ with type ‘void(KavlingMemori *)’
  538 | void simpan_jejak_mesin_waktu(KavlingMemori* kavling) {
      |      ^~~~~~~~~~~~~~~~~~~~~~~~
../core_c/enki_interpreter.c:611:6: error: redefinition of ‘pulihkan_jejak_mesin_waktu’
  611 | void pulihkan_jejak_mesin_waktu(KavlingMemori* kavling) {
      |      ^~~~~~~~~~~~~~~~~~~~~~~~~~
../core_c/enki_interpreter.c:551:6: note: previous definition of ‘pulihkan_jejak_mesin_waktu’ with type ‘void(KavlingMemori *)’
  551 | void pulihkan_jejak_mesin_waktu(KavlingMemori* kavling) {
      |      ^~~~~~~~~~~~~~~~~~~~~~~~~~
../core_c/enki_interpreter.c:625:16: error: redefinition of ‘temukan_atau_ciptakan_kavling’
  625 | KavlingMemori* temukan_atau_ciptakan_kavling(ASTNode* node, EnkiRAM* ram) {
      |                ^~~~~~~~~~~~~~~~~~~~~~~~~~~~~
../core_c/enki_interpreter.c:565:16: note: previous definition of ‘temukan_atau_ciptakan_kavling’ with type ‘KavlingMemori *(ASTNode *, EnkiRAM *)’
  565 | KavlingMemori* temukan_atau_ciptakan_kavling(ASTNode* node, EnkiRAM* ram) {
      |                ^~~~~~~~~~~~~~~~~~~~~~~~~~~~~
../core_c/enki_interpreter.c:684:16: error: redefinition of ‘temukan_atau_ciptakan_kavling’
  684 | KavlingMemori* temukan_atau_ciptakan_kavling(ASTNode* node, EnkiRAM* ram) {
      |                ^~~~~~~~~~~~~~~~~~~~~~~~~~~~~
../core_c/enki_interpreter.c:565:16: note: previous definition of ‘temukan_atau_ciptakan_kavling’ with type ‘KavlingMemori *(ASTNode *, EnkiRAM *)’
  565 | KavlingMemori* temukan_atau_ciptakan_kavling(ASTNode* node, EnkiRAM* ram) {
      |                ^~~~~~~~~~~~~~~~~~~~~~~~~~~~~
../core_c/enki_interpreter.c: In function ‘temukan_atau_ciptakan_kavling’:
../core_c/enki_interpreter.c:700:35: error: too few arguments to function ‘hancurkan_objek’; expected 2, have 1
  700 |                 if (induk->objek) hancurkan_objek(induk->objek);
      |                                   ^~~~~~~~~~~~~~~
In file included from ../core_c/enki_interpreter.h:6,
                 from ../core_c/enki_interpreter.c:15:
../core_c/../core/enki_object.h:47:6: note: declared here
   47 | void hancurkan_objek(EnkiObject* obj, int mode_dinamis);
      |      ^~~~~~~~~~~~~~~
../core_c/enki_interpreter.c:701:32: error: too few arguments to function ‘ciptakan_objek_peta’; expected 2, have 1
  701 |                 induk->objek = ciptakan_objek_peta(10);
      |                                ^~~~~~~~~~~~~~~~~~~
../core_c/../core/enki_object.h:41:13: note: declared here
   41 | EnkiObject* ciptakan_objek_peta(int kapasitas, int mode_dinamis);
      |             ^~~~~~~~~~~~~~~~~~~
../core_c/enki_interpreter.c:708:55: error: too few arguments to function ‘ciptakan_teks’; expected 2, have 1
  708 |             simpan_ke_ram(ram_anak, node->nilai_teks, ciptakan_teks("[MUTASI]"));
      |                                                       ^~~~~~~~~~~~~
../core_c/../core/enki_object.h:39:13: note: declared here
   39 | EnkiObject* ciptakan_teks(const char* nilai, int mode_dinamis);
      |             ^~~~~~~~~~~~~
../core_c/enki_interpreter.c: In function ‘sihir_temukan_alamat_memori’:
../core_c/enki_interpreter.c:775:33: error: too few arguments to function ‘hancurkan_objek’; expected 2, have 1
  775 |                 if (obj_indeks) hancurkan_objek(obj_indeks);
      |                                 ^~~~~~~~~~~~~~~
../core_c/../core/enki_object.h:47:6: note: declared here
   47 | void hancurkan_objek(EnkiObject* obj, int mode_dinamis);
      |      ^~~~~~~~~~~~~~~
../core_c/enki_interpreter.c:782:41: error: too few arguments to function ‘hancurkan_objek’; expected 2, have 1
  782 |                         if (obj_indeks) hancurkan_objek(obj_indeks);
      |                                         ^~~~~~~~~~~~~~~
../core_c/../core/enki_object.h:47:6: note: declared here
   47 | void hancurkan_objek(EnkiObject* obj, int mode_dinamis);
      |      ^~~~~~~~~~~~~~~
../core_c/enki_interpreter.c:786:33: error: too few arguments to function ‘hancurkan_objek’; expected 2, have 1
  786 |                 if (obj_indeks) hancurkan_objek(obj_indeks);
      |                                 ^~~~~~~~~~~~~~~
../core_c/../core/enki_object.h:47:6: note: declared here
   47 | void hancurkan_objek(EnkiObject* obj, int mode_dinamis);
      |      ^~~~~~~~~~~~~~~
../core_c/enki_interpreter.c:788:33: error: too few arguments to function ‘hancurkan_objek’; expected 2, have 1
  788 |                 if (obj_indeks) hancurkan_objek(obj_indeks);
      |                                 ^~~~~~~~~~~~~~~
../core_c/../core/enki_object.h:47:6: note: declared here
   47 | void hancurkan_objek(EnkiObject* obj, int mode_dinamis);
      |      ^~~~~~~~~~~~~~~
../core_c/enki_interpreter.c: In function ‘bungkus_dimensi_ke_objek’:
../core_c/enki_interpreter.c:1010:22: error: ‘ciptakan_kosong1’ undeclared (first use in this function); did you mean ‘ciptakan_kosong’?
 1010 |     if (!kav) return ciptakan_kosong1);
      |                      ^~~~~~~~~~~~~~~~
      |                      ciptakan_kosong
../core_c/enki_interpreter.c:1010:22: note: each undeclared identifier is reported only once for each function it appears in
../core_c/enki_interpreter.c:1010:38: error: expected ‘;’ before ‘)’ token
 1010 |     if (!kav) return ciptakan_kosong1);
      |                                      ^
      |                                      ;
../core_c/enki_interpreter.c:1010:5: warning: this ‘if’ clause does not guard... [-Wmisleading-indentation]
 1010 |     if (!kav) return ciptakan_kosong1);
      |     ^~
../core_c/enki_interpreter.c:1010:38: note: ...this statement, but the latter is misleadingly indented as if it were guarded by the ‘if’
 1010 |     if (!kav) return ciptakan_kosong1);
      |                                      ^
../core_c/enki_interpreter.c:1010:38: error: expected statement before ‘)’ token
../core_c/enki_interpreter.c:1025:56: error: too many arguments to function ‘bungkus_dimensi_ke_objek’; expected 1, have 2
 1025 |                 obj_peta->nilai.objek_peta.konten[i] = bungkus_dimensi_ke_objek(anak, 1);
      |                                                        ^~~~~~~~~~~~~~~~~~~~~~~~       ~
../core_c/enki_interpreter.c:1009:13: note: declared here
 1009 | EnkiObject* bungkus_dimensi_ke_objek(KavlingMemori* kav) {
      |             ^~~~~~~~~~~~~~~~~~~~~~~~
../core_c/enki_interpreter.c: In function ‘muat_anu’:
../core_c/enki_interpreter.c:1042:63: error: expected expression before ‘,’ token
 1042 |     simpan_ke_ram(ram, "__STATUS_ANU__", ciptakan_teks("ADA", , ram->status_array_dinamis));
      |                                                               ^
../core_c/enki_interpreter.c:1042:42: error: too many arguments to function ‘ciptakan_teks’; expected 2, have 3
 1042 |     simpan_ke_ram(ram, "__STATUS_ANU__", ciptakan_teks("ADA", , ram->status_array_dinamis));
      |                                          ^~~~~~~~~~~~~          ~~~~~~~~~~~~~~~~~~~~~~~~~
../core_c/../core/enki_object.h:39:13: note: declared here
   39 | EnkiObject* ciptakan_teks(const char* nilai, int mode_dinamis);
      |             ^~~~~~~~~~~~~
../core_c/enki_interpreter.c: In function ‘evaluasi_ekspresi’:
../core_c/enki_interpreter.c:1089:23: error: too few arguments to function ‘ciptakan_kosong’; expected 1, have 0
 1089 |     if (!node) return ciptakan_kosong();
      |                       ^~~~~~~~~~~~~~~
../core_c/../core/enki_object.h:44:13: note: declared here
   44 | EnkiObject* ciptakan_kosong(int mode_dinamis);
      |             ^~~~~~~~~~~~~~~
../core_c/enki_interpreter.c:1104:34: error: too few arguments to function ‘ciptakan_kosong’; expected 1, have 0
 1104 |         if (!teks_mentah) return ciptakan_kosong();
      |                                  ^~~~~~~~~~~~~~~
../core_c/../core/enki_object.h:44:13: note: declared here
   44 | EnkiObject* ciptakan_kosong(int mode_dinamis);
      |             ^~~~~~~~~~~~~~~
../core_c/enki_interpreter.c:1109:20: error: too few arguments to function ‘ciptakan_angka’; expected 2, have 1
 1109 |             return ciptakan_angka(atof(teks_mentah)); // 🪄 Ubah string "2.0" jadi double 2.0
      |                    ^~~~~~~~~~~~~~
../core_c/../core/enki_object.h:38:13: note: declared here
   38 | EnkiObject* ciptakan_angka(double nilai, int mode_dinamis);
      |             ^~~~~~~~~~~~~~
../core_c/enki_interpreter.c:1125:34: error: too few arguments to function ‘ciptakan_teks’; expected 2, have 1
 1125 |         EnkiObject* hasil_teks = ciptakan_teks(teks_final);
      |                                  ^~~~~~~~~~~~~
../core_c/../core/enki_object.h:39:13: note: declared here
   39 | EnkiObject* ciptakan_teks(const char* nilai, int mode_dinamis);
      |             ^~~~~~~~~~~~~
../core_c/enki_interpreter.c:1150:39: error: too few arguments to function ‘ciptakan_teks’; expected 2, have 1
 1150 |         simpan_ke_ram(ram, nama_anon, ciptakan_teks("<fungsi_panah>"));
      |                                       ^~~~~~~~~~~~~
../core_c/../core/enki_object.h:39:13: note: declared here
   39 | EnkiObject* ciptakan_teks(const char* nilai, int mode_dinamis);
      |             ^~~~~~~~~~~~~
../core_c/enki_interpreter.c:1157:16: error: too few arguments to function ‘ciptakan_teks’; expected 2, have 1
 1157 |         return ciptakan_teks(nama_anon); // Kembalikan nama gaibnya ke pemanggil
      |                ^~~~~~~~~~~~~
../core_c/../core/enki_object.h:39:13: note: declared here
   39 | EnkiObject* ciptakan_teks(const char* nilai, int mode_dinamis);
      |             ^~~~~~~~~~~~~
../core_c/enki_interpreter.c:1211:20: error: too few arguments to function ‘ciptakan_kosong’; expected 1, have 0
 1211 |             return ciptakan_kosong();
      |                    ^~~~~~~~~~~~~~~
../core_c/../core/enki_object.h:44:13: note: declared here
   44 | EnkiObject* ciptakan_kosong(int mode_dinamis);
      |             ^~~~~~~~~~~~~~~
../core_c/enki_interpreter.c:1238:41: error: too few arguments to function ‘ciptakan_kosong’; expected 1, have 0
 1238 |                     EnkiObject* hasil = ciptakan_kosong();
      |                                         ^~~~~~~~~~~~~~~
../core_c/../core/enki_object.h:44:13: note: declared here
   44 | EnkiObject* ciptakan_kosong(int mode_dinamis);
      |             ^~~~~~~~~~~~~~~
../core_c/enki_interpreter.c:1239:56: error: too few arguments to function ‘ciptakan_angka’; expected 2, have 1
 1239 |                     if (v->tipe == ENKI_ANGKA) hasil = ciptakan_angka(v->nilai.angka);
      |                                                        ^~~~~~~~~~~~~~
../core_c/../core/enki_object.h:38:13: note: declared here
   38 | EnkiObject* ciptakan_angka(double nilai, int mode_dinamis);
      |             ^~~~~~~~~~~~~~
../core_c/enki_interpreter.c:1240:60: error: too few arguments to function ‘ciptakan_teks’; expected 2, have 1
 1240 |                     else if (v->tipe == ENKI_TEKS) hasil = ciptakan_teks(v->nilai.teks);
      |                                                            ^~~~~~~~~~~~~
../core_c/../core/enki_object.h:39:13: note: declared here
   39 | EnkiObject* ciptakan_teks(const char* nilai, int mode_dinamis);
      |             ^~~~~~~~~~~~~
../core_c/enki_interpreter.c:1241:86: error: too few arguments to function ‘ciptakan_salinan_objek’; expected 2, have 1
 1241 |                     else if (v->tipe == ENKI_OBJEK || v->tipe == ENKI_ARRAY) hasil = ciptakan_salinan_objek(v);
      |                                                                                      ^~~~~~~~~~~~~~~~~~~~~~
../core_c/../core/enki_object.h:43:13: note: declared here
   43 | EnkiObject* ciptakan_salinan_objek(EnkiObject* sumber, int mode_dinamis);
      |             ^~~~~~~~~~~~~~~~~~~~~~
../core_c/enki_interpreter.c:1243:21: error: too few arguments to function ‘hancurkan_objek’; expected 2, have 1
 1243 |                     hancurkan_objek(induk);
      |                     ^~~~~~~~~~~~~~~
../core_c/../core/enki_object.h:47:6: note: declared here
   47 | void hancurkan_objek(EnkiObject* obj, int mode_dinamis);
      |      ^~~~~~~~~~~~~~~
../core_c/enki_interpreter.c:1250:20: error: too few arguments to function ‘hancurkan_objek’; expected 2, have 1
 1250 |         if (induk) hancurkan_objek(induk);
      |                    ^~~~~~~~~~~~~~~
../core_c/../core/enki_object.h:47:6: note: declared here
   47 | void hancurkan_objek(EnkiObject* obj, int mode_dinamis);
      |      ^~~~~~~~~~~~~~~
../core_c/enki_interpreter.c:1263:16: error: too few arguments to function ‘ciptakan_kosong’; expected 1, have 0
 1263 |         return ciptakan_kosong();
      |                ^~~~~~~~~~~~~~~
../core_c/../core/enki_object.h:44:13: note: declared here
   44 | EnkiObject* ciptakan_kosong(int mode_dinamis);
      |             ^~~~~~~~~~~~~~~
../core_c/enki_interpreter.c:1285:24: error: too few arguments to function ‘ciptakan_kosong’; expected 1, have 0
 1285 |                 return ciptakan_kosong();
      |                        ^~~~~~~~~~~~~~~
../core_c/../core/enki_object.h:44:13: note: declared here
   44 | EnkiObject* ciptakan_kosong(int mode_dinamis);
      |             ^~~~~~~~~~~~~~~
../core_c/enki_interpreter.c:1297:37: error: too few arguments to function ‘hancurkan_objek’; expected 2, have 1
 1297 |                 if (*alamat_target) hancurkan_objek(*alamat_target);
      |                                     ^~~~~~~~~~~~~~~
../core_c/../core/enki_object.h:47:6: note: declared here
   47 | void hancurkan_objek(EnkiObject* obj, int mode_dinamis);
      |      ^~~~~~~~~~~~~~~
../core_c/enki_interpreter.c:1305:32: error: too few arguments to function ‘ciptakan_kosong’; expected 1, have 0
 1305 |                         return ciptakan_kosong();
      |                                ^~~~~~~~~~~~~~~
../core_c/../core/enki_object.h:44:13: note: declared here
   44 | EnkiObject* ciptakan_kosong(int mode_dinamis);
      |             ^~~~~~~~~~~~~~~
../core_c/enki_interpreter.c:1307:48: error: too few arguments to function ‘hancurkan_objek’; expected 2, have 1
 1307 |                     if (target_kavling->objek) hancurkan_objek(target_kavling->objek);
      |                                                ^~~~~~~~~~~~~~~
../core_c/../core/enki_object.h:47:6: note: declared here
   47 | void hancurkan_objek(EnkiObject* obj, int mode_dinamis);
      |      ^~~~~~~~~~~~~~~
../core_c/enki_interpreter.c:1314:43: error: too few arguments to function ‘hancurkan_objek’; expected 2, have 1
 1314 |                     if (hasil_masa_depan) hancurkan_objek(hasil_masa_depan);
      |                                           ^~~~~~~~~~~~~~~
../core_c/../core/enki_object.h:47:6: note: declared here
   47 | void hancurkan_objek(EnkiObject* obj, int mode_dinamis);
      |      ^~~~~~~~~~~~~~~
../core_c/enki_interpreter.c:1317:20: error: too few arguments to function ‘ciptakan_kosong’; expected 1, have 0
 1317 |             return ciptakan_kosong();
      |                    ^~~~~~~~~~~~~~~
../core_c/../core/enki_object.h:44:13: note: declared here
   44 | EnkiObject* ciptakan_kosong(int mode_dinamis);
      |             ^~~~~~~~~~~~~~~
../core_c/enki_interpreter.c:1349:35: error: too few arguments to function ‘hancurkan_objek’; expected 2, have 1
 1349 |                     if (obj_kiri) hancurkan_objek(obj_kiri);
      |                                   ^~~~~~~~~~~~~~~
../core_c/../core/enki_object.h:47:6: note: declared here
   47 | void hancurkan_objek(EnkiObject* obj, int mode_dinamis);
      |      ^~~~~~~~~~~~~~~
../core_c/enki_interpreter.c:1350:36: error: too few arguments to function ‘hancurkan_objek’; expected 2, have 1
 1350 |                     if (obj_kanan) hancurkan_objek(obj_kanan);
      |                                    ^~~~~~~~~~~~~~~
../core_c/../core/enki_object.h:47:6: note: declared here
   47 | void hancurkan_objek(EnkiObject* obj, int mode_dinamis);
      |      ^~~~~~~~~~~~~~~
../core_c/enki_interpreter.c:1351:28: error: too few arguments to function ‘ciptakan_teks’; expected 2, have 1
 1351 |                     return ciptakan_teks(gabungan);
      |                            ^~~~~~~~~~~~~
../core_c/../core/enki_object.h:39:13: note: declared here
   39 | EnkiObject* ciptakan_teks(const char* nilai, int mode_dinamis);
      |             ^~~~~~~~~~~~~
../core_c/enki_interpreter.c:1372:23: error: too few arguments to function ‘hancurkan_objek’; expected 2, have 1
 1372 |         if (obj_kiri) hancurkan_objek(obj_kiri);
      |                       ^~~~~~~~~~~~~~~
../core_c/../core/enki_object.h:47:6: note: declared here
   47 | void hancurkan_objek(EnkiObject* obj, int mode_dinamis);
      |      ^~~~~~~~~~~~~~~
../core_c/enki_interpreter.c:1373:24: error: too few arguments to function ‘hancurkan_objek’; expected 2, have 1
 1373 |         if (obj_kanan) hancurkan_objek(obj_kanan);
      |                        ^~~~~~~~~~~~~~~
../core_c/../core/enki_object.h:47:6: note: declared here
   47 | void hancurkan_objek(EnkiObject* obj, int mode_dinamis);
      |      ^~~~~~~~~~~~~~~
../core_c/enki_interpreter.c:1374:16: error: too few arguments to function ‘ciptakan_angka’; expected 2, have 1
 1374 |         return ciptakan_angka(hasil_akhir);
      |                ^~~~~~~~~~~~~~
../core_c/../core/enki_object.h:38:13: note: declared here
   38 | EnkiObject* ciptakan_angka(double nilai, int mode_dinamis);
      |             ^~~~~~~~~~~~~~
../core_c/enki_interpreter.c:1379:33: error: too few arguments to function ‘ciptakan_array’; expected 2, have 1
 1379 |         EnkiObject* obj_array = ciptakan_array(node->jumlah_anak);
      |                                 ^~~~~~~~~~~~~~
../core_c/../core/enki_object.h:40:13: note: declared here
   40 | EnkiObject* ciptakan_array(int kapasitas, int mode_dinamis);
      |             ^~~~~~~~~~~~~~
../core_c/enki_interpreter.c:1386:83: error: too few arguments to function ‘ciptakan_teks’; expected 2, have 1
 1386 |                 if (elemen->tipe == ENKI_TEKS) obj_array->nilai.array_elemen[i] = ciptakan_teks(elemen->nilai.teks);
      |                                                                                   ^~~~~~~~~~~~~
../core_c/../core/enki_object.h:39:13: note: declared here
   39 | EnkiObject* ciptakan_teks(const char* nilai, int mode_dinamis);
      |             ^~~~~~~~~~~~~
../core_c/enki_interpreter.c:1387:89: error: too few arguments to function ‘ciptakan_angka’; expected 2, have 1
 1387 |                 else if (elemen->tipe == ENKI_ANGKA) obj_array->nilai.array_elemen[i] = ciptakan_angka(elemen->nilai.angka);
      |                                                                                         ^~~~~~~~~~~~~~
../core_c/../core/enki_object.h:38:13: note: declared here
   38 | EnkiObject* ciptakan_angka(double nilai, int mode_dinamis);
      |             ^~~~~~~~~~~~~~
../core_c/enki_interpreter.c:1391:56: error: too few arguments to function ‘ciptakan_salinan_objek’; expected 2, have 1
 1391 |                     obj_array->nilai.array_elemen[i] = ciptakan_salinan_objek(elemen);
      |                                                        ^~~~~~~~~~~~~~~~~~~~~~
../core_c/../core/enki_object.h:43:13: note: declared here
   43 | EnkiObject* ciptakan_salinan_objek(EnkiObject* sumber, int mode_dinamis);
      |             ^~~~~~~~~~~~~~~~~~~~~~
../core_c/enki_interpreter.c:1393:57: error: too few arguments to function ‘ciptakan_kosong’; expected 1, have 0
 1393 |                 else obj_array->nilai.array_elemen[i] = ciptakan_kosong();
      |                                                         ^~~~~~~~~~~~~~~
../core_c/../core/enki_object.h:44:13: note: declared here
   44 | EnkiObject* ciptakan_kosong(int mode_dinamis);
      |             ^~~~~~~~~~~~~~~
../core_c/enki_interpreter.c:1395:17: error: too few arguments to function ‘hancurkan_objek’; expected 2, have 1
 1395 |                 hancurkan_objek(elemen);
      |                 ^~~~~~~~~~~~~~~
../core_c/../core/enki_object.h:47:6: note: declared here
   47 | void hancurkan_objek(EnkiObject* obj, int mode_dinamis);
      |      ^~~~~~~~~~~~~~~
../core_c/enki_interpreter.c:1397:52: error: too few arguments to function ‘ciptakan_kosong’; expected 1, have 0
 1397 |                 obj_array->nilai.array_elemen[i] = ciptakan_kosong();
      |                                                    ^~~~~~~~~~~~~~~
../core_c/../core/enki_object.h:44:13: note: declared here
   44 | EnkiObject* ciptakan_kosong(int mode_dinamis);
      |             ^~~~~~~~~~~~~~~
../core_c/enki_interpreter.c:1406:32: error: too few arguments to function ‘ciptakan_objek_peta’; expected 2, have 1
 1406 |         EnkiObject* obj_peta = ciptakan_objek_peta(jumlah_pasangan);
      |                                ^~~~~~~~~~~~~~~~~~~
../core_c/../core/enki_object.h:41:13: note: declared here
   41 | EnkiObject* ciptakan_objek_peta(int kapasitas, int mode_dinamis);
      |             ^~~~~~~~~~~~~~~~~~~
../core_c/enki_interpreter.c:1414:55: error: too few arguments to function ‘ciptakan_teks’; expected 2, have 1
 1414 |                 obj_peta->nilai.objek_peta.kunci[i] = ciptakan_teks(obj_kunci->nilai.teks);
      |                                                       ^~~~~~~~~~~~~
../core_c/../core/enki_object.h:39:13: note: declared here
   39 | EnkiObject* ciptakan_teks(const char* nilai, int mode_dinamis);
      |             ^~~~~~~~~~~~~
../core_c/enki_interpreter.c:1415:56: error: too few arguments to function ‘ciptakan_salinan_objek’; expected 2, have 1
 1415 |                 obj_peta->nilai.objek_peta.konten[i] = ciptakan_salinan_objek(obj_konten);
      |                                                        ^~~~~~~~~~~~~~~~~~~~~~
../core_c/../core/enki_object.h:43:13: note: declared here
   43 | EnkiObject* ciptakan_salinan_objek(EnkiObject* sumber, int mode_dinamis);
      |             ^~~~~~~~~~~~~~~~~~~~~~
../core_c/enki_interpreter.c:1418:28: error: too few arguments to function ‘hancurkan_objek’; expected 2, have 1
 1418 |             if (obj_kunci) hancurkan_objek(obj_kunci);
      |                            ^~~~~~~~~~~~~~~
../core_c/../core/enki_object.h:47:6: note: declared here
   47 | void hancurkan_objek(EnkiObject* obj, int mode_dinamis);
      |      ^~~~~~~~~~~~~~~
../core_c/enki_interpreter.c:1419:29: error: too few arguments to function ‘hancurkan_objek’; expected 2, have 1
 1419 |             if (obj_konten) hancurkan_objek(obj_konten);
      |                             ^~~~~~~~~~~~~~~
../core_c/../core/enki_object.h:47:6: note: declared here
   47 | void hancurkan_objek(EnkiObject* obj, int mode_dinamis);
      |      ^~~~~~~~~~~~~~~
../core_c/enki_interpreter.c:1434:29: error: too few arguments to function ‘hancurkan_objek’; expected 2, have 1
 1434 |             if (obj_target) hancurkan_objek(obj_target);
      |                             ^~~~~~~~~~~~~~~
../core_c/../core/enki_object.h:47:6: note: declared here
   47 | void hancurkan_objek(EnkiObject* obj, int mode_dinamis);
      |      ^~~~~~~~~~~~~~~
../core_c/enki_interpreter.c:1435:20: error: too few arguments to function ‘ciptakan_kosong’; expected 1, have 0
 1435 |             return ciptakan_kosong();
      |                    ^~~~~~~~~~~~~~~
../core_c/../core/enki_object.h:44:13: note: declared here
   44 | EnkiObject* ciptakan_kosong(int mode_dinamis);
      |             ^~~~~~~~~~~~~~~
../core_c/enki_interpreter.c:1439:29: error: too few arguments to function ‘ciptakan_kosong’; expected 1, have 0
 1439 |         EnkiObject* hasil = ciptakan_kosong();
      |                             ^~~~~~~~~~~~~~~
../core_c/../core/enki_object.h:44:13: note: declared here
   44 | EnkiObject* ciptakan_kosong(int mode_dinamis);
      |             ^~~~~~~~~~~~~~~
../core_c/enki_interpreter.c:1470:61: error: too few arguments to function ‘ciptakan_angka’; expected 2, have 1
 1470 |                     if (elemen->tipe == ENKI_ANGKA) hasil = ciptakan_angka(elemen->nilai.angka);
      |                                                             ^~~~~~~~~~~~~~
../core_c/../core/enki_object.h:38:13: note: declared here
   38 | EnkiObject* ciptakan_angka(double nilai, int mode_dinamis);
      |             ^~~~~~~~~~~~~~
../core_c/enki_interpreter.c:1471:65: error: too few arguments to function ‘ciptakan_teks’; expected 2, have 1
 1471 |                     else if (elemen->tipe == ENKI_TEKS) hasil = ciptakan_teks(elemen->nilai.teks);
      |                                                                 ^~~~~~~~~~~~~
../core_c/../core/enki_object.h:39:13: note: declared here
   39 | EnkiObject* ciptakan_teks(const char* nilai, int mode_dinamis);
      |             ^~~~~~~~~~~~~
../core_c/enki_interpreter.c:1473:96: error: too few arguments to function ‘ciptakan_salinan_objek’; expected 2, have 1
 1473 |                     else if (elemen->tipe == ENKI_OBJEK || elemen->tipe == ENKI_ARRAY) hasil = ciptakan_salinan_objek(elemen);
      |                                                                                                ^~~~~~~~~~~~~~~~~~~~~~
../core_c/../core/enki_object.h:43:13: note: declared here
   43 | EnkiObject* ciptakan_salinan_objek(EnkiObject* sumber, int mode_dinamis);
      |             ^~~~~~~~~~~~~~~~~~~~~~
../core_c/enki_interpreter.c:1501:65: error: too few arguments to function ‘ciptakan_angka’; expected 2, have 1
 1501 |                         if (elemen->tipe == ENKI_ANGKA) hasil = ciptakan_angka(elemen->nilai.angka);
      |                                                                 ^~~~~~~~~~~~~~
../core_c/../core/enki_object.h:38:13: note: declared here
   38 | EnkiObject* ciptakan_angka(double nilai, int mode_dinamis);
      |             ^~~~~~~~~~~~~~
../core_c/enki_interpreter.c:1502:69: error: too few arguments to function ‘ciptakan_teks’; expected 2, have 1
 1502 |                         else if (elemen->tipe == ENKI_TEKS) hasil = ciptakan_teks(elemen->nilai.teks);
      |                                                                     ^~~~~~~~~~~~~
../core_c/../core/enki_object.h:39:13: note: declared here
   39 | EnkiObject* ciptakan_teks(const char* nilai, int mode_dinamis);
      |             ^~~~~~~~~~~~~
../core_c/enki_interpreter.c:1504:100: error: too few arguments to function ‘ciptakan_salinan_objek’; expected 2, have 1
 1504 |                         else if (elemen->tipe == ENKI_OBJEK || elemen->tipe == ENKI_ARRAY) hasil = ciptakan_salinan_objek(elemen);
      |                                                                                                    ^~~~~~~~~~~~~~~~~~~~~~
../core_c/../core/enki_object.h:43:13: note: declared here
   43 | EnkiObject* ciptakan_salinan_objek(EnkiObject* sumber, int mode_dinamis);
      |             ^~~~~~~~~~~~~~~~~~~~~~
../core_c/enki_interpreter.c:1524:25: error: too few arguments to function ‘hancurkan_objek’; expected 2, have 1
 1524 |         if (obj_target) hancurkan_objek(obj_target);
      |                         ^~~~~~~~~~~~~~~
../core_c/../core/enki_object.h:47:6: note: declared here
   47 | void hancurkan_objek(EnkiObject* obj, int mode_dinamis);
      |      ^~~~~~~~~~~~~~~
../core_c/enki_interpreter.c:1525:25: error: too few arguments to function ‘hancurkan_objek’; expected 2, have 1
 1525 |         if (obj_indeks) hancurkan_objek(obj_indeks);
      |                         ^~~~~~~~~~~~~~~
../core_c/../core/enki_object.h:47:6: note: declared here
   47 | void hancurkan_objek(EnkiObject* obj, int mode_dinamis);
      |      ^~~~~~~~~~~~~~~
../core_c/enki_interpreter.c:1538:20: error: too few arguments to function ‘ciptakan_kosong’; expected 1, have 0
 1538 |             return ciptakan_kosong(); // Mengembalikan ENKI_KOSONG
      |                    ^~~~~~~~~~~~~~~
../core_c/../core/enki_object.h:44:13: note: declared here
   44 | EnkiObject* ciptakan_kosong(int mode_dinamis);
      |             ^~~~~~~~~~~~~~~
../core_c/enki_interpreter.c:1552:32: error: too few arguments to function ‘hancurkan_objek’; expected 2, have 1
 1552 |                 if (obj_hasil) hancurkan_objek(obj_hasil);
      |                                ^~~~~~~~~~~~~~~
../core_c/../core/enki_object.h:47:6: note: declared here
   47 | void hancurkan_objek(EnkiObject* obj, int mode_dinamis);
      |      ^~~~~~~~~~~~~~~
../core_c/enki_interpreter.c:1556:20: error: too few arguments to function ‘ciptakan_kosong’; expected 1, have 0
 1556 |             return ciptakan_kosong();
      |                    ^~~~~~~~~~~~~~~
../core_c/../core/enki_object.h:44:13: note: declared here
   44 | EnkiObject* ciptakan_kosong(int mode_dinamis);
      |             ^~~~~~~~~~~~~~~
../core_c/enki_interpreter.c:1569:26: error: too few arguments to function ‘hancurkan_objek’; expected 2, have 1
 1569 |             if (str_min) hancurkan_objek(str_min);
      |                          ^~~~~~~~~~~~~~~
../core_c/../core/enki_object.h:47:6: note: declared here
   47 | void hancurkan_objek(EnkiObject* obj, int mode_dinamis);
      |      ^~~~~~~~~~~~~~~
../core_c/enki_interpreter.c:1570:26: error: too few arguments to function ‘hancurkan_objek’; expected 2, have 1
 1570 |             if (str_max) hancurkan_objek(str_max);
      |                          ^~~~~~~~~~~~~~~
../core_c/../core/enki_object.h:47:6: note: declared here
   47 | void hancurkan_objek(EnkiObject* obj, int mode_dinamis);
      |      ^~~~~~~~~~~~~~~
../core_c/enki_interpreter.c:1573:20: error: too few arguments to function ‘ciptakan_angka’; expected 2, have 1
 1573 |             return ciptakan_angka((double)hasil);
      |                    ^~~~~~~~~~~~~~
../core_c/../core/enki_object.h:38:13: note: declared here
   38 | EnkiObject* ciptakan_angka(double nilai, int mode_dinamis);
      |             ^~~~~~~~~~~~~~
../core_c/enki_interpreter.c:1581:22: error: too few arguments to function ‘hancurkan_objek’; expected 2, have 1
 1581 |             if (isi) hancurkan_objek(isi);
      |                      ^~~~~~~~~~~~~~~
../core_c/../core/enki_object.h:47:6: note: declared here
   47 | void hancurkan_objek(EnkiObject* obj, int mode_dinamis);
      |      ^~~~~~~~~~~~~~~
../core_c/enki_interpreter.c:1582:20: error: too few arguments to function ‘ciptakan_angka’; expected 2, have 1
 1582 |             return ciptakan_angka((double)panjang_karakter);
      |                    ^~~~~~~~~~~~~~
../core_c/../core/enki_object.h:38:13: note: declared here
   38 | EnkiObject* ciptakan_angka(double nilai, int mode_dinamis);
      |             ^~~~~~~~~~~~~~
../core_c/enki_interpreter.c:1599:20: error: too few arguments to function ‘ciptakan_teks’; expected 2, have 1
 1599 |             return ciptakan_teks(buffer);
      |                    ^~~~~~~~~~~~~
../core_c/../core/enki_object.h:39:13: note: declared here
   39 | EnkiObject* ciptakan_teks(const char* nilai, int mode_dinamis);
      |             ^~~~~~~~~~~~~
../core_c/enki_interpreter.c:1610:24: error: too few arguments to function ‘ciptakan_kosong’; expected 1, have 0
 1610 |                 return ciptakan_kosong();
      |                        ^~~~~~~~~~~~~~~
../core_c/../core/enki_object.h:44:13: note: declared here
   44 | EnkiObject* ciptakan_kosong(int mode_dinamis);
      |             ^~~~~~~~~~~~~~~
../core_c/enki_interpreter.c:1615:37: error: too few arguments to function ‘ciptakan_kosong’; expected 1, have 0
 1615 |                 EnkiObject* hasil = ciptakan_kosong();
      |                                     ^~~~~~~~~~~~~~~
../core_c/../core/enki_object.h:44:13: note: declared here
   44 | EnkiObject* ciptakan_kosong(int mode_dinamis);
      |             ^~~~~~~~~~~~~~~
../core_c/enki_interpreter.c:1619:29: error: too few arguments to function ‘hancurkan_objek’; expected 2, have 1
 1619 |                             hancurkan_objek(hasil);
      |                             ^~~~~~~~~~~~~~~
../core_c/../core/enki_object.h:47:6: note: declared here
   47 | void hancurkan_objek(EnkiObject* obj, int mode_dinamis);
      |      ^~~~~~~~~~~~~~~
../core_c/enki_interpreter.c:1620:37: error: too few arguments to function ‘ciptakan_salinan_objek’; expected 2, have 1
 1620 |                             hasil = ciptakan_salinan_objek(target->nilai.objek_peta.konten[i]);
      |                                     ^~~~~~~~~~~~~~~~~~~~~~
../core_c/../core/enki_object.h:43:13: note: declared here
   43 | EnkiObject* ciptakan_salinan_objek(EnkiObject* sumber, int mode_dinamis);
      |             ^~~~~~~~~~~~~~~~~~~~~~
../core_c/enki_interpreter.c:1625:29: error: too few arguments to function ‘hancurkan_objek’; expected 2, have 1
 1625 |                 if (target) hancurkan_objek(target);
      |                             ^~~~~~~~~~~~~~~
../core_c/../core/enki_object.h:47:6: note: declared here
   47 | void hancurkan_objek(EnkiObject* obj, int mode_dinamis);
      |      ^~~~~~~~~~~~~~~
../core_c/enki_interpreter.c:1626:28: error: too few arguments to function ‘hancurkan_objek’; expected 2, have 1
 1626 |                 if (kunci) hancurkan_objek(kunci);
      |                            ^~~~~~~~~~~~~~~
../core_c/../core/enki_object.h:47:6: note: declared here
   47 | void hancurkan_objek(EnkiObject* obj, int mode_dinamis);
      |      ^~~~~~~~~~~~~~~
../core_c/enki_interpreter.c:1632:35: error: too few arguments to function ‘ciptakan_array’; expected 2, have 1
 1632 |                 EnkiObject* arr = ciptakan_array(mini->jumlah);
      |                                   ^~~~~~~~~~~~~~
../core_c/../core/enki_object.h:40:13: note: declared here
   40 | EnkiObject* ciptakan_array(int kapasitas, int mode_dinamis);
      |             ^~~~~~~~~~~~~~
../core_c/enki_interpreter.c:1635:50: error: too few arguments to function ‘ciptakan_salinan_objek’; expected 2, have 1
 1635 |                     arr->nilai.array_elemen[i] = ciptakan_salinan_objek(mini->kavling[i].objek);
      |                                                  ^~~~~~~~~~~~~~~~~~~~~~
../core_c/../core/enki_object.h:43:13: note: declared here
   43 | EnkiObject* ciptakan_salinan_objek(EnkiObject* sumber, int mode_dinamis);
      |             ^~~~~~~~~~~~~~~~~~~~~~
../core_c/enki_interpreter.c:1641:25: error: too few arguments to function ‘hancurkan_objek’; expected 2, have 1
 1641 |             if (target) hancurkan_objek(target);
      |                         ^~~~~~~~~~~~~~~
../core_c/../core/enki_object.h:47:6: note: declared here
   47 | void hancurkan_objek(EnkiObject* obj, int mode_dinamis);
      |      ^~~~~~~~~~~~~~~
../core_c/enki_interpreter.c:1649:24: error: too few arguments to function ‘ciptakan_kosong’; expected 1, have 0
 1649 |                 return ciptakan_kosong();
      |                        ^~~~~~~~~~~~~~~
../core_c/../core/enki_object.h:44:13: note: declared here
   44 | EnkiObject* ciptakan_kosong(int mode_dinamis);
      |             ^~~~~~~~~~~~~~~
../core_c/enki_interpreter.c:1663:29: error: too few arguments to function ‘hancurkan_objek’; expected 2, have 1
 1663 |                 if (target) hancurkan_objek(target);
      |                             ^~~~~~~~~~~~~~~
../core_c/../core/enki_object.h:47:6: note: declared here
   47 | void hancurkan_objek(EnkiObject* obj, int mode_dinamis);
      |      ^~~~~~~~~~~~~~~
../core_c/enki_interpreter.c:1664:28: error: too few arguments to function ‘hancurkan_objek’; expected 2, have 1
 1664 |                 if (kunci) hancurkan_objek(kunci);
      |                            ^~~~~~~~~~~~~~~
../core_c/../core/enki_object.h:47:6: note: declared here
   47 | void hancurkan_objek(EnkiObject* obj, int mode_dinamis);
      |      ^~~~~~~~~~~~~~~
../core_c/enki_interpreter.c:1665:24: error: too few arguments to function ‘ciptakan_angka’; expected 2, have 1
 1665 |                 return ciptakan_angka(ada);
      |                        ^~~~~~~~~~~~~~
../core_c/../core/enki_object.h:38:13: note: declared here
   38 | EnkiObject* ciptakan_angka(double nilai, int mode_dinamis);
      |             ^~~~~~~~~~~~~~
../core_c/enki_interpreter.c:1670:35: error: too few arguments to function ‘ciptakan_array’; expected 2, have 1
 1670 |                 EnkiObject* arr = ciptakan_array(mini->jumlah);
      |                                   ^~~~~~~~~~~~~~
../core_c/../core/enki_object.h:40:13: note: declared here
   40 | EnkiObject* ciptakan_array(int kapasitas, int mode_dinamis);
      |             ^~~~~~~~~~~~~~
../core_c/enki_interpreter.c:1673:50: error: too few arguments to function ‘ciptakan_teks’; expected 2, have 1
 1673 |                     arr->nilai.array_elemen[i] = ciptakan_teks(mini->kavling[i].nama);
      |                                                  ^~~~~~~~~~~~~
../core_c/../core/enki_object.h:39:13: note: declared here
   39 | EnkiObject* ciptakan_teks(const char* nilai, int mode_dinamis);
      |             ^~~~~~~~~~~~~
../core_c/enki_interpreter.c:1679:25: error: too few arguments to function ‘hancurkan_objek’; expected 2, have 1
 1679 |             if (target) hancurkan_objek(target);
      |                         ^~~~~~~~~~~~~~~
../core_c/../core/enki_object.h:47:6: note: declared here
   47 | void hancurkan_objek(EnkiObject* obj, int mode_dinamis);
      |      ^~~~~~~~~~~~~~~
../core_c/enki_interpreter.c:1688:24: error: too few arguments to function ‘ciptakan_kosong’; expected 1, have 0
 1688 |                 return ciptakan_kosong();
      |                        ^~~~~~~~~~~~~~~
../core_c/../core/enki_object.h:44:13: note: declared here
   44 | EnkiObject* ciptakan_kosong(int mode_dinamis);
      |             ^~~~~~~~~~~~~~~
../core_c/enki_interpreter.c:1702:17: error: too few arguments to function ‘hancurkan_objek’; expected 2, have 1
 1702 |                 hancurkan_objek(obj_teks);
      |                 ^~~~~~~~~~~~~~~
../core_c/../core/enki_object.h:47:6: note: declared here
   47 | void hancurkan_objek(EnkiObject* obj, int mode_dinamis);
      |      ^~~~~~~~~~~~~~~
../core_c/enki_interpreter.c:1703:37: error: too few arguments to function ‘ciptakan_teks’; expected 2, have 1
 1703 |                 EnkiObject* hasil = ciptakan_teks(teks);
      |                                     ^~~~~~~~~~~~~
../core_c/../core/enki_object.h:39:13: note: declared here
   39 | EnkiObject* ciptakan_teks(const char* nilai, int mode_dinamis);
      |             ^~~~~~~~~~~~~
../core_c/enki_interpreter.c:1707:27: error: too few arguments to function ‘hancurkan_objek’; expected 2, have 1
 1707 |             if (obj_teks) hancurkan_objek(obj_teks);
      |                           ^~~~~~~~~~~~~~~
../core_c/../core/enki_object.h:47:6: note: declared here
   47 | void hancurkan_objek(EnkiObject* obj, int mode_dinamis);
      |      ^~~~~~~~~~~~~~~
../core_c/enki_interpreter.c:1708:20: error: too few arguments to function ‘ciptakan_kosong’; expected 1, have 0
 1708 |             return ciptakan_kosong();
      |                    ^~~~~~~~~~~~~~~
../core_c/../core/enki_object.h:44:13: note: declared here
   44 | EnkiObject* ciptakan_kosong(int mode_dinamis);
      |             ^~~~~~~~~~~~~~~
../core_c/enki_interpreter.c:1717:24: error: too few arguments to function ‘ciptakan_kosong’; expected 1, have 0
 1717 |                 return ciptakan_kosong();
      |                        ^~~~~~~~~~~~~~~
../core_c/../core/enki_object.h:44:13: note: declared here
   44 | EnkiObject* ciptakan_kosong(int mode_dinamis);
      |             ^~~~~~~~~~~~~~~
../core_c/enki_interpreter.c:1730:37: error: too few arguments to function ‘ciptakan_teks’; expected 2, have 1
 1730 |                 EnkiObject* hasil = ciptakan_teks(teks_terbalik);
      |                                     ^~~~~~~~~~~~~
../core_c/../core/enki_object.h:39:13: note: declared here
   39 | EnkiObject* ciptakan_teks(const char* nilai, int mode_dinamis);
      |             ^~~~~~~~~~~~~
../core_c/enki_interpreter.c:1732:17: error: too few arguments to function ‘hancurkan_objek’; expected 2, have 1
 1732 |                 hancurkan_objek(obj_arg);
      |                 ^~~~~~~~~~~~~~~
../core_c/../core/enki_object.h:47:6: note: declared here
   47 | void hancurkan_objek(EnkiObject* obj, int mode_dinamis);
      |      ^~~~~~~~~~~~~~~
../core_c/enki_interpreter.c:1736:26: error: too few arguments to function ‘hancurkan_objek’; expected 2, have 1
 1736 |             if (obj_arg) hancurkan_objek(obj_arg);
      |                          ^~~~~~~~~~~~~~~
../core_c/../core/enki_object.h:47:6: note: declared here
   47 | void hancurkan_objek(EnkiObject* obj, int mode_dinamis);
      |      ^~~~~~~~~~~~~~~
../core_c/enki_interpreter.c:1737:20: error: too few arguments to function ‘ciptakan_kosong’; expected 1, have 0
 1737 |             return ciptakan_kosong();
      |                    ^~~~~~~~~~~~~~~
../core_c/../core/enki_object.h:44:13: note: declared here
   44 | EnkiObject* ciptakan_kosong(int mode_dinamis);
      |             ^~~~~~~~~~~~~~~
../core_c/enki_interpreter.c:1745:162: error: too few arguments to function ‘ciptakan_kosong’; expected 1, have 0
 1745 |             if (node->jumlah_anak < 1) { pemicu_kiamat_presisi(node, ram, "Fungsi ke_hex() butuh angka!", "Contoh: ke_hex(255) atau ke_hex(\"0b1111\")"); return ciptakan_kosong(); }
      |                                                                                                                                                                  ^~~~~~~~~~~~~~~
../core_c/../core/enki_object.h:44:13: note: declared here
   44 | EnkiObject* ciptakan_kosong(int mode_dinamis);
      |             ^~~~~~~~~~~~~~~
../core_c/enki_interpreter.c:1749:22: error: too few arguments to function ‘hancurkan_objek’; expected 2, have 1
 1749 |             if (arg) hancurkan_objek(arg);
      |                      ^~~~~~~~~~~~~~~
../core_c/../core/enki_object.h:47:6: note: declared here
   47 | void hancurkan_objek(EnkiObject* obj, int mode_dinamis);
      |      ^~~~~~~~~~~~~~~
../core_c/enki_interpreter.c:1752:20: error: too few arguments to function ‘ciptakan_teks’; expected 2, have 1
 1752 |             return ciptakan_teks(buffer);
      |                    ^~~~~~~~~~~~~
../core_c/../core/enki_object.h:39:13: note: declared here
   39 | EnkiObject* ciptakan_teks(const char* nilai, int mode_dinamis);
      |             ^~~~~~~~~~~~~
../core_c/enki_interpreter.c:1755:140: error: too few arguments to function ‘ciptakan_kosong’; expected 1, have 0
 1755 |             if (node->jumlah_anak < 1) { pemicu_kiamat_presisi(node, ram, "Fungsi ke_oktal() butuh angka!", "Contoh: ke_oktal(8)"); return ciptakan_kosong(); }
      |                                                                                                                                            ^~~~~~~~~~~~~~~
../core_c/../core/enki_object.h:44:13: note: declared here
   44 | EnkiObject* ciptakan_kosong(int mode_dinamis);
      |             ^~~~~~~~~~~~~~~
../core_c/enki_interpreter.c:1759:22: error: too few arguments to function ‘hancurkan_objek’; expected 2, have 1
 1759 |             if (arg) hancurkan_objek(arg);
      |                      ^~~~~~~~~~~~~~~
../core_c/../core/enki_object.h:47:6: note: declared here
   47 | void hancurkan_objek(EnkiObject* obj, int mode_dinamis);
      |      ^~~~~~~~~~~~~~~
../core_c/enki_interpreter.c:1762:20: error: too few arguments to function ‘ciptakan_teks’; expected 2, have 1
 1762 |             return ciptakan_teks(buffer);
      |                    ^~~~~~~~~~~~~
../core_c/../core/enki_object.h:39:13: note: declared here
   39 | EnkiObject* ciptakan_teks(const char* nilai, int mode_dinamis);
      |             ^~~~~~~~~~~~~
../core_c/enki_interpreter.c:1765:153: error: too few arguments to function ‘ciptakan_kosong’; expected 1, have 0
 1765 |             if (node->jumlah_anak < 1) { pemicu_kiamat_presisi(node, ram, "Fungsi ke_desimal() butuh argumen!", "Contoh: ke_desimal(\"0xFF\")"); return ciptakan_kosong(); }
      |                                                                                                                                                         ^~~~~~~~~~~~~~~
../core_c/../core/enki_object.h:44:13: note: declared here
   44 | EnkiObject* ciptakan_kosong(int mode_dinamis);
      |             ^~~~~~~~~~~~~~~
../core_c/enki_interpreter.c:1769:22: error: too few arguments to function ‘hancurkan_objek’; expected 2, have 1
 1769 |             if (arg) hancurkan_objek(arg);
      |                      ^~~~~~~~~~~~~~~
../core_c/../core/enki_object.h:47:6: note: declared here
   47 | void hancurkan_objek(EnkiObject* obj, int mode_dinamis);
      |      ^~~~~~~~~~~~~~~
../core_c/enki_interpreter.c:1771:20: error: too few arguments to function ‘ciptakan_angka’; expected 2, have 1
 1771 |             return ciptakan_angka((double)angka); // 🟢 Langsung jadi angka murni!
      |                    ^~~~~~~~~~~~~~
../core_c/../core/enki_object.h:38:13: note: declared here
   38 | EnkiObject* ciptakan_angka(double nilai, int mode_dinamis);
      |             ^~~~~~~~~~~~~~
../core_c/enki_interpreter.c:1774:141: error: too few arguments to function ‘ciptakan_kosong’; expected 1, have 0
 1774 |             if (node->jumlah_anak < 1) { pemicu_kiamat_presisi(node, ram, "Fungsi ke_biner() butuh angka!", "Contoh: ke_biner(10)"); return ciptakan_kosong(); }
      |                                                                                                                                             ^~~~~~~~~~~~~~~
../core_c/../core/enki_object.h:44:13: note: declared here
   44 | EnkiObject* ciptakan_kosong(int mode_dinamis);
      |             ^~~~~~~~~~~~~~~
../core_c/enki_interpreter.c:1778:22: error: too few arguments to function ‘hancurkan_objek’; expected 2, have 1
 1778 |             if (arg) hancurkan_objek(arg);
      |                      ^~~~~~~~~~~~~~~
../core_c/../core/enki_object.h:47:6: note: declared here
   47 | void hancurkan_objek(EnkiObject* obj, int mode_dinamis);
      |      ^~~~~~~~~~~~~~~
../core_c/enki_interpreter.c:1788:20: error: too few arguments to function ‘ciptakan_teks’; expected 2, have 1
 1788 |             return ciptakan_teks(buffer);
      |                    ^~~~~~~~~~~~~
../core_c/../core/enki_object.h:39:13: note: declared here
   39 | EnkiObject* ciptakan_teks(const char* nilai, int mode_dinamis);
      |             ^~~~~~~~~~~~~
../core_c/enki_interpreter.c:1793:143: error: too few arguments to function ‘ciptakan_kosong’; expected 1, have 0
 1793 |             if (node->jumlah_anak < 1) { pemicu_kiamat_presisi(node, ram, "Fungsi bulatkan() butuh angka!", "Contoh: bulatkan(3.14)"); return ciptakan_kosong(); }
      |                                                                                                                                               ^~~~~~~~~~~~~~~
../core_c/../core/enki_object.h:44:13: note: declared here
   44 | EnkiObject* ciptakan_kosong(int mode_dinamis);
      |             ^~~~~~~~~~~~~~~
../core_c/enki_interpreter.c:1796:22: error: too few arguments to function ‘hancurkan_objek’; expected 2, have 1
 1796 |             if (arg) hancurkan_objek(arg);
      |                      ^~~~~~~~~~~~~~~
../core_c/../core/enki_object.h:47:6: note: declared here
   47 | void hancurkan_objek(EnkiObject* obj, int mode_dinamis);
      |      ^~~~~~~~~~~~~~~
../core_c/enki_interpreter.c:1800:20: error: too few arguments to function ‘ciptakan_angka’; expected 2, have 1
 1800 |             return ciptakan_angka(round(angka));
      |                    ^~~~~~~~~~~~~~
../core_c/../core/enki_object.h:38:13: note: declared here
   38 | EnkiObject* ciptakan_angka(double nilai, int mode_dinamis);
      |             ^~~~~~~~~~~~~~
../core_c/enki_interpreter.c:1805:147: error: too few arguments to function ‘ciptakan_kosong’; expected 1, have 0
 1805 |             if (node->jumlah_anak < 1) { pemicu_kiamat_presisi(node, ram, "Fungsi ke_ascii() butuh karakter!", "Contoh: ke_ascii(\"A\")"); return ciptakan_kosong(); }
      |                                                                                                                                                   ^~~~~~~~~~~~~~~
../core_c/../core/enki_object.h:44:13: note: declared here
   44 | EnkiObject* ciptakan_kosong(int mode_dinamis);
      |             ^~~~~~~~~~~~~~~
../core_c/enki_interpreter.c:1811:22: error: too few arguments to function ‘hancurkan_objek’; expected 2, have 1
 1811 |             if (arg) hancurkan_objek(arg);
      |                      ^~~~~~~~~~~~~~~
../core_c/../core/enki_object.h:47:6: note: declared here
   47 | void hancurkan_objek(EnkiObject* obj, int mode_dinamis);
      |      ^~~~~~~~~~~~~~~
../core_c/enki_interpreter.c:1812:20: error: too few arguments to function ‘ciptakan_angka’; expected 2, have 1
 1812 |             return ciptakan_angka(nilai_ascii);
      |                    ^~~~~~~~~~~~~~
../core_c/../core/enki_object.h:38:13: note: declared here
   38 | EnkiObject* ciptakan_angka(double nilai, int mode_dinamis);
      |             ^~~~~~~~~~~~~~
../core_c/enki_interpreter.c:1815:170: error: too few arguments to function ‘ciptakan_kosong’; expected 1, have 0
 1815 |             if (node->jumlah_anak < 1) { pemicu_kiamat_presisi(node, ram, "Fungsi dari_ascii() butuh kode!", "Contoh: dari_ascii(65) atau dari_ascii(\"0x41\")"); return ciptakan_kosong(); }
      |                                                                                                                                                                          ^~~~~~~~~~~~~~~
../core_c/../core/enki_object.h:44:13: note: declared here
   44 | EnkiObject* ciptakan_kosong(int mode_dinamis);
      |             ^~~~~~~~~~~~~~~
../core_c/enki_interpreter.c:1818:22: error: too few arguments to function ‘hancurkan_objek’; expected 2, have 1
 1818 |             if (arg) hancurkan_objek(arg);
      |                      ^~~~~~~~~~~~~~~
../core_c/../core/enki_object.h:47:6: note: declared here
   47 | void hancurkan_objek(EnkiObject* obj, int mode_dinamis);
      |      ^~~~~~~~~~~~~~~
../core_c/enki_interpreter.c:1821:20: error: too few arguments to function ‘ciptakan_teks’; expected 2, have 1
 1821 |             return ciptakan_teks(buffer);
      |                    ^~~~~~~~~~~~~
../core_c/../core/enki_object.h:39:13: note: declared here
   39 | EnkiObject* ciptakan_teks(const char* nilai, int mode_dinamis);
      |             ^~~~~~~~~~~~~
../core_c/enki_interpreter.c:1829:24: error: too few arguments to function ‘ciptakan_angka’; expected 2, have 1
 1829 |                 return ciptakan_angka(0);
      |                        ^~~~~~~~~~~~~~
../core_c/../core/enki_object.h:38:13: note: declared here
   38 | EnkiObject* ciptakan_angka(double nilai, int mode_dinamis);
      |             ^~~~~~~~~~~~~~
../core_c/enki_interpreter.c:1858:27: error: too few arguments to function ‘hancurkan_objek’; expected 2, have 1
 1858 |             if (obj_teks) hancurkan_objek(obj_teks);
      |                           ^~~~~~~~~~~~~~~
../core_c/../core/enki_object.h:47:6: note: declared here
   47 | void hancurkan_objek(EnkiObject* obj, int mode_dinamis);
      |      ^~~~~~~~~~~~~~~
../core_c/enki_interpreter.c:1859:27: error: too few arguments to function ‘hancurkan_objek’; expected 2, have 1
 1859 |             if (obj_pola) hancurkan_objek(obj_pola);
      |                           ^~~~~~~~~~~~~~~
../core_c/../core/enki_object.h:47:6: note: declared here
   47 | void hancurkan_objek(EnkiObject* obj, int mode_dinamis);
      |      ^~~~~~~~~~~~~~~
../core_c/enki_interpreter.c:1860:20: error: too few arguments to function ‘ciptakan_angka’; expected 2, have 1
 1860 |             return ciptakan_angka((double)hasil_akhir);
      |                    ^~~~~~~~~~~~~~
../core_c/../core/enki_object.h:38:13: note: declared here
   38 | EnkiObject* ciptakan_angka(double nilai, int mode_dinamis);
      |             ^~~~~~~~~~~~~~
../core_c/enki_interpreter.c:1883:27: error: too few arguments to function ‘hancurkan_objek’; expected 2, have 1
 1883 |             if (obj_kode) hancurkan_objek(obj_kode);
      |                           ^~~~~~~~~~~~~~~
../core_c/../core/enki_object.h:47:6: note: declared here
   47 | void hancurkan_objek(EnkiObject* obj, int mode_dinamis);
      |      ^~~~~~~~~~~~~~~
../core_c/enki_interpreter.c:1894:24: error: too few arguments to function ‘ciptakan_kosong’; expected 1, have 0
 1894 |                 return ciptakan_kosong();
      |                        ^~~~~~~~~~~~~~~
../core_c/../core/enki_object.h:44:13: note: declared here
   44 | EnkiObject* ciptakan_kosong(int mode_dinamis);
      |             ^~~~~~~~~~~~~~~
../core_c/enki_interpreter.c:1898:33: error: too few arguments to function ‘ciptakan_teks’; expected 2, have 1
 1898 |             EnkiObject* hasil = ciptakan_teks(input);
      |                                 ^~~~~~~~~~~~~
../core_c/../core/enki_object.h:39:13: note: declared here
   39 | EnkiObject* ciptakan_teks(const char* nilai, int mode_dinamis);
      |             ^~~~~~~~~~~~~
../core_c/enki_interpreter.c:1910:24: error: too few arguments to function ‘ciptakan_kosong’; expected 1, have 0
 1910 |                 return ciptakan_kosong();
      |                        ^~~~~~~~~~~~~~~
../core_c/../core/enki_object.h:44:13: note: declared here
   44 | EnkiObject* ciptakan_kosong(int mode_dinamis);
      |             ^~~~~~~~~~~~~~~
../core_c/enki_interpreter.c:1917:28: error: too few arguments to function ‘hancurkan_objek’; expected 2, have 1
 1917 |             if (obj_pesan) hancurkan_objek(obj_pesan);
      |                            ^~~~~~~~~~~~~~~
../core_c/../core/enki_object.h:47:6: note: declared here
   47 | void hancurkan_objek(EnkiObject* obj, int mode_dinamis);
      |      ^~~~~~~~~~~~~~~
../core_c/enki_interpreter.c:1918:33: error: too few arguments to function ‘ciptakan_teks’; expected 2, have 1
 1918 |             EnkiObject* hasil = ciptakan_teks(input);
      |                                 ^~~~~~~~~~~~~
../core_c/../core/enki_object.h:39:13: note: declared here
   39 | EnkiObject* ciptakan_teks(const char* nilai, int mode_dinamis);
      |             ^~~~~~~~~~~~~
../core_c/enki_interpreter.c:1943:28: error: too few arguments to function ‘hancurkan_objek’; expected 2, have 1
 1943 |             if (obj_pesan) hancurkan_objek(obj_pesan);
      |                            ^~~~~~~~~~~~~~~
../core_c/../core/enki_object.h:47:6: note: declared here
   47 | void hancurkan_objek(EnkiObject* obj, int mode_dinamis);
      |      ^~~~~~~~~~~~~~~
../core_c/enki_interpreter.c:1944:33: error: too few arguments to function ‘ciptakan_teks’; expected 2, have 1
 1944 |             EnkiObject* hasil = ciptakan_teks(hasil_bisik);
      |                                 ^~~~~~~~~~~~~
../core_c/../core/enki_object.h:39:13: note: declared here
   39 | EnkiObject* ciptakan_teks(const char* nilai, int mode_dinamis);
      |             ^~~~~~~~~~~~~
../core_c/enki_interpreter.c:1953:47: error: too few arguments to function ‘ciptakan_kosong’; expected 1, have 0
 1953 |             if (node->jumlah_anak < 1) return ciptakan_kosong();
      |                                               ^~~~~~~~~~~~~~~
../core_c/../core/enki_object.h:44:13: note: declared here
   44 | EnkiObject* ciptakan_kosong(int mode_dinamis);
      |             ^~~~~~~~~~~~~~~
../core_c/enki_interpreter.c:1956:33: error: too few arguments to function ‘ciptakan_kosong’; expected 1, have 0
 1956 |             EnkiObject* hasil = ciptakan_kosong();
      |                                 ^~~~~~~~~~~~~~~
../core_c/../core/enki_object.h:44:13: note: declared here
   44 | EnkiObject* ciptakan_kosong(int mode_dinamis);
      |             ^~~~~~~~~~~~~~~
../core_c/enki_interpreter.c:1971:33: error: too few arguments to function ‘ciptakan_salinan_objek’; expected 2, have 1
 1971 |                         hasil = ciptakan_salinan_objek(ram->kavling[i].objek);
      |                                 ^~~~~~~~~~~~~~~~~~~~~~
../core_c/../core/enki_object.h:43:13: note: declared here
   43 | EnkiObject* ciptakan_salinan_objek(EnkiObject* sumber, int mode_dinamis);
      |             ^~~~~~~~~~~~~~~~~~~~~~
../core_c/enki_interpreter.c:1984:28: error: too few arguments to function ‘hancurkan_objek’; expected 2, have 1
 1984 |             if (obj_kunci) hancurkan_objek(obj_kunci);
      |                            ^~~~~~~~~~~~~~~
../core_c/../core/enki_object.h:47:6: note: declared here
   47 | void hancurkan_objek(EnkiObject* obj, int mode_dinamis);
      |      ^~~~~~~~~~~~~~~
../core_c/enki_interpreter.c:1997:24: error: too few arguments to function ‘ciptakan_kosong’; expected 1, have 0
 1997 |                 return ciptakan_kosong();
      |                        ^~~~~~~~~~~~~~~
../core_c/../core/enki_object.h:44:13: note: declared here
   44 | EnkiObject* ciptakan_kosong(int mode_dinamis);
      |             ^~~~~~~~~~~~~~~
../core_c/enki_interpreter.c:2018:47: error: too few arguments to function ‘ciptakan_teks’; expected 2, have 1
 2018 |                     EnkiObject* hasil_akhir = ciptakan_teks(respon_mentah);
      |                                               ^~~~~~~~~~~~~
../core_c/../core/enki_object.h:39:13: note: declared here
   39 | EnkiObject* ciptakan_teks(const char* nilai, int mode_dinamis);
      |             ^~~~~~~~~~~~~
../core_c/enki_interpreter.c:2023:21: error: too few arguments to function ‘hancurkan_objek’; expected 2, have 1
 2023 |                     hancurkan_objek(obj_tautan);
      |                     ^~~~~~~~~~~~~~~
../core_c/../core/enki_object.h:47:6: note: declared here
   47 | void hancurkan_objek(EnkiObject* obj, int mode_dinamis);
      |      ^~~~~~~~~~~~~~~
../core_c/enki_interpreter.c:2034:29: error: too few arguments to function ‘hancurkan_objek’; expected 2, have 1
 2034 |             if (obj_tautan) hancurkan_objek(obj_tautan);
      |                             ^~~~~~~~~~~~~~~
../core_c/../core/enki_object.h:47:6: note: declared here
   47 | void hancurkan_objek(EnkiObject* obj, int mode_dinamis);
      |      ^~~~~~~~~~~~~~~
../core_c/enki_interpreter.c:2035:20: error: too few arguments to function ‘ciptakan_kosong’; expected 1, have 0
 2035 |             return ciptakan_kosong();
      |                    ^~~~~~~~~~~~~~~
../core_c/../core/enki_object.h:44:13: note: declared here
   44 | EnkiObject* ciptakan_kosong(int mode_dinamis);
      |             ^~~~~~~~~~~~~~~
../core_c/enki_interpreter.c:2044:24: error: too few arguments to function ‘ciptakan_kosong’; expected 1, have 0
 2044 |                 return ciptakan_kosong();
      |                        ^~~~~~~~~~~~~~~
../core_c/../core/enki_object.h:44:13: note: declared here
   44 | EnkiObject* ciptakan_kosong(int mode_dinamis);
      |             ^~~~~~~~~~~~~~~
../core_c/enki_interpreter.c:2067:51: error: too few arguments to function ‘ciptakan_teks’; expected 2, have 1
 2067 |                         EnkiObject* hasil_akhir = ciptakan_teks(respon_mentah);
      |                                                   ^~~~~~~~~~~~~
../core_c/../core/enki_object.h:39:13: note: declared here
   39 | EnkiObject* ciptakan_teks(const char* nilai, int mode_dinamis);
      |             ^~~~~~~~~~~~~
../core_c/enki_interpreter.c:2071:25: error: too few arguments to function ‘hancurkan_objek’; expected 2, have 1
 2071 |                         hancurkan_objek(obj_tautan);
      |                         ^~~~~~~~~~~~~~~
../core_c/../core/enki_object.h:47:6: note: declared here
   47 | void hancurkan_objek(EnkiObject* obj, int mode_dinamis);
      |      ^~~~~~~~~~~~~~~
../core_c/enki_interpreter.c:2072:25: error: too few arguments to function ‘hancurkan_objek’; expected 2, have 1
 2072 |                         hancurkan_objek(obj_data);
      |                         ^~~~~~~~~~~~~~~
../core_c/../core/enki_object.h:47:6: note: declared here
   47 | void hancurkan_objek(EnkiObject* obj, int mode_dinamis);
      |      ^~~~~~~~~~~~~~~
../core_c/enki_interpreter.c:2086:29: error: too few arguments to function ‘hancurkan_objek’; expected 2, have 1
 2086 |             if (obj_tautan) hancurkan_objek(obj_tautan);
      |                             ^~~~~~~~~~~~~~~
../core_c/../core/enki_object.h:47:6: note: declared here
   47 | void hancurkan_objek(EnkiObject* obj, int mode_dinamis);
      |      ^~~~~~~~~~~~~~~
../core_c/enki_interpreter.c:2087:27: error: too few arguments to function ‘hancurkan_objek’; expected 2, have 1
 2087 |             if (obj_data) hancurkan_objek(obj_data);
      |                           ^~~~~~~~~~~~~~~
../core_c/../core/enki_object.h:47:6: note: declared here
   47 | void hancurkan_objek(EnkiObject* obj, int mode_dinamis);
      |      ^~~~~~~~~~~~~~~
../core_c/enki_interpreter.c:2088:20: error: too few arguments to function ‘ciptakan_kosong’; expected 1, have 0
 2088 |             return ciptakan_kosong();
      |                    ^~~~~~~~~~~~~~~
../core_c/../core/enki_object.h:44:13: note: declared here
   44 | EnkiObject* ciptakan_kosong(int mode_dinamis);
      |             ^~~~~~~~~~~~~~~
../core_c/enki_interpreter.c:2095:47: error: too few arguments to function ‘ciptakan_kosong’; expected 1, have 0
 2095 |             if (node->jumlah_anak < 3) return ciptakan_kosong();
      |                                               ^~~~~~~~~~~~~~~
../core_c/../core/enki_object.h:44:13: note: declared here
   44 | EnkiObject* ciptakan_kosong(int mode_dinamis);
      |             ^~~~~~~~~~~~~~~
../core_c/enki_interpreter.c:2107:25: error: too few arguments to function ‘hancurkan_objek’; expected 2, have 1
 2107 |                         hancurkan_objek(obj_target->nilai.objek_peta.konten[i]);
      |                         ^~~~~~~~~~~~~~~
../core_c/../core/enki_object.h:47:6: note: declared here
   47 | void hancurkan_objek(EnkiObject* obj, int mode_dinamis);
      |      ^~~~~~~~~~~~~~~
../core_c/enki_interpreter.c:2108:66: error: too few arguments to function ‘ciptakan_salinan_objek’; expected 2, have 1
 2108 |                         obj_target->nilai.objek_peta.konten[i] = ciptakan_salinan_objek(elemen_baru);
      |                                                                  ^~~~~~~~~~~~~~~~~~~~~~
../core_c/../core/enki_object.h:43:13: note: declared here
   43 | EnkiObject* ciptakan_salinan_objek(EnkiObject* sumber, int mode_dinamis);
      |             ^~~~~~~~~~~~~~~~~~~~~~
../core_c/enki_interpreter.c:2116:79: error: too few arguments to function ‘ciptakan_salinan_objek’; expected 2, have 1
 2116 |                     obj_target->nilai.objek_peta.kunci[obj_target->panjang] = ciptakan_salinan_objek(obj_kunci);
      |                                                                               ^~~~~~~~~~~~~~~~~~~~~~
../core_c/../core/enki_object.h:43:13: note: declared here
   43 | EnkiObject* ciptakan_salinan_objek(EnkiObject* sumber, int mode_dinamis);
      |             ^~~~~~~~~~~~~~~~~~~~~~
../core_c/enki_interpreter.c:2117:80: error: too few arguments to function ‘ciptakan_salinan_objek’; expected 2, have 1
 2117 |                     obj_target->nilai.objek_peta.konten[obj_target->panjang] = ciptakan_salinan_objek(elemen_baru);
      |                                                                                ^~~~~~~~~~~~~~~~~~~~~~
../core_c/../core/enki_object.h:43:13: note: declared here
   43 | EnkiObject* ciptakan_salinan_objek(EnkiObject* sumber, int mode_dinamis);
      |             ^~~~~~~~~~~~~~~~~~~~~~
../core_c/enki_interpreter.c:2124:28: error: too few arguments to function ‘hancurkan_objek’; expected 2, have 1
 2124 |             if (obj_kunci) hancurkan_objek(obj_kunci);
      |                            ^~~~~~~~~~~~~~~
../core_c/../core/enki_object.h:47:6: note: declared here
   47 | void hancurkan_objek(EnkiObject* obj, int mode_dinamis);
      |      ^~~~~~~~~~~~~~~
../core_c/enki_interpreter.c:2125:30: error: too few arguments to function ‘hancurkan_objek’; expected 2, have 1
 2125 |             if (elemen_baru) hancurkan_objek(elemen_baru);
      |                              ^~~~~~~~~~~~~~~
../core_c/../core/enki_object.h:47:6: note: declared here
   47 | void hancurkan_objek(EnkiObject* obj, int mode_dinamis);
      |      ^~~~~~~~~~~~~~~
../core_c/enki_interpreter.c:2126:20: error: too few arguments to function ‘ciptakan_kosong’; expected 1, have 0
 2126 |             return ciptakan_kosong();
      |                    ^~~~~~~~~~~~~~~
../core_c/../core/enki_object.h:44:13: note: declared here
   44 | EnkiObject* ciptakan_kosong(int mode_dinamis);
      |             ^~~~~~~~~~~~~~~
../core_c/enki_interpreter.c:2133:150: error: too few arguments to function ‘ciptakan_kosong’; expected 1, have 0
 2133 |             if (ram->status_array_statis == 0) { pemicu_kiamat_presisi(node, ram, "Sihir Statis Tertidur!", "Gunakan 'untuk array.statis'."); return ciptakan_kosong(); }
      |                                                                                                                                                      ^~~~~~~~~~~~~~~
../core_c/../core/enki_object.h:44:13: note: declared here
   44 | EnkiObject* ciptakan_kosong(int mode_dinamis);
      |             ^~~~~~~~~~~~~~~
../core_c/enki_interpreter.c:2135:20: error: too few arguments to function ‘ciptakan_kosong’; expected 1, have 0
 2135 |             return ciptakan_kosong();
      |                    ^~~~~~~~~~~~~~~
../core_c/../core/enki_object.h:44:13: note: declared here
   44 | EnkiObject* ciptakan_kosong(int mode_dinamis);
      |             ^~~~~~~~~~~~~~~
../core_c/enki_interpreter.c:2148:24: error: too few arguments to function ‘ciptakan_kosong’; expected 1, have 0
 2148 |                 return ciptakan_kosong();
      |                        ^~~~~~~~~~~~~~~
../core_c/../core/enki_object.h:44:13: note: declared here
   44 | EnkiObject* ciptakan_kosong(int mode_dinamis);
      |             ^~~~~~~~~~~~~~~
../core_c/enki_interpreter.c:2164:27: error: too few arguments to function ‘hancurkan_objek’; expected 2, have 1
 2164 |             if (obj_kode) hancurkan_objek(obj_kode);
      |                           ^~~~~~~~~~~~~~~
../core_c/../core/enki_object.h:47:6: note: declared here
   47 | void hancurkan_objek(EnkiObject* obj, int mode_dinamis);
      |      ^~~~~~~~~~~~~~~
../core_c/enki_interpreter.c:2165:20: error: too few arguments to function ‘ciptakan_kosong’; expected 1, have 0
 2165 |             return ciptakan_kosong();
      |                    ^~~~~~~~~~~~~~~
../core_c/../core/enki_object.h:44:13: note: declared here
   44 | EnkiObject* ciptakan_kosong(int mode_dinamis);
      |             ^~~~~~~~~~~~~~~
../core_c/enki_interpreter.c:2175:24: error: too few arguments to function ‘ciptakan_kosong’; expected 1, have 0
 2175 |                 return ciptakan_kosong();
      |                        ^~~~~~~~~~~~~~~
../core_c/../core/enki_object.h:44:13: note: declared here
   44 | EnkiObject* ciptakan_kosong(int mode_dinamis);
      |             ^~~~~~~~~~~~~~~
../core_c/enki_interpreter.c:2181:37: error: too few arguments to function ‘ciptakan_teks’; expected 2, have 1
 2181 |                 EnkiObject* hasil = ciptakan_teks(output ? output : "");
      |                                     ^~~~~~~~~~~~~
../core_c/../core/enki_object.h:39:13: note: declared here
   39 | EnkiObject* ciptakan_teks(const char* nilai, int mode_dinamis);
      |             ^~~~~~~~~~~~~
../core_c/enki_interpreter.c:2183:17: error: too few arguments to function ‘hancurkan_objek’; expected 2, have 1
 2183 |                 hancurkan_objek(obj_arg);
      |                 ^~~~~~~~~~~~~~~
../core_c/../core/enki_object.h:47:6: note: declared here
   47 | void hancurkan_objek(EnkiObject* obj, int mode_dinamis);
      |      ^~~~~~~~~~~~~~~
../core_c/enki_interpreter.c:2186:26: error: too few arguments to function ‘hancurkan_objek’; expected 2, have 1
 2186 |             if (obj_arg) hancurkan_objek(obj_arg);
      |                          ^~~~~~~~~~~~~~~
../core_c/../core/enki_object.h:47:6: note: declared here
   47 | void hancurkan_objek(EnkiObject* obj, int mode_dinamis);
      |      ^~~~~~~~~~~~~~~
../core_c/enki_interpreter.c:2187:20: error: too few arguments to function ‘ciptakan_kosong’; expected 1, have 0
 2187 |             return ciptakan_kosong();
      |                    ^~~~~~~~~~~~~~~
../core_c/../core/enki_object.h:44:13: note: declared here
   44 | EnkiObject* ciptakan_kosong(int mode_dinamis);
      |             ^~~~~~~~~~~~~~~
../core_c/enki_interpreter.c:2198:24: error: too few arguments to function ‘ciptakan_kosong’; expected 1, have 0
 2198 |                 return ciptakan_kosong();
      |                        ^~~~~~~~~~~~~~~
../core_c/../core/enki_object.h:44:13: note: declared here
   44 | EnkiObject* ciptakan_kosong(int mode_dinamis);
      |             ^~~~~~~~~~~~~~~
../core_c/enki_interpreter.c:2207:45: error: too few arguments to function ‘ciptakan_teks’; expected 2, have 1
 2207 |                 EnkiObject* obj_kembalian = ciptakan_teks(hasil_hash);
      |                                             ^~~~~~~~~~~~~
../core_c/../core/enki_object.h:39:13: note: declared here
   39 | EnkiObject* ciptakan_teks(const char* nilai, int mode_dinamis);
      |             ^~~~~~~~~~~~~
../core_c/enki_interpreter.c:2209:17: error: too few arguments to function ‘hancurkan_objek’; expected 2, have 1
 2209 |                 hancurkan_objek(arg_teks);
      |                 ^~~~~~~~~~~~~~~
../core_c/../core/enki_object.h:47:6: note: declared here
   47 | void hancurkan_objek(EnkiObject* obj, int mode_dinamis);
      |      ^~~~~~~~~~~~~~~
../core_c/enki_interpreter.c:2214:27: error: too few arguments to function ‘hancurkan_objek’; expected 2, have 1
 2214 |             if (arg_teks) hancurkan_objek(arg_teks);
      |                           ^~~~~~~~~~~~~~~
../core_c/../core/enki_object.h:47:6: note: declared here
   47 | void hancurkan_objek(EnkiObject* obj, int mode_dinamis);
      |      ^~~~~~~~~~~~~~~
../core_c/enki_interpreter.c:2215:20: error: too few arguments to function ‘ciptakan_kosong’; expected 1, have 0
 2215 |             return ciptakan_kosong();
      |                    ^~~~~~~~~~~~~~~
../core_c/../core/enki_object.h:44:13: note: declared here
   44 | EnkiObject* ciptakan_kosong(int mode_dinamis);
      |             ^~~~~~~~~~~~~~~
../core_c/enki_interpreter.c:2224:24: error: too few arguments to function ‘ciptakan_kosong’; expected 1, have 0
 2224 |                 return ciptakan_kosong();
      |                        ^~~~~~~~~~~~~~~
../core_c/../core/enki_object.h:44:13: note: declared here
   44 | EnkiObject* ciptakan_kosong(int mode_dinamis);
      |             ^~~~~~~~~~~~~~~
../core_c/enki_interpreter.c:2231:37: error: too few arguments to function ‘ciptakan_kosong’; expected 1, have 0
 2231 |                 EnkiObject* hasil = ciptakan_kosong();
      |                                     ^~~~~~~~~~~~~~~
../core_c/../core/enki_object.h:44:13: note: declared here
   44 | EnkiObject* ciptakan_kosong(int mode_dinamis);
      |             ^~~~~~~~~~~~~~~
../core_c/enki_interpreter.c:2244:29: error: too few arguments to function ‘ciptakan_teks’; expected 2, have 1
 2244 |                     hasil = ciptakan_teks(b64_mentah);
      |                             ^~~~~~~~~~~~~
../core_c/../core/enki_object.h:39:13: note: declared here
   39 | EnkiObject* ciptakan_teks(const char* nilai, int mode_dinamis);
      |             ^~~~~~~~~~~~~
../core_c/enki_interpreter.c:2262:33: error: too few arguments to function ‘ciptakan_teks’; expected 2, have 1
 2262 |                         hasil = ciptakan_teks(teks_pulih);
      |                                 ^~~~~~~~~~~~~
../core_c/../core/enki_object.h:39:13: note: declared here
   39 | EnkiObject* ciptakan_teks(const char* nilai, int mode_dinamis);
      |             ^~~~~~~~~~~~~
../core_c/enki_interpreter.c:2267:17: error: too few arguments to function ‘hancurkan_objek’; expected 2, have 1
 2267 |                 hancurkan_objek(obj_teks); hancurkan_objek(obj_kunci);
      |                 ^~~~~~~~~~~~~~~
../core_c/../core/enki_object.h:47:6: note: declared here
   47 | void hancurkan_objek(EnkiObject* obj, int mode_dinamis);
      |      ^~~~~~~~~~~~~~~
../core_c/enki_interpreter.c:2267:44: error: too few arguments to function ‘hancurkan_objek’; expected 2, have 1
 2267 |                 hancurkan_objek(obj_teks); hancurkan_objek(obj_kunci);
      |                                            ^~~~~~~~~~~~~~~
../core_c/../core/enki_object.h:47:6: note: declared here
   47 | void hancurkan_objek(EnkiObject* obj, int mode_dinamis);
      |      ^~~~~~~~~~~~~~~
../core_c/enki_interpreter.c:2270:27: error: too few arguments to function ‘hancurkan_objek’; expected 2, have 1
 2270 |             if (obj_teks) hancurkan_objek(obj_teks);
      |                           ^~~~~~~~~~~~~~~
../core_c/../core/enki_object.h:47:6: note: declared here
   47 | void hancurkan_objek(EnkiObject* obj, int mode_dinamis);
      |      ^~~~~~~~~~~~~~~
../core_c/enki_interpreter.c:2271:28: error: too few arguments to function ‘hancurkan_objek’; expected 2, have 1
 2271 |             if (obj_kunci) hancurkan_objek(obj_kunci);
      |                            ^~~~~~~~~~~~~~~
../core_c/../core/enki_object.h:47:6: note: declared here
   47 | void hancurkan_objek(EnkiObject* obj, int mode_dinamis);
      |      ^~~~~~~~~~~~~~~
../core_c/enki_interpreter.c:2272:20: error: too few arguments to function ‘ciptakan_kosong’; expected 1, have 0
 2272 |             return ciptakan_kosong();
      |                    ^~~~~~~~~~~~~~~
../core_c/../core/enki_object.h:44:13: note: declared here
   44 | EnkiObject* ciptakan_kosong(int mode_dinamis);
      |             ^~~~~~~~~~~~~~~
../core_c/enki_interpreter.c:2284:24: error: too few arguments to function ‘ciptakan_kosong’; expected 1, have 0
 2284 |                 return ciptakan_kosong();
      |                        ^~~~~~~~~~~~~~~
../core_c/../core/enki_object.h:44:13: note: declared here
   44 | EnkiObject* ciptakan_kosong(int mode_dinamis);
      |             ^~~~~~~~~~~~~~~
../core_c/enki_interpreter.c:2327:13: error: too few arguments to function ‘hancurkan_objek’; expected 2, have 1
 2327 |             hancurkan_objek(obj_sumber); hancurkan_objek(obj_kunci); hancurkan_objek(obj_target);
      |             ^~~~~~~~~~~~~~~
../core_c/../core/enki_object.h:47:6: note: declared here
   47 | void hancurkan_objek(EnkiObject* obj, int mode_dinamis);
      |      ^~~~~~~~~~~~~~~
../core_c/enki_interpreter.c:2327:42: error: too few arguments to function ‘hancurkan_objek’; expected 2, have 1
 2327 |             hancurkan_objek(obj_sumber); hancurkan_objek(obj_kunci); hancurkan_objek(obj_target);
      |                                          ^~~~~~~~~~~~~~~
../core_c/../core/enki_object.h:47:6: note: declared here
   47 | void hancurkan_objek(EnkiObject* obj, int mode_dinamis);
      |      ^~~~~~~~~~~~~~~
../core_c/enki_interpreter.c:2327:70: error: too few arguments to function ‘hancurkan_objek’; expected 2, have 1
 2327 |             hancurkan_objek(obj_sumber); hancurkan_objek(obj_kunci); hancurkan_objek(obj_target);
      |                                                                      ^~~~~~~~~~~~~~~
../core_c/../core/enki_object.h:47:6: note: declared here
   47 | void hancurkan_objek(EnkiObject* obj, int mode_dinamis);
      |      ^~~~~~~~~~~~~~~
../core_c/enki_interpreter.c:2328:20: error: too few arguments to function ‘ciptakan_kosong’; expected 1, have 0
 2328 |             return ciptakan_kosong();
      |                    ^~~~~~~~~~~~~~~
../core_c/../core/enki_object.h:44:13: note: declared here
   44 | EnkiObject* ciptakan_kosong(int mode_dinamis);
      |             ^~~~~~~~~~~~~~~
../core_c/enki_interpreter.c:2338:24: error: too few arguments to function ‘ciptakan_kosong’; expected 1, have 0
 2338 |                 return ciptakan_kosong();
      |                        ^~~~~~~~~~~~~~~
../core_c/../core/enki_object.h:44:13: note: declared here
   44 | EnkiObject* ciptakan_kosong(int mode_dinamis);
      |             ^~~~~~~~~~~~~~~
../core_c/enki_interpreter.c:2345:39: error: too few arguments to function ‘ciptakan_kosong’; expected 1, have 0
 2345 |             EnkiObject* hasil_final = ciptakan_kosong();
      |                                       ^~~~~~~~~~~~~~~
../core_c/../core/enki_object.h:44:13: note: declared here
   44 | EnkiObject* ciptakan_kosong(int mode_dinamis);
      |             ^~~~~~~~~~~~~~~
../core_c/enki_interpreter.c:2367:35: error: too few arguments to function ‘ciptakan_teks’; expected 2, have 1
 2367 |                     hasil_final = ciptakan_teks(buffer_hasil);
      |                                   ^~~~~~~~~~~~~
../core_c/../core/enki_object.h:39:13: note: declared here
   39 | EnkiObject* ciptakan_teks(const char* nilai, int mode_dinamis);
      |             ^~~~~~~~~~~~~
../core_c/enki_interpreter.c:2369:35: error: too few arguments to function ‘ciptakan_salinan_objek’; expected 2, have 1
 2369 |                     hasil_final = ciptakan_salinan_objek(obj_sumber);
      |                                   ^~~~~~~~~~~~~~~~~~~~~~
../core_c/../core/enki_object.h:43:13: note: declared here
   43 | EnkiObject* ciptakan_salinan_objek(EnkiObject* sumber, int mode_dinamis);
      |             ^~~~~~~~~~~~~~~~~~~~~~
../core_c/enki_interpreter.c:2374:13: error: too few arguments to function ‘hancurkan_objek’; expected 2, have 1
 2374 |             hancurkan_objek(obj_sumber);
      |             ^~~~~~~~~~~~~~~
../core_c/../core/enki_object.h:47:6: note: declared here
   47 | void hancurkan_objek(EnkiObject* obj, int mode_dinamis);
      |      ^~~~~~~~~~~~~~~
../core_c/enki_interpreter.c:2375:13: error: too few arguments to function ‘hancurkan_objek’; expected 2, have 1
 2375 |             hancurkan_objek(obj_dicari);
      |             ^~~~~~~~~~~~~~~
../core_c/../core/enki_object.h:47:6: note: declared here
   47 | void hancurkan_objek(EnkiObject* obj, int mode_dinamis);
      |      ^~~~~~~~~~~~~~~
../core_c/enki_interpreter.c:2376:13: error: too few arguments to function ‘hancurkan_objek’; expected 2, have 1
 2376 |             hancurkan_objek(obj_ganti);
      |             ^~~~~~~~~~~~~~~
../core_c/../core/enki_object.h:47:6: note: declared here
   47 | void hancurkan_objek(EnkiObject* obj, int mode_dinamis);
      |      ^~~~~~~~~~~~~~~
../core_c/enki_interpreter.c:2387:24: error: too few arguments to function ‘ciptakan_kosong’; expected 1, have 0
 2387 |                 return ciptakan_kosong();
      |                        ^~~~~~~~~~~~~~~
../core_c/../core/enki_object.h:44:13: note: declared here
   44 | EnkiObject* ciptakan_kosong(int mode_dinamis);
      |             ^~~~~~~~~~~~~~~
../core_c/enki_interpreter.c:2404:39: error: too few arguments to function ‘ciptakan_array’; expected 2, have 1
 2404 |             EnkiObject* array_hasil = ciptakan_array(jumlah);
      |                                       ^~~~~~~~~~~~~~
../core_c/../core/enki_object.h:40:13: note: declared here
   40 | EnkiObject* ciptakan_array(int kapasitas, int mode_dinamis);
      |             ^~~~~~~~~~~~~~
../core_c/enki_interpreter.c:2410:58: error: too few arguments to function ‘ciptakan_teks’; expected 2, have 1
 2410 |                 array_hasil->nilai.array_elemen[idx++] = ciptakan_teks(token);
      |                                                          ^~~~~~~~~~~~~
../core_c/../core/enki_object.h:39:13: note: declared here
   39 | EnkiObject* ciptakan_teks(const char* nilai, int mode_dinamis);
      |             ^~~~~~~~~~~~~
../core_c/enki_interpreter.c:2415:27: error: too few arguments to function ‘hancurkan_objek’; expected 2, have 1
 2415 |             if (obj_teks) hancurkan_objek(obj_teks);
      |                           ^~~~~~~~~~~~~~~
../core_c/../core/enki_object.h:47:6: note: declared here
   47 | void hancurkan_objek(EnkiObject* obj, int mode_dinamis);
      |      ^~~~~~~~~~~~~~~
../core_c/enki_interpreter.c:2416:30: error: too few arguments to function ‘hancurkan_objek’; expected 2, have 1
 2416 |             if (obj_pemisah) hancurkan_objek(obj_pemisah);
      |                              ^~~~~~~~~~~~~~~
../core_c/../core/enki_object.h:47:6: note: declared here
   47 | void hancurkan_objek(EnkiObject* obj, int mode_dinamis);
      |      ^~~~~~~~~~~~~~~
../core_c/enki_interpreter.c:2426:24: error: too few arguments to function ‘ciptakan_kosong’; expected 1, have 0
 2426 |                 return ciptakan_kosong();
      |                        ^~~~~~~~~~~~~~~
../core_c/../core/enki_object.h:44:13: note: declared here
   44 | EnkiObject* ciptakan_kosong(int mode_dinamis);
      |             ^~~~~~~~~~~~~~~
../core_c/enki_interpreter.c:2432:33: error: too few arguments to function ‘ciptakan_kosong’; expected 1, have 0
 2432 |             EnkiObject* hasil = ciptakan_kosong();
      |                                 ^~~~~~~~~~~~~~~
../core_c/../core/enki_object.h:44:13: note: declared here
   44 | EnkiObject* ciptakan_kosong(int mode_dinamis);
      |             ^~~~~~~~~~~~~~~
../core_c/enki_interpreter.c:2439:60: error: too few arguments to function ‘ciptakan_teks’; expected 2, have 1
 2439 |                     if (elemen->tipe == ENKI_TEKS) hasil = ciptakan_teks(elemen->nilai.teks);
      |                                                            ^~~~~~~~~~~~~
../core_c/../core/enki_object.h:39:13: note: declared here
   39 | EnkiObject* ciptakan_teks(const char* nilai, int mode_dinamis);
      |             ^~~~~~~~~~~~~
../core_c/enki_interpreter.c:2440:66: error: too few arguments to function ‘ciptakan_angka’; expected 2, have 1
 2440 |                     else if (elemen->tipe == ENKI_ANGKA) hasil = ciptakan_angka(elemen->nilai.angka);
      |                                                                  ^~~~~~~~~~~~~~
../core_c/../core/enki_object.h:38:13: note: declared here
   38 | EnkiObject* ciptakan_angka(double nilai, int mode_dinamis);
      |             ^~~~~~~~~~~~~~
../core_c/enki_interpreter.c:2446:28: error: too few arguments to function ‘hancurkan_objek’; expected 2, have 1
 2446 |             if (obj_array) hancurkan_objek(obj_array);
      |                            ^~~~~~~~~~~~~~~
../core_c/../core/enki_object.h:47:6: note: declared here
   47 | void hancurkan_objek(EnkiObject* obj, int mode_dinamis);
      |      ^~~~~~~~~~~~~~~
../core_c/enki_interpreter.c:2447:28: error: too few arguments to function ‘hancurkan_objek’; expected 2, have 1
 2447 |             if (obj_index) hancurkan_objek(obj_index);
      |                            ^~~~~~~~~~~~~~~
../core_c/../core/enki_object.h:47:6: note: declared here
   47 | void hancurkan_objek(EnkiObject* obj, int mode_dinamis);
      |      ^~~~~~~~~~~~~~~
../core_c/enki_interpreter.c:2457:24: error: too few arguments to function ‘ciptakan_kosong’; expected 1, have 0
 2457 |                 return ciptakan_kosong();
      |                        ^~~~~~~~~~~~~~~
../core_c/../core/enki_object.h:44:13: note: declared here
   44 | EnkiObject* ciptakan_kosong(int mode_dinamis);
      |             ^~~~~~~~~~~~~~~
../core_c/enki_interpreter.c:2479:73: error: too few arguments to function ‘ciptakan_salinan_objek’; expected 2, have 1
 2479 |                     obj_array->nilai.array_elemen[obj_array->panjang] = ciptakan_salinan_objek(elemen_baru);
      |                                                                         ^~~~~~~~~~~~~~~~~~~~~~
../core_c/../core/enki_object.h:43:13: note: declared here
   43 | EnkiObject* ciptakan_salinan_objek(EnkiObject* sumber, int mode_dinamis);
      |             ^~~~~~~~~~~~~~~~~~~~~~
../core_c/enki_interpreter.c:2491:34: error: too few arguments to function ‘hancurkan_objek’; expected 2, have 1
 2491 |                 if (elemen_baru) hancurkan_objek(elemen_baru);
      |                                  ^~~~~~~~~~~~~~~
../core_c/../core/enki_object.h:47:6: note: declared here
   47 | void hancurkan_objek(EnkiObject* obj, int mode_dinamis);
      |      ^~~~~~~~~~~~~~~
../core_c/enki_interpreter.c:2495:20: error: too few arguments to function ‘ciptakan_kosong’; expected 1, have 0
 2495 |             return ciptakan_kosong();
      |                    ^~~~~~~~~~~~~~~
../core_c/../core/enki_object.h:44:13: note: declared here
   44 | EnkiObject* ciptakan_kosong(int mode_dinamis);
      |             ^~~~~~~~~~~~~~~
../core_c/enki_interpreter.c:2504:24: error: too few arguments to function ‘ciptakan_kosong’; expected 1, have 0
 2504 |                 return ciptakan_kosong();
      |                        ^~~~~~~~~~~~~~~
../core_c/../core/enki_object.h:44:13: note: declared here
   44 | EnkiObject* ciptakan_kosong(int mode_dinamis);
      |             ^~~~~~~~~~~~~~~
../core_c/enki_interpreter.c:2512:27: error: too few arguments to function ‘hancurkan_objek’; expected 2, have 1
 2512 |             if (obj_pola) hancurkan_objek(obj_pola);
      |                           ^~~~~~~~~~~~~~~
../core_c/../core/enki_object.h:47:6: note: declared here
   47 | void hancurkan_objek(EnkiObject* obj, int mode_dinamis);
      |      ^~~~~~~~~~~~~~~
../core_c/enki_interpreter.c:2515:33: error: too few arguments to function ‘ciptakan_teks’; expected 2, have 1
 2515 |             EnkiObject* hasil = ciptakan_teks(hasil_mentah);
      |                                 ^~~~~~~~~~~~~
../core_c/../core/enki_object.h:39:13: note: declared here
   39 | EnkiObject* ciptakan_teks(const char* nilai, int mode_dinamis);
      |             ^~~~~~~~~~~~~
../core_c/enki_interpreter.c:2525:24: error: too few arguments to function ‘ciptakan_kosong’; expected 1, have 0
 2525 |                 return ciptakan_kosong();
      |                        ^~~~~~~~~~~~~~~
../core_c/../core/enki_object.h:44:13: note: declared here
   44 | EnkiObject* ciptakan_kosong(int mode_dinamis);
      |             ^~~~~~~~~~~~~~~
../core_c/enki_interpreter.c:2533:27: error: too few arguments to function ‘hancurkan_objek’; expected 2, have 1
 2533 |             if (obj_path) hancurkan_objek(obj_path);
      |                           ^~~~~~~~~~~~~~~
../core_c/../core/enki_object.h:47:6: note: declared here
   47 | void hancurkan_objek(EnkiObject* obj, int mode_dinamis);
      |      ^~~~~~~~~~~~~~~
../core_c/enki_interpreter.c:2536:33: error: too few arguments to function ‘ciptakan_teks’; expected 2, have 1
 2536 |             EnkiObject* hasil = ciptakan_teks(hasil_mentah);
      |                                 ^~~~~~~~~~~~~
../core_c/../core/enki_object.h:39:13: note: declared here
   39 | EnkiObject* ciptakan_teks(const char* nilai, int mode_dinamis);
      |             ^~~~~~~~~~~~~
../core_c/enki_interpreter.c:2544:24: error: too few arguments to function ‘ciptakan_kosong’; expected 1, have 0
 2544 |                 return ciptakan_kosong();
      |                        ^~~~~~~~~~~~~~~
../core_c/../core/enki_object.h:44:13: note: declared here
   44 | EnkiObject* ciptakan_kosong(int mode_dinamis);
      |             ^~~~~~~~~~~~~~~
../core_c/enki_interpreter.c:2563:27: error: too few arguments to function ‘hancurkan_objek’; expected 2, have 1
 2563 |             if (obj_path) hancurkan_objek(obj_path);
      |                           ^~~~~~~~~~~~~~~
../core_c/../core/enki_object.h:47:6: note: declared here
   47 | void hancurkan_objek(EnkiObject* obj, int mode_dinamis);
      |      ^~~~~~~~~~~~~~~
../core_c/enki_interpreter.c:2564:29: error: too few arguments to function ‘hancurkan_objek’; expected 2, have 1
 2564 |             if (obj_konten) hancurkan_objek(obj_konten);
      |                             ^~~~~~~~~~~~~~~
../core_c/../core/enki_object.h:47:6: note: declared here
   47 | void hancurkan_objek(EnkiObject* obj, int mode_dinamis);
      |      ^~~~~~~~~~~~~~~
../core_c/enki_interpreter.c:2566:20: error: too few arguments to function ‘ciptakan_kosong’; expected 1, have 0
 2566 |             return ciptakan_kosong();
      |                    ^~~~~~~~~~~~~~~
../core_c/../core/enki_object.h:44:13: note: declared here
   44 | EnkiObject* ciptakan_kosong(int mode_dinamis);
      |             ^~~~~~~~~~~~~~~
../core_c/enki_interpreter.c:2575:24: error: too few arguments to function ‘ciptakan_kosong’; expected 1, have 0
 2575 |                 return ciptakan_kosong();
      |                        ^~~~~~~~~~~~~~~
../core_c/../core/enki_object.h:44:13: note: declared here
   44 | EnkiObject* ciptakan_kosong(int mode_dinamis);
      |             ^~~~~~~~~~~~~~~
../core_c/enki_interpreter.c:2584:48: error: too few arguments to function ‘hancurkan_objek’; expected 2, have 1
 2584 |                 free(path_final); if(obj_path) hancurkan_objek(obj_path);
      |                                                ^~~~~~~~~~~~~~~
../core_c/../core/enki_object.h:47:6: note: declared here
   47 | void hancurkan_objek(EnkiObject* obj, int mode_dinamis);
      |      ^~~~~~~~~~~~~~~
../core_c/enki_interpreter.c:2585:24: error: too few arguments to function ‘ciptakan_kosong’; expected 1, have 0
 2585 |                 return ciptakan_kosong();
      |                        ^~~~~~~~~~~~~~~
../core_c/../core/enki_object.h:44:13: note: declared here
   44 | EnkiObject* ciptakan_kosong(int mode_dinamis);
      |             ^~~~~~~~~~~~~~~
../core_c/enki_interpreter.c:2596:33: error: too few arguments to function ‘ciptakan_blob’; expected 3, have 2
 2596 |             EnkiObject* hasil = ciptakan_blob(buffer_biner, ukuran); // 🟢 BUNGKUS JADI BLOB AMAN
      |                                 ^~~~~~~~~~~~~
../core_c/../core/enki_object.h:42:13: note: declared here
   42 | EnkiObject* ciptakan_blob(const unsigned char* data, size_t ukuran, int mode_dinamis);
      |             ^~~~~~~~~~~~~
../core_c/enki_interpreter.c:2597:65: error: too few arguments to function ‘hancurkan_objek’; expected 2, have 1
 2597 |             free(buffer_biner); free(path_final); if (obj_path) hancurkan_objek(obj_path);
      |                                                                 ^~~~~~~~~~~~~~~
../core_c/../core/enki_object.h:47:6: note: declared here
   47 | void hancurkan_objek(EnkiObject* obj, int mode_dinamis);
      |      ^~~~~~~~~~~~~~~
../core_c/enki_interpreter.c:2605:24: error: too few arguments to function ‘ciptakan_kosong’; expected 1, have 0
 2605 |                 return ciptakan_kosong();
      |                        ^~~~~~~~~~~~~~~
../core_c/../core/enki_object.h:44:13: note: declared here
   44 | EnkiObject* ciptakan_kosong(int mode_dinamis);
      |             ^~~~~~~~~~~~~~~
../core_c/enki_interpreter.c:2618:27: error: too few arguments to function ‘hancurkan_objek’; expected 2, have 1
 2618 |             if (obj_data) hancurkan_objek(obj_data);
      |                           ^~~~~~~~~~~~~~~
../core_c/../core/enki_object.h:47:6: note: declared here
   47 | void hancurkan_objek(EnkiObject* obj, int mode_dinamis);
      |      ^~~~~~~~~~~~~~~
../core_c/enki_interpreter.c:2620:37: error: too few arguments to function ‘ciptakan_teks’; expected 2, have 1
 2620 |                 EnkiObject* hasil = ciptakan_teks(hasil_b64);
      |                                     ^~~~~~~~~~~~~
../core_c/../core/enki_object.h:39:13: note: declared here
   39 | EnkiObject* ciptakan_teks(const char* nilai, int mode_dinamis);
      |             ^~~~~~~~~~~~~
../core_c/enki_interpreter.c:2623:20: error: too few arguments to function ‘ciptakan_kosong’; expected 1, have 0
 2623 |             return ciptakan_kosong();
      |                    ^~~~~~~~~~~~~~~
../core_c/../core/enki_object.h:44:13: note: declared here
   44 | EnkiObject* ciptakan_kosong(int mode_dinamis);
      |             ^~~~~~~~~~~~~~~
../core_c/enki_interpreter.c:2629:24: error: too few arguments to function ‘ciptakan_kosong’; expected 1, have 0
 2629 |                 return ciptakan_kosong();
      |                        ^~~~~~~~~~~~~~~
../core_c/../core/enki_object.h:44:13: note: declared here
   44 | EnkiObject* ciptakan_kosong(int mode_dinamis);
      |             ^~~~~~~~~~~~~~~
../core_c/enki_interpreter.c:2637:41: error: too few arguments to function ‘ciptakan_blob’; expected 3, have 2
 2637 |                     EnkiObject* hasil = ciptakan_blob(biner, ukuran_asli); // 🟢 KEMBALIKAN KE BLOB
      |                                         ^~~~~~~~~~~~~
../core_c/../core/enki_object.h:42:13: note: declared here
   42 | EnkiObject* ciptakan_blob(const unsigned char* data, size_t ukuran, int mode_dinamis);
      |             ^~~~~~~~~~~~~
../core_c/enki_interpreter.c:2638:34: error: too few arguments to function ‘hancurkan_objek’; expected 2, have 1
 2638 |                     free(biner); hancurkan_objek(obj_data); return hasil;
      |                                  ^~~~~~~~~~~~~~~
../core_c/../core/enki_object.h:47:6: note: declared here
   47 | void hancurkan_objek(EnkiObject* obj, int mode_dinamis);
      |      ^~~~~~~~~~~~~~~
../core_c/enki_interpreter.c:2646:27: error: too few arguments to function ‘hancurkan_objek’; expected 2, have 1
 2646 |             if (obj_data) hancurkan_objek(obj_data);
      |                           ^~~~~~~~~~~~~~~
../core_c/../core/enki_object.h:47:6: note: declared here
   47 | void hancurkan_objek(EnkiObject* obj, int mode_dinamis);
      |      ^~~~~~~~~~~~~~~
../core_c/enki_interpreter.c:2647:20: error: too few arguments to function ‘ciptakan_kosong’; expected 1, have 0
 2647 |             return ciptakan_kosong();
      |                    ^~~~~~~~~~~~~~~
../core_c/../core/enki_object.h:44:13: note: declared here
   44 | EnkiObject* ciptakan_kosong(int mode_dinamis);
      |             ^~~~~~~~~~~~~~~
../core_c/enki_interpreter.c:2653:25: error: too few arguments to function ‘ciptakan_kosong’; expected 1, have 0
 2653 |                  return ciptakan_kosong();
      |                         ^~~~~~~~~~~~~~~
../core_c/../core/enki_object.h:44:13: note: declared here
   44 | EnkiObject* ciptakan_kosong(int mode_dinamis);
      |             ^~~~~~~~~~~~~~~
../core_c/enki_interpreter.c:2673:28: error: too few arguments to function ‘hancurkan_objek’; expected 2, have 1
 2673 |              if (obj_path) hancurkan_objek(obj_path);
      |                            ^~~~~~~~~~~~~~~
../core_c/../core/enki_object.h:47:6: note: declared here
   47 | void hancurkan_objek(EnkiObject* obj, int mode_dinamis);
      |      ^~~~~~~~~~~~~~~
../core_c/enki_interpreter.c:2674:28: error: too few arguments to function ‘hancurkan_objek’; expected 2, have 1
 2674 |              if (obj_blob) hancurkan_objek(obj_blob);
      |                            ^~~~~~~~~~~~~~~
../core_c/../core/enki_object.h:47:6: note: declared here
   47 | void hancurkan_objek(EnkiObject* obj, int mode_dinamis);
      |      ^~~~~~~~~~~~~~~
../core_c/enki_interpreter.c:2675:21: error: too few arguments to function ‘ciptakan_kosong’; expected 1, have 0
 2675 |              return ciptakan_kosong();
      |                     ^~~~~~~~~~~~~~~
../core_c/../core/enki_object.h:44:13: note: declared here
   44 | EnkiObject* ciptakan_kosong(int mode_dinamis);
      |             ^~~~~~~~~~~~~~~
../core_c/enki_interpreter.c:2682:24: error: too few arguments to function ‘ciptakan_kosong’; expected 1, have 0
 2682 |                 return ciptakan_kosong();
      |                        ^~~~~~~~~~~~~~~
../core_c/../core/enki_object.h:44:13: note: declared here
   44 | EnkiObject* ciptakan_kosong(int mode_dinamis);
      |             ^~~~~~~~~~~~~~~
../core_c/enki_interpreter.c:2699:29: error: too few arguments to function ‘hancurkan_objek’; expected 2, have 1
 2699 |             if (obj_target) hancurkan_objek(obj_target);
      |                             ^~~~~~~~~~~~~~~
../core_c/../core/enki_object.h:47:6: note: declared here
   47 | void hancurkan_objek(EnkiObject* obj, int mode_dinamis);
      |      ^~~~~~~~~~~~~~~
../core_c/enki_interpreter.c:2700:27: error: too few arguments to function ‘hancurkan_objek’; expected 2, have 1
 2700 |             if (obj_path) hancurkan_objek(obj_path);
      |                           ^~~~~~~~~~~~~~~
../core_c/../core/enki_object.h:47:6: note: declared here
   47 | void hancurkan_objek(EnkiObject* obj, int mode_dinamis);
      |      ^~~~~~~~~~~~~~~
../core_c/enki_interpreter.c:2702:20: error: too few arguments to function ‘ciptakan_kosong’; expected 1, have 0
 2702 |             return ciptakan_kosong();
      |                    ^~~~~~~~~~~~~~~
../core_c/../core/enki_object.h:44:13: note: declared here
   44 | EnkiObject* ciptakan_kosong(int mode_dinamis);
      |             ^~~~~~~~~~~~~~~
../core_c/enki_interpreter.c:2709:24: error: too few arguments to function ‘ciptakan_kosong’; expected 1, have 0
 2709 |                 return ciptakan_kosong();
      |                        ^~~~~~~~~~~~~~~
../core_c/../core/enki_object.h:44:13: note: declared here
   44 | EnkiObject* ciptakan_kosong(int mode_dinamis);
      |             ^~~~~~~~~~~~~~~
../core_c/enki_interpreter.c:2716:41: error: too few arguments to function ‘ciptakan_kosong’; expected 1, have 0
 2716 |             EnkiObject* hasil_bangkit = ciptakan_kosong();
      |                                         ^~~~~~~~~~~~~~~
../core_c/../core/enki_object.h:44:13: note: declared here
   44 | EnkiObject* ciptakan_kosong(int mode_dinamis);
      |             ^~~~~~~~~~~~~~~
../core_c/enki_interpreter.c:2737:27: error: too few arguments to function ‘hancurkan_objek’; expected 2, have 1
 2737 |             if (obj_path) hancurkan_objek(obj_path);
      |                           ^~~~~~~~~~~~~~~
../core_c/../core/enki_object.h:47:6: note: declared here
   47 | void hancurkan_objek(EnkiObject* obj, int mode_dinamis);
      |      ^~~~~~~~~~~~~~~
../core_c/enki_interpreter.c:2748:24: error: too few arguments to function ‘ciptakan_kosong’; expected 1, have 0
 2748 |                 return ciptakan_kosong();
      |                        ^~~~~~~~~~~~~~~
../core_c/../core/enki_object.h:44:13: note: declared here
   44 | EnkiObject* ciptakan_kosong(int mode_dinamis);
      |             ^~~~~~~~~~~~~~~
../core_c/enki_interpreter.c:2755:43: error: too few arguments to function ‘ciptakan_kosong’; expected 1, have 0
 2755 |             EnkiObject* hasil_pencarian = ciptakan_kosong();
      |                                           ^~~~~~~~~~~~~~~
../core_c/../core/enki_object.h:44:13: note: declared here
   44 | EnkiObject* ciptakan_kosong(int mode_dinamis);
      |             ^~~~~~~~~~~~~~~
../core_c/enki_interpreter.c:2783:45: error: too few arguments to function ‘hancurkan_objek’; expected 2, have 1
 2783 |                                             hancurkan_objek(hasil_pencarian);
      |                                             ^~~~~~~~~~~~~~~
../core_c/../core/enki_object.h:47:6: note: declared here
   47 | void hancurkan_objek(EnkiObject* obj, int mode_dinamis);
      |      ^~~~~~~~~~~~~~~
../core_c/enki_interpreter.c:2784:63: error: too few arguments to function ‘ciptakan_salinan_objek’; expected 2, have 1
 2784 |                                             hasil_pencarian = ciptakan_salinan_objek(baris);
      |                                                               ^~~~~~~~~~~~~~~~~~~~~~
../core_c/../core/enki_object.h:43:13: note: declared here
   43 | EnkiObject* ciptakan_salinan_objek(EnkiObject* sumber, int mode_dinamis);
      |             ^~~~~~~~~~~~~~~~~~~~~~
../core_c/enki_interpreter.c:2799:37: error: too few arguments to function ‘hancurkan_objek’; expected 2, have 1
 2799 |                                     hancurkan_objek(hasil_pencarian);
      |                                     ^~~~~~~~~~~~~~~
../core_c/../core/enki_object.h:47:6: note: declared here
   47 | void hancurkan_objek(EnkiObject* obj, int mode_dinamis);
      |      ^~~~~~~~~~~~~~~
../core_c/enki_interpreter.c:2800:55: error: too few arguments to function ‘ciptakan_salinan_objek’; expected 2, have 1
 2800 |                                     hasil_pencarian = ciptakan_salinan_objek(db_sementara);
      |                                                       ^~~~~~~~~~~~~~~~~~~~~~
../core_c/../core/enki_object.h:43:13: note: declared here
   43 | EnkiObject* ciptakan_salinan_objek(EnkiObject* sumber, int mode_dinamis);
      |             ^~~~~~~~~~~~~~~~~~~~~~
../core_c/enki_interpreter.c:2809:39: error: too few arguments to function ‘hancurkan_objek’; expected 2, have 1
 2809 |                     if (db_sementara) hancurkan_objek(db_sementara);
      |                                       ^~~~~~~~~~~~~~~
../core_c/../core/enki_object.h:47:6: note: declared here
   47 | void hancurkan_objek(EnkiObject* obj, int mode_dinamis);
      |      ^~~~~~~~~~~~~~~
../core_c/enki_interpreter.c:2817:13: error: too few arguments to function ‘hancurkan_objek’; expected 2, have 1
 2817 |             hancurkan_objek(obj_path); hancurkan_objek(obj_kunci); hancurkan_objek(obj_nilai);
      |             ^~~~~~~~~~~~~~~
../core_c/../core/enki_object.h:47:6: note: declared here
   47 | void hancurkan_objek(EnkiObject* obj, int mode_dinamis);
      |      ^~~~~~~~~~~~~~~
../core_c/enki_interpreter.c:2817:40: error: too few arguments to function ‘hancurkan_objek’; expected 2, have 1
 2817 |             hancurkan_objek(obj_path); hancurkan_objek(obj_kunci); hancurkan_objek(obj_nilai);
      |                                        ^~~~~~~~~~~~~~~
../core_c/../core/enki_object.h:47:6: note: declared here
   47 | void hancurkan_objek(EnkiObject* obj, int mode_dinamis);
      |      ^~~~~~~~~~~~~~~
../core_c/enki_interpreter.c:2817:68: error: too few arguments to function ‘hancurkan_objek’; expected 2, have 1
 2817 |             hancurkan_objek(obj_path); hancurkan_objek(obj_kunci); hancurkan_objek(obj_nilai);
      |                                                                    ^~~~~~~~~~~~~~~
../core_c/../core/enki_object.h:47:6: note: declared here
   47 | void hancurkan_objek(EnkiObject* obj, int mode_dinamis);
      |      ^~~~~~~~~~~~~~~
../core_c/enki_interpreter.c:2821:17: error: too few arguments to function ‘hancurkan_objek’; expected 2, have 1
 2821 |                 hancurkan_objek(hasil_pencarian);
      |                 ^~~~~~~~~~~~~~~
../core_c/../core/enki_object.h:47:6: note: declared here
   47 | void hancurkan_objek(EnkiObject* obj, int mode_dinamis);
      |      ^~~~~~~~~~~~~~~
../core_c/enki_interpreter.c:2822:35: error: too few arguments to function ‘ciptakan_teks’; expected 2, have 1
 2822 |                 hasil_pencarian = ciptakan_teks("TIDAK_DITEMUKAN");
      |                                   ^~~~~~~~~~~~~
../core_c/../core/enki_object.h:39:13: note: declared here
   39 | EnkiObject* ciptakan_teks(const char* nilai, int mode_dinamis);
      |             ^~~~~~~~~~~~~
../core_c/enki_interpreter.c:2833:47: error: too few arguments to function ‘ciptakan_kosong’; expected 1, have 0
 2833 |             if (node->jumlah_anak < 3) return ciptakan_kosong();
      |                                               ^~~~~~~~~~~~~~~
../core_c/../core/enki_object.h:44:13: note: declared here
   44 | EnkiObject* ciptakan_kosong(int mode_dinamis);
      |             ^~~~~~~~~~~~~~~
../core_c/enki_interpreter.c:2844:34: error: too few arguments to function ‘ciptakan_objek_peta’; expected 2, have 1
 2844 |                 EnkiObject* db = ciptakan_objek_peta(0); // Default jika file kosong
      |                                  ^~~~~~~~~~~~~~~~~~~
../core_c/../core/enki_object.h:41:13: note: declared here
   41 | EnkiObject* ciptakan_objek_peta(int kapasitas, int mode_dinamis);
      |             ^~~~~~~~~~~~~~~~~~~
../core_c/enki_interpreter.c:2856:25: error: too few arguments to function ‘hancurkan_objek’; expected 2, have 1
 2856 |                         hancurkan_objek(db); db = parsed;
      |                         ^~~~~~~~~~~~~~~
../core_c/../core/enki_object.h:47:6: note: declared here
   47 | void hancurkan_objek(EnkiObject* obj, int mode_dinamis);
      |      ^~~~~~~~~~~~~~~
../core_c/enki_interpreter.c:2857:40: error: too few arguments to function ‘hancurkan_objek’; expected 2, have 1
 2857 |                     } else if (parsed) hancurkan_objek(parsed);
      |                                        ^~~~~~~~~~~~~~~
../core_c/../core/enki_object.h:47:6: note: declared here
   47 | void hancurkan_objek(EnkiObject* obj, int mode_dinamis);
      |      ^~~~~~~~~~~~~~~
../core_c/enki_interpreter.c:2872:33: error: too few arguments to function ‘hancurkan_objek’; expected 2, have 1
 2872 |                                 hancurkan_objek(saat_ini->nilai.objek_peta.konten[i]);
      |                                 ^~~~~~~~~~~~~~~
../core_c/../core/enki_object.h:47:6: note: declared here
   47 | void hancurkan_objek(EnkiObject* obj, int mode_dinamis);
      |      ^~~~~~~~~~~~~~~
../core_c/enki_interpreter.c:2873:72: error: too few arguments to function ‘ciptakan_salinan_objek’; expected 2, have 1
 2873 |                                 saat_ini->nilai.objek_peta.konten[i] = ciptakan_salinan_objek(obj_nilai);
      |                                                                        ^~~~~~~~~~~~~~~~~~~~~~
../core_c/../core/enki_object.h:43:13: note: declared here
   43 | EnkiObject* ciptakan_salinan_objek(EnkiObject* sumber, int mode_dinamis);
      |             ^~~~~~~~~~~~~~~~~~~~~~
../core_c/enki_interpreter.c:2880:83: error: too few arguments to function ‘ciptakan_teks’; expected 2, have 1
 2880 |                             saat_ini->nilai.objek_peta.kunci[saat_ini->panjang] = ciptakan_teks(token);
      |                                                                                   ^~~~~~~~~~~~~
../core_c/../core/enki_object.h:39:13: note: declared here
   39 | EnkiObject* ciptakan_teks(const char* nilai, int mode_dinamis);
      |             ^~~~~~~~~~~~~
../core_c/enki_interpreter.c:2881:84: error: too few arguments to function ‘ciptakan_salinan_objek’; expected 2, have 1
 2881 |                             saat_ini->nilai.objek_peta.konten[saat_ini->panjang] = ciptakan_salinan_objek(obj_nilai);
      |                                                                                    ^~~~~~~~~~~~~~~~~~~~~~
../core_c/../core/enki_object.h:43:13: note: declared here
   43 | EnkiObject* ciptakan_salinan_objek(EnkiObject* sumber, int mode_dinamis);
      |             ^~~~~~~~~~~~~~~~~~~~~~
../core_c/enki_interpreter.c:2895:83: error: too few arguments to function ‘ciptakan_teks’; expected 2, have 1
 2895 |                             saat_ini->nilai.objek_peta.kunci[saat_ini->panjang] = ciptakan_teks(token);
      |                                                                                   ^~~~~~~~~~~~~
../core_c/../core/enki_object.h:39:13: note: declared here
   39 | EnkiObject* ciptakan_teks(const char* nilai, int mode_dinamis);
      |             ^~~~~~~~~~~~~
../core_c/enki_interpreter.c:2896:55: error: too few arguments to function ‘ciptakan_objek_peta’; expected 2, have 1
 2896 |                             EnkiObject* cabang_baru = ciptakan_objek_peta(0);
      |                                                       ^~~~~~~~~~~~~~~~~~~
../core_c/../core/enki_object.h:41:13: note: declared here
   41 | EnkiObject* ciptakan_objek_peta(int kapasitas, int mode_dinamis);
      |             ^~~~~~~~~~~~~~~~~~~
../core_c/enki_interpreter.c:2914:17: error: too few arguments to function ‘hancurkan_objek’; expected 2, have 1
 2914 |                 hancurkan_objek(db);
      |                 ^~~~~~~~~~~~~~~
../core_c/../core/enki_object.h:47:6: note: declared here
   47 | void hancurkan_objek(EnkiObject* obj, int mode_dinamis);
      |      ^~~~~~~~~~~~~~~
../core_c/enki_interpreter.c:2918:13: error: too few arguments to function ‘hancurkan_objek’; expected 2, have 1
 2918 |             hancurkan_objek(obj_file);
      |             ^~~~~~~~~~~~~~~
../core_c/../core/enki_object.h:47:6: note: declared here
   47 | void hancurkan_objek(EnkiObject* obj, int mode_dinamis);
      |      ^~~~~~~~~~~~~~~
../core_c/enki_interpreter.c:2919:13: error: too few arguments to function ‘hancurkan_objek’; expected 2, have 1
 2919 |             hancurkan_objek(obj_path);
      |             ^~~~~~~~~~~~~~~
../core_c/../core/enki_object.h:47:6: note: declared here
   47 | void hancurkan_objek(EnkiObject* obj, int mode_dinamis);
      |      ^~~~~~~~~~~~~~~
../core_c/enki_interpreter.c:2920:13: error: too few arguments to function ‘hancurkan_objek’; expected 2, have 1
 2920 |             hancurkan_objek(obj_nilai);
      |             ^~~~~~~~~~~~~~~
../core_c/../core/enki_object.h:47:6: note: declared here
   47 | void hancurkan_objek(EnkiObject* obj, int mode_dinamis);
      |      ^~~~~~~~~~~~~~~
../core_c/enki_interpreter.c:2921:20: error: too few arguments to function ‘ciptakan_kosong’; expected 1, have 0
 2921 |             return ciptakan_kosong();
      |                    ^~~~~~~~~~~~~~~
../core_c/../core/enki_object.h:44:13: note: declared here
   44 | EnkiObject* ciptakan_kosong(int mode_dinamis);
      |             ^~~~~~~~~~~~~~~
../core_c/enki_interpreter.c:2929:47: error: too few arguments to function ‘ciptakan_kosong’; expected 1, have 0
 2929 |             if (node->jumlah_anak < 2) return ciptakan_kosong();
      |                                               ^~~~~~~~~~~~~~~
../core_c/../core/enki_object.h:44:13: note: declared here
   44 | EnkiObject* ciptakan_kosong(int mode_dinamis);
      |             ^~~~~~~~~~~~~~~
../core_c/enki_interpreter.c:2932:33: error: too few arguments to function ‘ciptakan_kosong’; expected 1, have 0
 2932 |             EnkiObject* hasil = ciptakan_kosong();
      |                                 ^~~~~~~~~~~~~~~
../core_c/../core/enki_object.h:44:13: note: declared here
   44 | EnkiObject* ciptakan_kosong(int mode_dinamis);
      |             ^~~~~~~~~~~~~~~
../core_c/enki_interpreter.c:2960:41: error: too few arguments to function ‘hancurkan_objek’; expected 2, have 1
 2960 |                                         hancurkan_objek(hasil);
      |                                         ^~~~~~~~~~~~~~~
../core_c/../core/enki_object.h:47:6: note: declared here
   47 | void hancurkan_objek(EnkiObject* obj, int mode_dinamis);
      |      ^~~~~~~~~~~~~~~
../core_c/enki_interpreter.c:2961:49: error: too few arguments to function ‘ciptakan_salinan_objek’; expected 2, have 1
 2961 |                                         hasil = ciptakan_salinan_objek(saat_ini->nilai.objek_peta.konten[i]);
      |                                                 ^~~~~~~~~~~~~~~~~~~~~~
../core_c/../core/enki_object.h:43:13: note: declared here
   43 | EnkiObject* ciptakan_salinan_objek(EnkiObject* sumber, int mode_dinamis);
      |             ^~~~~~~~~~~~~~~~~~~~~~
../core_c/enki_interpreter.c:2972:29: error: too few arguments to function ‘hancurkan_objek’; expected 2, have 1
 2972 |                     if (db) hancurkan_objek(db);
      |                             ^~~~~~~~~~~~~~~
../core_c/../core/enki_object.h:47:6: note: declared here
   47 | void hancurkan_objek(EnkiObject* obj, int mode_dinamis);
      |      ^~~~~~~~~~~~~~~
../core_c/enki_interpreter.c:2979:13: error: too few arguments to function ‘hancurkan_objek’; expected 2, have 1
 2979 |             hancurkan_objek(obj_file);
      |             ^~~~~~~~~~~~~~~
../core_c/../core/enki_object.h:47:6: note: declared here
   47 | void hancurkan_objek(EnkiObject* obj, int mode_dinamis);
      |      ^~~~~~~~~~~~~~~
../core_c/enki_interpreter.c:2980:13: error: too few arguments to function ‘hancurkan_objek’; expected 2, have 1
 2980 |             hancurkan_objek(obj_path);
      |             ^~~~~~~~~~~~~~~
../core_c/../core/enki_object.h:47:6: note: declared here
   47 | void hancurkan_objek(EnkiObject* obj, int mode_dinamis);
      |      ^~~~~~~~~~~~~~~
../core_c/enki_interpreter.c:2992:24: error: too few arguments to function ‘ciptakan_kosong’; expected 1, have 0
 2992 |                 return ciptakan_kosong();
      |                        ^~~~~~~~~~~~~~~
../core_c/../core/enki_object.h:44:13: note: declared here
   44 | EnkiObject* ciptakan_kosong(int mode_dinamis);
      |             ^~~~~~~~~~~~~~~
../core_c/enki_interpreter.c:2998:24: error: too few arguments to function ‘ciptakan_kosong’; expected 1, have 0
 2998 |                 return ciptakan_kosong();
      |                        ^~~~~~~~~~~~~~~
../core_c/../core/enki_object.h:44:13: note: declared here
   44 | EnkiObject* ciptakan_kosong(int mode_dinamis);
      |             ^~~~~~~~~~~~~~~
../core_c/enki_interpreter.c:3007:24: error: too few arguments to function ‘ciptakan_kosong’; expected 1, have 0
 3007 |                 return ciptakan_kosong();
      |                        ^~~~~~~~~~~~~~~
../core_c/../core/enki_object.h:44:13: note: declared here
   44 | EnkiObject* ciptakan_kosong(int mode_dinamis);
      |             ^~~~~~~~~~~~~~~
../core_c/enki_interpreter.c:3030:24: error: too few arguments to function ‘ciptakan_kosong’; expected 1, have 0
 3030 |                 return ciptakan_kosong();
      |                        ^~~~~~~~~~~~~~~
../core_c/../core/enki_object.h:44:13: note: declared here
   44 | EnkiObject* ciptakan_kosong(int mode_dinamis);
      |             ^~~~~~~~~~~~~~~
../core_c/enki_interpreter.c:3044:24: error: too few arguments to function ‘ciptakan_kosong’; expected 1, have 0
 3044 |                 return ciptakan_kosong();
      |                        ^~~~~~~~~~~~~~~
../core_c/../core/enki_object.h:44:13: note: declared here
   44 | EnkiObject* ciptakan_kosong(int mode_dinamis);
      |             ^~~~~~~~~~~~~~~
../core_c/enki_interpreter.c:3050:24: error: too few arguments to function ‘ciptakan_kosong’; expected 1, have 0
 3050 |                 return ciptakan_kosong();
      |                        ^~~~~~~~~~~~~~~
../core_c/../core/enki_object.h:44:13: note: declared here
   44 | EnkiObject* ciptakan_kosong(int mode_dinamis);
      |             ^~~~~~~~~~~~~~~
../core_c/enki_interpreter.c:3059:24: error: too few arguments to function ‘ciptakan_kosong’; expected 1, have 0
 3059 |                 return ciptakan_kosong();
      |                        ^~~~~~~~~~~~~~~
../core_c/../core/enki_object.h:44:13: note: declared here
   44 | EnkiObject* ciptakan_kosong(int mode_dinamis);
      |             ^~~~~~~~~~~~~~~
../core_c/enki_interpreter.c:3082:24: error: too few arguments to function ‘ciptakan_kosong’; expected 1, have 0
 3082 |                 return ciptakan_kosong();
      |                        ^~~~~~~~~~~~~~~
../core_c/../core/enki_object.h:44:13: note: declared here
   44 | EnkiObject* ciptakan_kosong(int mode_dinamis);
      |             ^~~~~~~~~~~~~~~
../core_c/enki_interpreter.c:3092:47: error: too few arguments to function ‘ciptakan_kosong’; expected 1, have 0
 3092 |             if (node->jumlah_anak < 1) return ciptakan_kosong();
      |                                               ^~~~~~~~~~~~~~~
../core_c/../core/enki_object.h:44:13: note: declared here
   44 | EnkiObject* ciptakan_kosong(int mode_dinamis);
      |             ^~~~~~~~~~~~~~~
../core_c/enki_interpreter.c:3107:27: error: too few arguments to function ‘hancurkan_objek’; expected 2, have 1
 3107 |             if (arg_gaya) hancurkan_objek(arg_gaya);
      |                           ^~~~~~~~~~~~~~~
../core_c/../core/enki_object.h:47:6: note: declared here
   47 | void hancurkan_objek(EnkiObject* obj, int mode_dinamis);
      |      ^~~~~~~~~~~~~~~
../core_c/enki_interpreter.c:3110:41: error: too few arguments to function ‘ciptakan_objek_peta’; expected 2, have 1
 3110 |             EnkiObject* obj_kembalian = ciptakan_objek_peta(2);
      |                                         ^~~~~~~~~~~~~~~~~~~
../core_c/../core/enki_object.h:41:13: note: declared here
   41 | EnkiObject* ciptakan_objek_peta(int kapasitas, int mode_dinamis);
      |             ^~~~~~~~~~~~~~~~~~~
../core_c/enki_interpreter.c:3114:56: error: too few arguments to function ‘ciptakan_teks’; expected 2, have 1
 3114 |             obj_kembalian->nilai.objek_peta.kunci[0] = ciptakan_teks("aksi");
      |                                                        ^~~~~~~~~~~~~
../core_c/../core/enki_object.h:39:13: note: declared here
   39 | EnkiObject* ciptakan_teks(const char* nilai, int mode_dinamis);
      |             ^~~~~~~~~~~~~
../core_c/enki_interpreter.c:3115:57: error: too few arguments to function ‘ciptakan_teks’; expected 2, have 1
 3115 |             obj_kembalian->nilai.objek_peta.konten[0] = ciptakan_teks(id_hasil);
      |                                                         ^~~~~~~~~~~~~
../core_c/../core/enki_object.h:39:13: note: declared here
   39 | EnkiObject* ciptakan_teks(const char* nilai, int mode_dinamis);
      |             ^~~~~~~~~~~~~
../core_c/enki_interpreter.c:3118:56: error: too few arguments to function ‘ciptakan_teks’; expected 2, have 1
 3118 |             obj_kembalian->nilai.objek_peta.kunci[1] = ciptakan_teks("ui");
      |                                                        ^~~~~~~~~~~~~
../core_c/../core/enki_object.h:39:13: note: declared here
   39 | EnkiObject* ciptakan_teks(const char* nilai, int mode_dinamis);
      |             ^~~~~~~~~~~~~
../core_c/enki_interpreter.c:3130:47: error: too few arguments to function ‘ciptakan_kosong’; expected 1, have 0
 3130 |             if (node->jumlah_anak < 1) return ciptakan_kosong();
      |                                               ^~~~~~~~~~~~~~~
../core_c/../core/enki_object.h:44:13: note: declared here
   44 | EnkiObject* ciptakan_kosong(int mode_dinamis);
      |             ^~~~~~~~~~~~~~~
../core_c/enki_interpreter.c:3141:27: error: too few arguments to function ‘hancurkan_objek’; expected 2, have 1
 3141 |             if (arg_gaya) hancurkan_objek(arg_gaya);
      |                           ^~~~~~~~~~~~~~~
../core_c/../core/enki_object.h:47:6: note: declared here
   47 | void hancurkan_objek(EnkiObject* obj, int mode_dinamis);
      |      ^~~~~~~~~~~~~~~
../core_c/enki_interpreter.c:3143:41: error: too few arguments to function ‘ciptakan_objek_peta’; expected 2, have 1
 3143 |             EnkiObject* obj_kembalian = ciptakan_objek_peta(2);
      |                                         ^~~~~~~~~~~~~~~~~~~
../core_c/../core/enki_object.h:41:13: note: declared here
   41 | EnkiObject* ciptakan_objek_peta(int kapasitas, int mode_dinamis);
      |             ^~~~~~~~~~~~~~~~~~~
../core_c/enki_interpreter.c:3145:56: error: too few arguments to function ‘ciptakan_teks’; expected 2, have 1
 3145 |             obj_kembalian->nilai.objek_peta.kunci[0] = ciptakan_teks("aksi");
      |                                                        ^~~~~~~~~~~~~
../core_c/../core/enki_object.h:39:13: note: declared here
   39 | EnkiObject* ciptakan_teks(const char* nilai, int mode_dinamis);
      |             ^~~~~~~~~~~~~
../core_c/enki_interpreter.c:3146:57: error: too few arguments to function ‘ciptakan_teks’; expected 2, have 1
 3146 |             obj_kembalian->nilai.objek_peta.konten[0] = ciptakan_teks(id_hasil);
      |                                                         ^~~~~~~~~~~~~
../core_c/../core/enki_object.h:39:13: note: declared here
   39 | EnkiObject* ciptakan_teks(const char* nilai, int mode_dinamis);
      |             ^~~~~~~~~~~~~
../core_c/enki_interpreter.c:3149:56: error: too few arguments to function ‘ciptakan_teks’; expected 2, have 1
 3149 |             obj_kembalian->nilai.objek_peta.kunci[1] = ciptakan_teks("ui");
      |                                                        ^~~~~~~~~~~~~
../core_c/../core/enki_object.h:39:13: note: declared here
   39 | EnkiObject* ciptakan_teks(const char* nilai, int mode_dinamis);
      |             ^~~~~~~~~~~~~
../core_c/enki_interpreter.c:3160:47: error: too few arguments to function ‘ciptakan_kosong’; expected 1, have 0
 3160 |             if (node->jumlah_anak < 3) return ciptakan_kosong();
      |                                               ^~~~~~~~~~~~~~~
../core_c/../core/enki_object.h:44:13: note: declared here
   44 | EnkiObject* ciptakan_kosong(int mode_dinamis);
      |             ^~~~~~~~~~~~~~~
../core_c/enki_interpreter.c:3163:68: error: too few arguments to function ‘ciptakan_kosong’; expected 1, have 0
 3163 |             if (node->anak_anak[0]->jenis != AST_IDENTITAS) return ciptakan_kosong();
      |                                                                    ^~~~~~~~~~~~~~~
../core_c/../core/enki_object.h:44:13: note: declared here
   44 | EnkiObject* ciptakan_kosong(int mode_dinamis);
      |             ^~~~~~~~~~~~~~~
../core_c/enki_interpreter.c:3177:25: error: too few arguments to function ‘hancurkan_objek’; expected 2, have 1
 3177 |             if (obj_id) hancurkan_objek(obj_id);
      |                         ^~~~~~~~~~~~~~~
../core_c/../core/enki_object.h:47:6: note: declared here
   47 | void hancurkan_objek(EnkiObject* obj, int mode_dinamis);
      |      ^~~~~~~~~~~~~~~
../core_c/enki_interpreter.c:3178:27: error: too few arguments to function ‘hancurkan_objek’; expected 2, have 1
 3178 |             if (obj_teks) hancurkan_objek(obj_teks);
      |                           ^~~~~~~~~~~~~~~
../core_c/../core/enki_object.h:47:6: note: declared here
   47 | void hancurkan_objek(EnkiObject* obj, int mode_dinamis);
      |      ^~~~~~~~~~~~~~~
../core_c/enki_interpreter.c:3180:20: error: too few arguments to function ‘ciptakan_kosong’; expected 1, have 0
 3180 |             return ciptakan_kosong();
      |                    ^~~~~~~~~~~~~~~
../core_c/../core/enki_object.h:44:13: note: declared here
   44 | EnkiObject* ciptakan_kosong(int mode_dinamis);
      |             ^~~~~~~~~~~~~~~
../core_c/enki_interpreter.c:3187:47: error: too few arguments to function ‘ciptakan_kosong’; expected 1, have 0
 3187 |             if (node->jumlah_anak < 1) return ciptakan_kosong();
      |                                               ^~~~~~~~~~~~~~~
../core_c/../core/enki_object.h:44:13: note: declared here
   44 | EnkiObject* ciptakan_kosong(int mode_dinamis);
      |             ^~~~~~~~~~~~~~~
../core_c/enki_interpreter.c:3207:22: error: too few arguments to function ‘hancurkan_objek’; expected 2, have 1
 3207 |             if (obj) hancurkan_objek(obj);
      |                      ^~~~~~~~~~~~~~~
../core_c/../core/enki_object.h:47:6: note: declared here
   47 | void hancurkan_objek(EnkiObject* obj, int mode_dinamis);
      |      ^~~~~~~~~~~~~~~
../core_c/enki_interpreter.c:3208:20: error: too few arguments to function ‘ciptakan_kosong’; expected 1, have 0
 3208 |             return ciptakan_kosong();
      |                    ^~~~~~~~~~~~~~~
../core_c/../core/enki_object.h:44:13: note: declared here
   44 | EnkiObject* ciptakan_kosong(int mode_dinamis);
      |             ^~~~~~~~~~~~~~~
../core_c/enki_interpreter.c:3236:20: error: too few arguments to function ‘ciptakan_kosong’; expected 1, have 0
 3236 |             return ciptakan_kosong();
      |                    ^~~~~~~~~~~~~~~
../core_c/../core/enki_object.h:44:13: note: declared here
   44 | EnkiObject* ciptakan_kosong(int mode_dinamis);
      |             ^~~~~~~~~~~~~~~
../core_c/enki_interpreter.c:3266:31: error: too few arguments to function ‘ciptakan_kosong’; expected 1, have 0
 3266 |                 nilai_akhir = ciptakan_kosong();
      |                               ^~~~~~~~~~~~~~~
../core_c/../core/enki_object.h:44:13: note: declared here
   44 | EnkiObject* ciptakan_kosong(int mode_dinamis);
      |             ^~~~~~~~~~~~~~~
../core_c/enki_interpreter.c:3276:35: error: too few arguments to function ‘ciptakan_kosong’; expected 1, have 0
 3276 |         EnkiObject* hasil_akhir = ciptakan_kosong();
      |                                   ^~~~~~~~~~~~~~~
../core_c/../core/enki_object.h:44:13: note: declared here
   44 | EnkiObject* ciptakan_kosong(int mode_dinamis);
      |             ^~~~~~~~~~~~~~~
../core_c/enki_interpreter.c:3278:13: error: too few arguments to function ‘hancurkan_objek’; expected 2, have 1
 3278 |             hancurkan_objek(hasil_akhir);
      |             ^~~~~~~~~~~~~~~
../core_c/../core/enki_object.h:47:6: note: declared here
   47 | void hancurkan_objek(EnkiObject* obj, int mode_dinamis);
      |      ^~~~~~~~~~~~~~~
../core_c/enki_interpreter.c:3287:12: error: too few arguments to function ‘ciptakan_kosong’; expected 1, have 0
 3287 |     return ciptakan_kosong(); // Default return yang HALAL (berada di akhir evaluasi_ekspresi)
      |            ^~~~~~~~~~~~~~~
../core_c/../core/enki_object.h:44:13: note: declared here
   44 | EnkiObject* ciptakan_kosong(int mode_dinamis);
      |             ^~~~~~~~~~~~~~~
../core_c/enki_interpreter.c: In function ‘evaluasi_kondisi’:
../core_c/enki_interpreter.c:3348:19: error: too few arguments to function ‘hancurkan_objek’; expected 2, have 1
 3348 |     if (obj_kiri) hancurkan_objek(obj_kiri);
      |                   ^~~~~~~~~~~~~~~
../core_c/../core/enki_object.h:47:6: note: declared here
   47 | void hancurkan_objek(EnkiObject* obj, int mode_dinamis);
      |      ^~~~~~~~~~~~~~~
../core_c/enki_interpreter.c:3349:20: error: too few arguments to function ‘hancurkan_objek’; expected 2, have 1
 3349 |     if (obj_kanan) hancurkan_objek(obj_kanan);
      |                    ^~~~~~~~~~~~~~~
../core_c/../core/enki_object.h:47:6: note: declared here
   47 | void hancurkan_objek(EnkiObject* obj, int mode_dinamis);
      |      ^~~~~~~~~~~~~~~
../core_c/enki_interpreter.c: In function ‘salin_ram_untuk_utas’:
../core_c/enki_interpreter.c:3416:86: error: too few arguments to function ‘ciptakan_kosong’; expected 1, have 0
 3416 |         EnkiObject* obj_aman = sumber->kavling[i].objek ? sumber->kavling[i].objek : ciptakan_kosong();
      |                                                                                      ^~~~~~~~~~~~~~~
../core_c/../core/enki_object.h:44:13: note: declared here
   44 | EnkiObject* ciptakan_kosong(int mode_dinamis);
      |             ^~~~~~~~~~~~~~~
../core_c/enki_interpreter.c: In function ‘pelari_utas_gaib’:
../core_c/enki_interpreter.c:3430:16: error: too few arguments to function ‘hancurkan_objek’; expected 2, have 1
 3430 |     if (hasil) hancurkan_objek(hasil); // 🟢 Ganti free jadi hancurkan_objek
      |                ^~~~~~~~~~~~~~~
../core_c/../core/enki_object.h:47:6: note: declared here
   47 | void hancurkan_objek(EnkiObject* obj, int mode_dinamis);
      |      ^~~~~~~~~~~~~~~
../core_c/enki_interpreter.c: In function ‘eksekusi_node’:
../core_c/enki_interpreter.c:3468:17: error: too few arguments to function ‘hancurkan_objek’; expected 2, have 1
 3468 |                 hancurkan_objek(obj_hasil);
      |                 ^~~~~~~~~~~~~~~
../core_c/../core/enki_object.h:47:6: note: declared here
   47 | void hancurkan_objek(EnkiObject* obj, int mode_dinamis);
      |      ^~~~~~~~~~~~~~~
../core_c/enki_interpreter.c:3557:32: error: too few arguments to function ‘hancurkan_objek’; expected 2, have 1
 3557 |                 if (obj_kasus) hancurkan_objek(obj_kasus);
      |                                ^~~~~~~~~~~~~~~
../core_c/../core/enki_object.h:47:6: note: declared here
   47 | void hancurkan_objek(EnkiObject* obj, int mode_dinamis);
      |      ^~~~~~~~~~~~~~~
../core_c/enki_interpreter.c:3560:28: error: too few arguments to function ‘hancurkan_objek’; expected 2, have 1
 3560 |             if (obj_kasus) hancurkan_objek(obj_kasus);
      |                            ^~~~~~~~~~~~~~~
../core_c/../core/enki_object.h:47:6: note: declared here
   47 | void hancurkan_objek(EnkiObject* obj, int mode_dinamis);
      |      ^~~~~~~~~~~~~~~
../core_c/enki_interpreter.c:3563:25: error: too few arguments to function ‘hancurkan_objek’; expected 2, have 1
 3563 |         if (obj_target) hancurkan_objek(obj_target);
      |                         ^~~~~~~~~~~~~~~
../core_c/../core/enki_object.h:47:6: note: declared here
   47 | void hancurkan_objek(EnkiObject* obj, int mode_dinamis);
      |      ^~~~~~~~~~~~~~~
../core_c/enki_interpreter.c:3612:32: error: too few arguments to function ‘hancurkan_objek’; expected 2, have 1
 3612 |                 if (obj_batas) hancurkan_objek(obj_batas);
      |                                ^~~~~~~~~~~~~~~
../core_c/../core/enki_object.h:47:6: note: declared here
   47 | void hancurkan_objek(EnkiObject* obj, int mode_dinamis);
      |      ^~~~~~~~~~~~~~~
../core_c/enki_interpreter.c:3622:32: error: too few arguments to function ‘hancurkan_objek’; expected 2, have 1
 3622 |                 if (obj_batas) hancurkan_objek(obj_batas);
      |                                ^~~~~~~~~~~~~~~
../core_c/../core/enki_object.h:47:6: note: declared here
   47 | void hancurkan_objek(EnkiObject* obj, int mode_dinamis);
      |      ^~~~~~~~~~~~~~~
../core_c/enki_interpreter.c:3625:28: error: too few arguments to function ‘hancurkan_objek’; expected 2, have 1
 3625 |             if (obj_batas) hancurkan_objek(obj_batas);
      |                            ^~~~~~~~~~~~~~~
../core_c/../core/enki_object.h:47:6: note: declared here
   47 | void hancurkan_objek(EnkiObject* obj, int mode_dinamis);
      |      ^~~~~~~~~~~~~~~
../core_c/enki_interpreter.c:3632:52: error: too few arguments to function ‘hancurkan_objek’; expected 2, have 1
 3632 |                         if (ram->kavling[j].objek) hancurkan_objek(ram->kavling[j].objek);
      |                                                    ^~~~~~~~~~~~~~~
../core_c/../core/enki_object.h:47:6: note: declared here
   47 | void hancurkan_objek(EnkiObject* obj, int mode_dinamis);
      |      ^~~~~~~~~~~~~~~
../core_c/enki_interpreter.c:3633:49: error: too few arguments to function ‘ciptakan_angka’; expected 2, have 1
 3633 |                         ram->kavling[j].objek = ciptakan_angka((double)i);
      |                                                 ^~~~~~~~~~~~~~
../core_c/../core/enki_object.h:38:13: note: declared here
   38 | EnkiObject* ciptakan_angka(double nilai, int mode_dinamis);
      |             ^~~~~~~~~~~~~~
../core_c/enki_interpreter.c:3641:55: error: too few arguments to function ‘ciptakan_angka’; expected 2, have 1
 3641 |                     ram->kavling[ram->jumlah].objek = ciptakan_angka((double)i);
      |                                                       ^~~~~~~~~~~~~~
../core_c/../core/enki_object.h:38:13: note: declared here
   38 | EnkiObject* ciptakan_angka(double nilai, int mode_dinamis);
      |             ^~~~~~~~~~~~~~
../core_c/enki_interpreter.c:3687:25: error: too few arguments to function ‘hancurkan_objek’; expected 2, have 1
 3687 |         if (obj_target) hancurkan_objek(obj_target);
      |                         ^~~~~~~~~~~~~~~
../core_c/../core/enki_object.h:47:6: note: declared here
   47 | void hancurkan_objek(EnkiObject* obj, int mode_dinamis);
      |      ^~~~~~~~~~~~~~~
../core_c/enki_interpreter.c:3753:48: error: too few arguments to function ‘hancurkan_objek’; expected 2, have 1
 3753 |                     if (ram->kavling[i].objek) hancurkan_objek(ram->kavling[i].objek);
      |                                                ^~~~~~~~~~~~~~~
../core_c/../core/enki_object.h:47:6: note: declared here
   47 | void hancurkan_objek(EnkiObject* obj, int mode_dinamis);
      |      ^~~~~~~~~~~~~~~
../core_c/enki_interpreter.c:3756:45: error: too few arguments to function ‘ciptakan_kosong’; expected 1, have 0
 3756 |                     ram->kavling[i].objek = ciptakan_kosong();
      |                                             ^~~~~~~~~~~~~~~
../core_c/../core/enki_object.h:44:13: note: declared here
   44 | EnkiObject* ciptakan_kosong(int mode_dinamis);
      |             ^~~~~~~~~~~~~~~
../core_c/enki_interpreter.c:3777:13: error: too few arguments to function ‘hancurkan_objek’; expected 2, have 1
 3777 |             hancurkan_objek(obj_waktu);
      |             ^~~~~~~~~~~~~~~
../core_c/../core/enki_object.h:47:6: note: declared here
   47 | void hancurkan_objek(EnkiObject* obj, int mode_dinamis);
      |      ^~~~~~~~~~~~~~~
../core_c/enki_interpreter.c:3805:36: error: too few arguments to function ‘hancurkan_objek’; expected 2, have 1
 3805 |             if (akar_utama->objek) hancurkan_objek(akar_utama->objek);
      |                                    ^~~~~~~~~~~~~~~
../core_c/../core/enki_object.h:47:6: note: declared here
   47 | void hancurkan_objek(EnkiObject* obj, int mode_dinamis);
      |      ^~~~~~~~~~~~~~~
../core_c/enki_interpreter.c:3814:52: error: too few arguments to function ‘ciptakan_salinan_objek’; expected 2, have 1
 3814 |             akar_utama->objek = masa_lalu->objek ? ciptakan_salinan_objek(masa_lalu->objek) : NULL;
      |                                                    ^~~~~~~~~~~~~~~~~~~~~~
../core_c/../core/enki_object.h:43:13: note: declared here
   43 | EnkiObject* ciptakan_salinan_objek(EnkiObject* sumber, int mode_dinamis);
      |             ^~~~~~~~~~~~~~~~~~~~~~
../core_c/enki_interpreter.c:3832:83: error: too few arguments to function ‘ciptakan_teks’; expected 2, have 1
 3832 |                 if (ram->pesan_error_tabu) { simpan_ke_ram(ram, node->nilai_teks, ciptakan_teks(ram->pesan_error_tabu)); free(ram->pesan_error_tabu); ram->pesan_error_tabu = NULL; }
      |                                                                                   ^~~~~~~~~~~~~
../core_c/../core/enki_object.h:39:13: note: declared here
   39 | EnkiObject* ciptakan_teks(const char* nilai, int mode_dinamis);
      |             ^~~~~~~~~~~~~
../core_c/enki_interpreter.c:3833:59: error: too few arguments to function ‘ciptakan_teks’; expected 2, have 1
 3833 |                 else simpan_ke_ram(ram, node->nilai_teks, ciptakan_teks("Kiamat Tak Dikenal"));
      |                                                           ^~~~~~~~~~~~~
../core_c/../core/enki_object.h:39:13: note: declared here
   39 | EnkiObject* ciptakan_teks(const char* nilai, int mode_dinamis);
      |             ^~~~~~~~~~~~~
../core_c/enki_interpreter.c:3844:46: error: too few arguments to function ‘ciptakan_teks’; expected 2, have 1
 3844 |         simpan_ke_ram(ram, node->nilai_teks, ciptakan_teks("<fungsi_kustom>"));
      |                                              ^~~~~~~~~~~~~
../core_c/../core/enki_object.h:39:13: note: declared here
   39 | EnkiObject* ciptakan_teks(const char* nilai, int mode_dinamis);
      |             ^~~~~~~~~~~~~
../core_c/enki_interpreter.c:3853:37: error: too few arguments to function ‘hancurkan_objek’; expected 2, have 1
 3853 |         if (ram->nilai_kembalian) { hancurkan_objek(ram->nilai_kembalian); ram->nilai_kembalian = NULL; }
      |                                     ^~~~~~~~~~~~~~~
../core_c/../core/enki_object.h:47:6: note: declared here
   47 | void hancurkan_objek(EnkiObject* obj, int mode_dinamis);
      |      ^~~~~~~~~~~~~~~
../core_c/enki_interpreter.c:3858:36: error: too few arguments to function ‘ciptakan_kosong’; expected 1, have 0
 3858 |             ram->nilai_kembalian = ciptakan_kosong();
      |                                    ^~~~~~~~~~~~~~~
../core_c/../core/enki_object.h:44:13: note: declared here
   44 | EnkiObject* ciptakan_kosong(int mode_dinamis);
      |             ^~~~~~~~~~~~~~~
../core_c/enki_interpreter.c:3866:27: error: too few arguments to function ‘hancurkan_objek’; expected 2, have 1
 3866 |         if (hasil_mutasi) hancurkan_objek(hasil_mutasi);
      |                           ^~~~~~~~~~~~~~~
../core_c/../core/enki_object.h:47:6: note: declared here
   47 | void hancurkan_objek(EnkiObject* obj, int mode_dinamis);
      |      ^~~~~~~~~~~~~~~
../core_c/enki_scheduler.c: In function ‘pelari_jadwal’:
../core_c/enki_scheduler.c:46:21: error: too few arguments to function ‘hancurkan_objek’; expected 2, have 1
   46 |     if (target_obj) hancurkan_objek(target_obj);
      |                     ^~~~~~~~~~~~~~~
In file included from ../core_c/enki_interpreter.h:6,
                 from ../core_c/enki_scheduler.h:5,
                 from ../core_c/enki_scheduler.c:6:
../core_c/../core/enki_object.h:47:6: note: declared here
   47 | void hancurkan_objek(EnkiObject* obj, int mode_dinamis);
      |      ^~~~~~~~~~~~~~~
../core_c/enki_scheduler.c: In function ‘pelari_effort’:
../core_c/enki_scheduler.c:69:21: error: too few arguments to function ‘hancurkan_objek’; expected 2, have 1
   69 |     if (target_obj) hancurkan_objek(target_obj);
      |                     ^~~~~~~~~~~~~~~
../core_c/../core/enki_object.h:47:6: note: declared here
   47 | void hancurkan_objek(EnkiObject* obj, int mode_dinamis);
      |      ^~~~~~~~~~~~~~~
../otim/otim_parser.c: In function ‘parse_otim’:
../otim/otim_parser.c:44:27: error: too few arguments to function ‘ciptakan_objek_peta’; expected 2, have 1
   44 |     EnkiObject* root_ui = ciptakan_objek_peta(0);
      |                           ^~~~~~~~~~~~~~~~~~~
In file included from ../otim/otim_parser.h:5,
                 from ../otim/otim_parser.c:4:
../otim/../core/enki_object.h:41:13: note: declared here
   41 | EnkiObject* ciptakan_objek_peta(int kapasitas, int mode_dinamis);
      |             ^~~~~~~~~~~~~~~~~~~
../otim/otim_parser.c:45:30: error: too few arguments to function ‘ciptakan_array’; expected 2, have 1
   45 |     EnkiObject* array_anak = ciptakan_array(0);
      |                              ^~~~~~~~~~~~~~
../otim/../core/enki_object.h:40:13: note: declared here
   40 | EnkiObject* ciptakan_array(int kapasitas, int mode_dinamis);
      |             ^~~~~~~~~~~~~~
../otim/otim_parser.c:55:41: error: too few arguments to function ‘ciptakan_teks’; expected 2, have 1
   55 |     o_simpan_ke_objek(root_ui, "jenis", ciptakan_teks("akar_dokumen"), 1);
      |                                         ^~~~~~~~~~~~~
../otim/../core/enki_object.h:39:13: note: declared here
   39 | EnkiObject* ciptakan_teks(const char* nilai, int mode_dinamis);
      |             ^~~~~~~~~~~~~
../otim/otim_parser.c:55:5: error: too many arguments to function ‘o_simpan_ke_objek’; expected 3, have 4
   55 |     o_simpan_ke_objek(root_ui, "jenis", ciptakan_teks("akar_dokumen"), 1);
      |     ^~~~~~~~~~~~~~~~~                                                  ~
../otim/otim_parser.c:27:13: note: declared here
   27 | static void o_simpan_ke_objek(EnkiObject* obj, const char* kunci, EnkiObject* nilai) {
      |             ^~~~~~~~~~~~~~~~~
../otim/otim_parser.c: In function ‘parse_otim_elemen’:
../otim/otim_parser.c:64:33: error: too few arguments to function ‘ciptakan_objek_peta’; expected 2, have 1
   64 |         EnkiObject* node_teks = ciptakan_objek_peta(0);
      |                                 ^~~~~~~~~~~~~~~~~~~
../otim/../core/enki_object.h:41:13: note: declared here
   41 | EnkiObject* ciptakan_objek_peta(int kapasitas, int mode_dinamis);
      |             ^~~~~~~~~~~~~~~~~~~
../otim/otim_parser.c:72:35: error: too few arguments to function ‘ciptakan_objek_peta’; expected 2, have 1
   72 |         EnkiObject* node_elemen = ciptakan_objek_peta(0);
      |                                   ^~~~~~~~~~~~~~~~~~~
../otim/../core/enki_object.h:41:13: note: declared here
   41 | EnkiObject* ciptakan_objek_peta(int kapasitas, int mode_dinamis);
      |             ^~~~~~~~~~~~~~~~~~~
../otim/otim_parser.c:73:71: error: expected ‘)’ before ‘{’ token
   73 |         o_simpan_ke_objek(node_elemen, "jenis", ciptakan_teks("tag", 1
      |                                                              ~        ^
      |                                                                       )
   74 |         {}));
      |         ~                                                              
../otim/otim_parser.c:78:92: error: expected expression before ‘)’ token
   78 |         if (t.atribut) o_simpan_ke_objek(node_elemen, "atribut", ciptakan_teks(t.atribut, !));
      |                                                                                            ^
../otim/otim_parser.c:80:34: error: too few arguments to function ‘ciptakan_array’; expected 2, have 1
   80 |         EnkiObject* array_anak = ciptakan_array(0);
      |                                  ^~~~~~~~~~~~~~
../otim/../core/enki_object.h:40:13: note: declared here
   40 | EnkiObject* ciptakan_array(int kapasitas, int mode_dinamis);
      |             ^~~~~~~~~~~~~~
../otim/otim_parser.c:104:66: error: too few arguments to function ‘ciptakan_teks’; expected 2, have 1
  104 |                     o_simpan_ke_objek(node_elemen, "teks_dalam", ciptakan_teks(anak_pertama->nilai.objek_peta.konten[j]->nilai.teks), 1);
      |                                                                  ^~~~~~~~~~~~~
../otim/../core/enki_object.h:39:13: note: declared here
   39 | EnkiObject* ciptakan_teks(const char* nilai, int mode_dinamis);
      |             ^~~~~~~~~~~~~
../otim/otim_parser.c:104:21: error: too many arguments to function ‘o_simpan_ke_objek’; expected 3, have 4
  104 |                     o_simpan_ke_objek(node_elemen, "teks_dalam", ciptakan_teks(anak_pertama->nilai.objek_peta.konten[j]->nilai.teks), 1);
      |                     ^~~~~~~~~~~~~~~~~                                                                                                 ~
../otim/otim_parser.c:27:13: note: declared here
   27 | static void o_simpan_ke_objek(EnkiObject* obj, const char* kunci, EnkiObject* nilai) {
      |             ^~~~~~~~~~~~~~~~~
make: *** [Makefile:35: build] Error 1
