gcc -Wall -Wextra -g main.c tui_renderer.c ../core_c/enki_os.c ../core_c/enki_lexer.c ../core_c/enki_parser.c ../core_c/enki_interpreter.c ../core_c/enki_scheduler.c ../core_c/enki_network.c ../core_c/enki_file_system.c ../core/enki_object.c ../core/array/ku.c ../core/array/ko.c ../core/array/panjang.c ../otim/otim_lexer.c ../otim/otim_parser.c ../snul/snul_lexer.c ../snul/snul_parser.c ../gui/gui_renderer.c ../core/enki_memory.c    -o ../../bin/unul -lm -lreadline -pthread -lcurl -lraylib
../core_c/enki_interpreter.c:598:16: error: redefinition of ‘temukan_atau_ciptakan_kavling’
  598 | KavlingMemori* temukan_atau_ciptakan_kavling(ASTNode* node, EnkiRAM* ram) {
      |                ^~~~~~~~~~~~~~~~~~~~~~~~~~~~~
../core_c/enki_interpreter.c:538:16: note: previous definition of ‘temukan_atau_ciptakan_kavling’ with type ‘KavlingMemori *(ASTNode *, EnkiRAM *)’
  538 | KavlingMemori* temukan_atau_ciptakan_kavling(ASTNode* node, EnkiRAM* ram) {
      |                ^~~~~~~~~~~~~~~~~~~~~~~~~~~~~
../core_c/enki_interpreter.c:657:16: error: redefinition of ‘temukan_atau_ciptakan_kavling’
  657 | KavlingMemori* temukan_atau_ciptakan_kavling(ASTNode* node, EnkiRAM* ram) {
      |                ^~~~~~~~~~~~~~~~~~~~~~~~~~~~~
../core_c/enki_interpreter.c:538:16: note: previous definition of ‘temukan_atau_ciptakan_kavling’ with type ‘KavlingMemori *(ASTNode *, EnkiRAM *)’
  538 | KavlingMemori* temukan_atau_ciptakan_kavling(ASTNode* node, EnkiRAM* ram) {
      |                ^~~~~~~~~~~~~~~~~~~~~~~~~~~~~
../core_c/enki_interpreter.c: In function ‘temukan_atau_ciptakan_kavling’:
../core_c/enki_interpreter.c:673:35: error: too few arguments to function ‘hancurkan_objek’; expected 2, have 1
  673 |                 if (induk->objek) hancurkan_objek(induk->objek);
      |                                   ^~~~~~~~~~~~~~~
In file included from ../core_c/enki_interpreter.h:6,
                 from ../core_c/enki_interpreter.c:15:
../core_c/../core/enki_object.h:47:6: note: declared here
   47 | void hancurkan_objek(EnkiObject* obj, int mode_dinamis);
      |      ^~~~~~~~~~~~~~~
../core_c/enki_interpreter.c:674:32: error: too few arguments to function ‘ciptakan_objek_peta’; expected 2, have 1
  674 |                 induk->objek = ciptakan_objek_peta(10);
      |                                ^~~~~~~~~~~~~~~~~~~
../core_c/../core/enki_object.h:41:13: note: declared here
   41 | EnkiObject* ciptakan_objek_peta(int kapasitas, int mode_dinamis);
      |             ^~~~~~~~~~~~~~~~~~~
../core_c/enki_interpreter.c:681:55: error: too few arguments to function ‘ciptakan_teks’; expected 2, have 1
  681 |             simpan_ke_ram(ram_anak, node->nilai_teks, ciptakan_teks("[MUTASI]"));
      |                                                       ^~~~~~~~~~~~~
../core_c/../core/enki_object.h:39:13: note: declared here
   39 | EnkiObject* ciptakan_teks(const char* nilai, int mode_dinamis);
      |             ^~~~~~~~~~~~~
../core_c/enki_interpreter.c: In function ‘sihir_temukan_alamat_memori’:
../core_c/enki_interpreter.c:748:33: error: too few arguments to function ‘hancurkan_objek’; expected 2, have 1
  748 |                 if (obj_indeks) hancurkan_objek(obj_indeks);
      |                                 ^~~~~~~~~~~~~~~
../core_c/../core/enki_object.h:47:6: note: declared here
   47 | void hancurkan_objek(EnkiObject* obj, int mode_dinamis);
      |      ^~~~~~~~~~~~~~~
../core_c/enki_interpreter.c:755:41: error: too few arguments to function ‘hancurkan_objek’; expected 2, have 1
  755 |                         if (obj_indeks) hancurkan_objek(obj_indeks);
      |                                         ^~~~~~~~~~~~~~~
../core_c/../core/enki_object.h:47:6: note: declared here
   47 | void hancurkan_objek(EnkiObject* obj, int mode_dinamis);
      |      ^~~~~~~~~~~~~~~
../core_c/enki_interpreter.c:759:33: error: too few arguments to function ‘hancurkan_objek’; expected 2, have 1
  759 |                 if (obj_indeks) hancurkan_objek(obj_indeks);
      |                                 ^~~~~~~~~~~~~~~
../core_c/../core/enki_object.h:47:6: note: declared here
   47 | void hancurkan_objek(EnkiObject* obj, int mode_dinamis);
      |      ^~~~~~~~~~~~~~~
../core_c/enki_interpreter.c:761:33: error: too few arguments to function ‘hancurkan_objek’; expected 2, have 1
  761 |                 if (obj_indeks) hancurkan_objek(obj_indeks);
      |                                 ^~~~~~~~~~~~~~~
../core_c/../core/enki_object.h:47:6: note: declared here
   47 | void hancurkan_objek(EnkiObject* obj, int mode_dinamis);
      |      ^~~~~~~~~~~~~~~
../core_c/enki_interpreter.c: In function ‘evaluasi_ekspresi’:
../core_c/enki_interpreter.c:1064:23: error: too few arguments to function ‘ciptakan_kosong’; expected 1, have 0
 1064 |     if (!node) return ciptakan_kosong();
      |                       ^~~~~~~~~~~~~~~
../core_c/../core/enki_object.h:44:13: note: declared here
   44 | EnkiObject* ciptakan_kosong(int mode_dinamis);
      |             ^~~~~~~~~~~~~~~
../core_c/enki_interpreter.c:1079:34: error: too few arguments to function ‘ciptakan_kosong’; expected 1, have 0
 1079 |         if (!teks_mentah) return ciptakan_kosong();
      |                                  ^~~~~~~~~~~~~~~
../core_c/../core/enki_object.h:44:13: note: declared here
   44 | EnkiObject* ciptakan_kosong(int mode_dinamis);
      |             ^~~~~~~~~~~~~~~
../core_c/enki_interpreter.c:1084:20: error: too few arguments to function ‘ciptakan_angka’; expected 2, have 1
 1084 |             return ciptakan_angka(atof(teks_mentah)); // 🪄 Ubah string "2.0" jadi double 2.0
      |                    ^~~~~~~~~~~~~~
../core_c/../core/enki_object.h:38:13: note: declared here
   38 | EnkiObject* ciptakan_angka(double nilai, int mode_dinamis);
      |             ^~~~~~~~~~~~~~
../core_c/enki_interpreter.c:1100:34: error: too few arguments to function ‘ciptakan_teks’; expected 2, have 1
 1100 |         EnkiObject* hasil_teks = ciptakan_teks(teks_final);
      |                                  ^~~~~~~~~~~~~
../core_c/../core/enki_object.h:39:13: note: declared here
   39 | EnkiObject* ciptakan_teks(const char* nilai, int mode_dinamis);
      |             ^~~~~~~~~~~~~
../core_c/enki_interpreter.c:1125:39: error: too few arguments to function ‘ciptakan_teks’; expected 2, have 1
 1125 |         simpan_ke_ram(ram, nama_anon, ciptakan_teks("<fungsi_panah>"));
      |                                       ^~~~~~~~~~~~~
../core_c/../core/enki_object.h:39:13: note: declared here
   39 | EnkiObject* ciptakan_teks(const char* nilai, int mode_dinamis);
      |             ^~~~~~~~~~~~~
../core_c/enki_interpreter.c:1132:16: error: too few arguments to function ‘ciptakan_teks’; expected 2, have 1
 1132 |         return ciptakan_teks(nama_anon); // Kembalikan nama gaibnya ke pemanggil
      |                ^~~~~~~~~~~~~
../core_c/../core/enki_object.h:39:13: note: declared here
   39 | EnkiObject* ciptakan_teks(const char* nilai, int mode_dinamis);
      |             ^~~~~~~~~~~~~
../core_c/enki_interpreter.c:1186:20: error: too few arguments to function ‘ciptakan_kosong’; expected 1, have 0
 1186 |             return ciptakan_kosong();
      |                    ^~~~~~~~~~~~~~~
../core_c/../core/enki_object.h:44:13: note: declared here
   44 | EnkiObject* ciptakan_kosong(int mode_dinamis);
      |             ^~~~~~~~~~~~~~~
../core_c/enki_interpreter.c:1213:41: error: too few arguments to function ‘ciptakan_kosong’; expected 1, have 0
 1213 |                     EnkiObject* hasil = ciptakan_kosong();
      |                                         ^~~~~~~~~~~~~~~
../core_c/../core/enki_object.h:44:13: note: declared here
   44 | EnkiObject* ciptakan_kosong(int mode_dinamis);
      |             ^~~~~~~~~~~~~~~
../core_c/enki_interpreter.c:1214:56: error: too few arguments to function ‘ciptakan_angka’; expected 2, have 1
 1214 |                     if (v->tipe == ENKI_ANGKA) hasil = ciptakan_angka(v->nilai.angka);
      |                                                        ^~~~~~~~~~~~~~
../core_c/../core/enki_object.h:38:13: note: declared here
   38 | EnkiObject* ciptakan_angka(double nilai, int mode_dinamis);
      |             ^~~~~~~~~~~~~~
../core_c/enki_interpreter.c:1215:60: error: too few arguments to function ‘ciptakan_teks’; expected 2, have 1
 1215 |                     else if (v->tipe == ENKI_TEKS) hasil = ciptakan_teks(v->nilai.teks);
      |                                                            ^~~~~~~~~~~~~
../core_c/../core/enki_object.h:39:13: note: declared here
   39 | EnkiObject* ciptakan_teks(const char* nilai, int mode_dinamis);
      |             ^~~~~~~~~~~~~
../core_c/enki_interpreter.c:1216:86: error: too few arguments to function ‘ciptakan_salinan_objek’; expected 2, have 1
 1216 |                     else if (v->tipe == ENKI_OBJEK || v->tipe == ENKI_ARRAY) hasil = ciptakan_salinan_objek(v);
      |                                                                                      ^~~~~~~~~~~~~~~~~~~~~~
../core_c/../core/enki_object.h:43:13: note: declared here
   43 | EnkiObject* ciptakan_salinan_objek(EnkiObject* sumber, int mode_dinamis);
      |             ^~~~~~~~~~~~~~~~~~~~~~
../core_c/enki_interpreter.c:1218:21: error: too few arguments to function ‘hancurkan_objek’; expected 2, have 1
 1218 |                     hancurkan_objek(induk);
      |                     ^~~~~~~~~~~~~~~
../core_c/../core/enki_object.h:47:6: note: declared here
   47 | void hancurkan_objek(EnkiObject* obj, int mode_dinamis);
      |      ^~~~~~~~~~~~~~~
../core_c/enki_interpreter.c:1225:20: error: too few arguments to function ‘hancurkan_objek’; expected 2, have 1
 1225 |         if (induk) hancurkan_objek(induk);
      |                    ^~~~~~~~~~~~~~~
../core_c/../core/enki_object.h:47:6: note: declared here
   47 | void hancurkan_objek(EnkiObject* obj, int mode_dinamis);
      |      ^~~~~~~~~~~~~~~
../core_c/enki_interpreter.c:1238:16: error: too few arguments to function ‘ciptakan_kosong’; expected 1, have 0
 1238 |         return ciptakan_kosong();
      |                ^~~~~~~~~~~~~~~
../core_c/../core/enki_object.h:44:13: note: declared here
   44 | EnkiObject* ciptakan_kosong(int mode_dinamis);
      |             ^~~~~~~~~~~~~~~
../core_c/enki_interpreter.c:1260:24: error: too few arguments to function ‘ciptakan_kosong’; expected 1, have 0
 1260 |                 return ciptakan_kosong();
      |                        ^~~~~~~~~~~~~~~
../core_c/../core/enki_object.h:44:13: note: declared here
   44 | EnkiObject* ciptakan_kosong(int mode_dinamis);
      |             ^~~~~~~~~~~~~~~
../core_c/enki_interpreter.c:1272:37: error: too few arguments to function ‘hancurkan_objek’; expected 2, have 1
 1272 |                 if (*alamat_target) hancurkan_objek(*alamat_target);
      |                                     ^~~~~~~~~~~~~~~
../core_c/../core/enki_object.h:47:6: note: declared here
   47 | void hancurkan_objek(EnkiObject* obj, int mode_dinamis);
      |      ^~~~~~~~~~~~~~~
../core_c/enki_interpreter.c:1280:32: error: too few arguments to function ‘ciptakan_kosong’; expected 1, have 0
 1280 |                         return ciptakan_kosong();
      |                                ^~~~~~~~~~~~~~~
../core_c/../core/enki_object.h:44:13: note: declared here
   44 | EnkiObject* ciptakan_kosong(int mode_dinamis);
      |             ^~~~~~~~~~~~~~~
../core_c/enki_interpreter.c:1282:48: error: too few arguments to function ‘hancurkan_objek’; expected 2, have 1
 1282 |                     if (target_kavling->objek) hancurkan_objek(target_kavling->objek);
      |                                                ^~~~~~~~~~~~~~~
../core_c/../core/enki_object.h:47:6: note: declared here
   47 | void hancurkan_objek(EnkiObject* obj, int mode_dinamis);
      |      ^~~~~~~~~~~~~~~
../core_c/enki_interpreter.c:1289:43: error: too few arguments to function ‘hancurkan_objek’; expected 2, have 1
 1289 |                     if (hasil_masa_depan) hancurkan_objek(hasil_masa_depan);
      |                                           ^~~~~~~~~~~~~~~
../core_c/../core/enki_object.h:47:6: note: declared here
   47 | void hancurkan_objek(EnkiObject* obj, int mode_dinamis);
      |      ^~~~~~~~~~~~~~~
../core_c/enki_interpreter.c:1292:20: error: too few arguments to function ‘ciptakan_kosong’; expected 1, have 0
 1292 |             return ciptakan_kosong();
      |                    ^~~~~~~~~~~~~~~
../core_c/../core/enki_object.h:44:13: note: declared here
   44 | EnkiObject* ciptakan_kosong(int mode_dinamis);
      |             ^~~~~~~~~~~~~~~
../core_c/enki_interpreter.c:1324:35: error: too few arguments to function ‘hancurkan_objek’; expected 2, have 1
 1324 |                     if (obj_kiri) hancurkan_objek(obj_kiri);
      |                                   ^~~~~~~~~~~~~~~
../core_c/../core/enki_object.h:47:6: note: declared here
   47 | void hancurkan_objek(EnkiObject* obj, int mode_dinamis);
      |      ^~~~~~~~~~~~~~~
../core_c/enki_interpreter.c:1325:36: error: too few arguments to function ‘hancurkan_objek’; expected 2, have 1
 1325 |                     if (obj_kanan) hancurkan_objek(obj_kanan);
      |                                    ^~~~~~~~~~~~~~~
../core_c/../core/enki_object.h:47:6: note: declared here
   47 | void hancurkan_objek(EnkiObject* obj, int mode_dinamis);
      |      ^~~~~~~~~~~~~~~
../core_c/enki_interpreter.c:1326:28: error: too few arguments to function ‘ciptakan_teks’; expected 2, have 1
 1326 |                     return ciptakan_teks(gabungan);
      |                            ^~~~~~~~~~~~~
../core_c/../core/enki_object.h:39:13: note: declared here
   39 | EnkiObject* ciptakan_teks(const char* nilai, int mode_dinamis);
      |             ^~~~~~~~~~~~~
../core_c/enki_interpreter.c:1347:23: error: too few arguments to function ‘hancurkan_objek’; expected 2, have 1
 1347 |         if (obj_kiri) hancurkan_objek(obj_kiri);
      |                       ^~~~~~~~~~~~~~~
../core_c/../core/enki_object.h:47:6: note: declared here
   47 | void hancurkan_objek(EnkiObject* obj, int mode_dinamis);
      |      ^~~~~~~~~~~~~~~
../core_c/enki_interpreter.c:1348:24: error: too few arguments to function ‘hancurkan_objek’; expected 2, have 1
 1348 |         if (obj_kanan) hancurkan_objek(obj_kanan);
      |                        ^~~~~~~~~~~~~~~
../core_c/../core/enki_object.h:47:6: note: declared here
   47 | void hancurkan_objek(EnkiObject* obj, int mode_dinamis);
      |      ^~~~~~~~~~~~~~~
../core_c/enki_interpreter.c:1349:16: error: too few arguments to function ‘ciptakan_angka’; expected 2, have 1
 1349 |         return ciptakan_angka(hasil_akhir);
      |                ^~~~~~~~~~~~~~
../core_c/../core/enki_object.h:38:13: note: declared here
   38 | EnkiObject* ciptakan_angka(double nilai, int mode_dinamis);
      |             ^~~~~~~~~~~~~~
../core_c/enki_interpreter.c:1354:33: error: too few arguments to function ‘ciptakan_array’; expected 2, have 1
 1354 |         EnkiObject* obj_array = ciptakan_array(node->jumlah_anak);
      |                                 ^~~~~~~~~~~~~~
../core_c/../core/enki_object.h:40:13: note: declared here
   40 | EnkiObject* ciptakan_array(int kapasitas, int mode_dinamis);
      |             ^~~~~~~~~~~~~~
../core_c/enki_interpreter.c:1361:83: error: too few arguments to function ‘ciptakan_teks’; expected 2, have 1
 1361 |                 if (elemen->tipe == ENKI_TEKS) obj_array->nilai.array_elemen[i] = ciptakan_teks(elemen->nilai.teks);
      |                                                                                   ^~~~~~~~~~~~~
../core_c/../core/enki_object.h:39:13: note: declared here
   39 | EnkiObject* ciptakan_teks(const char* nilai, int mode_dinamis);
      |             ^~~~~~~~~~~~~
../core_c/enki_interpreter.c:1362:89: error: too few arguments to function ‘ciptakan_angka’; expected 2, have 1
 1362 |                 else if (elemen->tipe == ENKI_ANGKA) obj_array->nilai.array_elemen[i] = ciptakan_angka(elemen->nilai.angka);
      |                                                                                         ^~~~~~~~~~~~~~
../core_c/../core/enki_object.h:38:13: note: declared here
   38 | EnkiObject* ciptakan_angka(double nilai, int mode_dinamis);
      |             ^~~~~~~~~~~~~~
../core_c/enki_interpreter.c:1366:56: error: too few arguments to function ‘ciptakan_salinan_objek’; expected 2, have 1
 1366 |                     obj_array->nilai.array_elemen[i] = ciptakan_salinan_objek(elemen);
      |                                                        ^~~~~~~~~~~~~~~~~~~~~~
../core_c/../core/enki_object.h:43:13: note: declared here
   43 | EnkiObject* ciptakan_salinan_objek(EnkiObject* sumber, int mode_dinamis);
      |             ^~~~~~~~~~~~~~~~~~~~~~
../core_c/enki_interpreter.c:1368:57: error: too few arguments to function ‘ciptakan_kosong’; expected 1, have 0
 1368 |                 else obj_array->nilai.array_elemen[i] = ciptakan_kosong();
      |                                                         ^~~~~~~~~~~~~~~
../core_c/../core/enki_object.h:44:13: note: declared here
   44 | EnkiObject* ciptakan_kosong(int mode_dinamis);
      |             ^~~~~~~~~~~~~~~
../core_c/enki_interpreter.c:1370:17: error: too few arguments to function ‘hancurkan_objek’; expected 2, have 1
 1370 |                 hancurkan_objek(elemen);
      |                 ^~~~~~~~~~~~~~~
../core_c/../core/enki_object.h:47:6: note: declared here
   47 | void hancurkan_objek(EnkiObject* obj, int mode_dinamis);
      |      ^~~~~~~~~~~~~~~
../core_c/enki_interpreter.c:1372:52: error: too few arguments to function ‘ciptakan_kosong’; expected 1, have 0
 1372 |                 obj_array->nilai.array_elemen[i] = ciptakan_kosong();
      |                                                    ^~~~~~~~~~~~~~~
../core_c/../core/enki_object.h:44:13: note: declared here
   44 | EnkiObject* ciptakan_kosong(int mode_dinamis);
      |             ^~~~~~~~~~~~~~~
../core_c/enki_interpreter.c:1381:32: error: too few arguments to function ‘ciptakan_objek_peta’; expected 2, have 1
 1381 |         EnkiObject* obj_peta = ciptakan_objek_peta(jumlah_pasangan);
      |                                ^~~~~~~~~~~~~~~~~~~
../core_c/../core/enki_object.h:41:13: note: declared here
   41 | EnkiObject* ciptakan_objek_peta(int kapasitas, int mode_dinamis);
      |             ^~~~~~~~~~~~~~~~~~~
../core_c/enki_interpreter.c:1389:55: error: too few arguments to function ‘ciptakan_teks’; expected 2, have 1
 1389 |                 obj_peta->nilai.objek_peta.kunci[i] = ciptakan_teks(obj_kunci->nilai.teks);
      |                                                       ^~~~~~~~~~~~~
../core_c/../core/enki_object.h:39:13: note: declared here
   39 | EnkiObject* ciptakan_teks(const char* nilai, int mode_dinamis);
      |             ^~~~~~~~~~~~~
../core_c/enki_interpreter.c:1390:56: error: too few arguments to function ‘ciptakan_salinan_objek’; expected 2, have 1
 1390 |                 obj_peta->nilai.objek_peta.konten[i] = ciptakan_salinan_objek(obj_konten);
      |                                                        ^~~~~~~~~~~~~~~~~~~~~~
../core_c/../core/enki_object.h:43:13: note: declared here
   43 | EnkiObject* ciptakan_salinan_objek(EnkiObject* sumber, int mode_dinamis);
      |             ^~~~~~~~~~~~~~~~~~~~~~
../core_c/enki_interpreter.c:1393:28: error: too few arguments to function ‘hancurkan_objek’; expected 2, have 1
 1393 |             if (obj_kunci) hancurkan_objek(obj_kunci);
      |                            ^~~~~~~~~~~~~~~
../core_c/../core/enki_object.h:47:6: note: declared here
   47 | void hancurkan_objek(EnkiObject* obj, int mode_dinamis);
      |      ^~~~~~~~~~~~~~~
../core_c/enki_interpreter.c:1394:29: error: too few arguments to function ‘hancurkan_objek’; expected 2, have 1
 1394 |             if (obj_konten) hancurkan_objek(obj_konten);
      |                             ^~~~~~~~~~~~~~~
../core_c/../core/enki_object.h:47:6: note: declared here
   47 | void hancurkan_objek(EnkiObject* obj, int mode_dinamis);
      |      ^~~~~~~~~~~~~~~
../core_c/enki_interpreter.c:1409:29: error: too few arguments to function ‘hancurkan_objek’; expected 2, have 1
 1409 |             if (obj_target) hancurkan_objek(obj_target);
      |                             ^~~~~~~~~~~~~~~
../core_c/../core/enki_object.h:47:6: note: declared here
   47 | void hancurkan_objek(EnkiObject* obj, int mode_dinamis);
      |      ^~~~~~~~~~~~~~~
../core_c/enki_interpreter.c:1410:20: error: too few arguments to function ‘ciptakan_kosong’; expected 1, have 0
 1410 |             return ciptakan_kosong();
      |                    ^~~~~~~~~~~~~~~
../core_c/../core/enki_object.h:44:13: note: declared here
   44 | EnkiObject* ciptakan_kosong(int mode_dinamis);
      |             ^~~~~~~~~~~~~~~
../core_c/enki_interpreter.c:1414:29: error: too few arguments to function ‘ciptakan_kosong’; expected 1, have 0
 1414 |         EnkiObject* hasil = ciptakan_kosong();
      |                             ^~~~~~~~~~~~~~~
../core_c/../core/enki_object.h:44:13: note: declared here
   44 | EnkiObject* ciptakan_kosong(int mode_dinamis);
      |             ^~~~~~~~~~~~~~~
../core_c/enki_interpreter.c:1445:61: error: too few arguments to function ‘ciptakan_angka’; expected 2, have 1
 1445 |                     if (elemen->tipe == ENKI_ANGKA) hasil = ciptakan_angka(elemen->nilai.angka);
      |                                                             ^~~~~~~~~~~~~~
../core_c/../core/enki_object.h:38:13: note: declared here
   38 | EnkiObject* ciptakan_angka(double nilai, int mode_dinamis);
      |             ^~~~~~~~~~~~~~
../core_c/enki_interpreter.c:1446:65: error: too few arguments to function ‘ciptakan_teks’; expected 2, have 1
 1446 |                     else if (elemen->tipe == ENKI_TEKS) hasil = ciptakan_teks(elemen->nilai.teks);
      |                                                                 ^~~~~~~~~~~~~
../core_c/../core/enki_object.h:39:13: note: declared here
   39 | EnkiObject* ciptakan_teks(const char* nilai, int mode_dinamis);
      |             ^~~~~~~~~~~~~
../core_c/enki_interpreter.c:1448:96: error: too few arguments to function ‘ciptakan_salinan_objek’; expected 2, have 1
 1448 |                     else if (elemen->tipe == ENKI_OBJEK || elemen->tipe == ENKI_ARRAY) hasil = ciptakan_salinan_objek(elemen);
      |                                                                                                ^~~~~~~~~~~~~~~~~~~~~~
../core_c/../core/enki_object.h:43:13: note: declared here
   43 | EnkiObject* ciptakan_salinan_objek(EnkiObject* sumber, int mode_dinamis);
      |             ^~~~~~~~~~~~~~~~~~~~~~
../core_c/enki_interpreter.c:1476:65: error: too few arguments to function ‘ciptakan_angka’; expected 2, have 1
 1476 |                         if (elemen->tipe == ENKI_ANGKA) hasil = ciptakan_angka(elemen->nilai.angka);
      |                                                                 ^~~~~~~~~~~~~~
../core_c/../core/enki_object.h:38:13: note: declared here
   38 | EnkiObject* ciptakan_angka(double nilai, int mode_dinamis);
      |             ^~~~~~~~~~~~~~
../core_c/enki_interpreter.c:1477:69: error: too few arguments to function ‘ciptakan_teks’; expected 2, have 1
 1477 |                         else if (elemen->tipe == ENKI_TEKS) hasil = ciptakan_teks(elemen->nilai.teks);
      |                                                                     ^~~~~~~~~~~~~
../core_c/../core/enki_object.h:39:13: note: declared here
   39 | EnkiObject* ciptakan_teks(const char* nilai, int mode_dinamis);
      |             ^~~~~~~~~~~~~
../core_c/enki_interpreter.c:1479:100: error: too few arguments to function ‘ciptakan_salinan_objek’; expected 2, have 1
 1479 |                         else if (elemen->tipe == ENKI_OBJEK || elemen->tipe == ENKI_ARRAY) hasil = ciptakan_salinan_objek(elemen);
      |                                                                                                    ^~~~~~~~~~~~~~~~~~~~~~
../core_c/../core/enki_object.h:43:13: note: declared here
   43 | EnkiObject* ciptakan_salinan_objek(EnkiObject* sumber, int mode_dinamis);
      |             ^~~~~~~~~~~~~~~~~~~~~~
../core_c/enki_interpreter.c:1499:25: error: too few arguments to function ‘hancurkan_objek’; expected 2, have 1
 1499 |         if (obj_target) hancurkan_objek(obj_target);
      |                         ^~~~~~~~~~~~~~~
../core_c/../core/enki_object.h:47:6: note: declared here
   47 | void hancurkan_objek(EnkiObject* obj, int mode_dinamis);
      |      ^~~~~~~~~~~~~~~
../core_c/enki_interpreter.c:1500:25: error: too few arguments to function ‘hancurkan_objek’; expected 2, have 1
 1500 |         if (obj_indeks) hancurkan_objek(obj_indeks);
      |                         ^~~~~~~~~~~~~~~
../core_c/../core/enki_object.h:47:6: note: declared here
   47 | void hancurkan_objek(EnkiObject* obj, int mode_dinamis);
      |      ^~~~~~~~~~~~~~~
../core_c/enki_interpreter.c:1513:20: error: too few arguments to function ‘ciptakan_kosong’; expected 1, have 0
 1513 |             return ciptakan_kosong(); // Mengembalikan ENKI_KOSONG
      |                    ^~~~~~~~~~~~~~~
../core_c/../core/enki_object.h:44:13: note: declared here
   44 | EnkiObject* ciptakan_kosong(int mode_dinamis);
      |             ^~~~~~~~~~~~~~~
../core_c/enki_interpreter.c:1527:32: error: too few arguments to function ‘hancurkan_objek’; expected 2, have 1
 1527 |                 if (obj_hasil) hancurkan_objek(obj_hasil);
      |                                ^~~~~~~~~~~~~~~
../core_c/../core/enki_object.h:47:6: note: declared here
   47 | void hancurkan_objek(EnkiObject* obj, int mode_dinamis);
      |      ^~~~~~~~~~~~~~~
../core_c/enki_interpreter.c:1531:20: error: too few arguments to function ‘ciptakan_kosong’; expected 1, have 0
 1531 |             return ciptakan_kosong();
      |                    ^~~~~~~~~~~~~~~
../core_c/../core/enki_object.h:44:13: note: declared here
   44 | EnkiObject* ciptakan_kosong(int mode_dinamis);
      |             ^~~~~~~~~~~~~~~
../core_c/enki_interpreter.c:1544:26: error: too few arguments to function ‘hancurkan_objek’; expected 2, have 1
 1544 |             if (str_min) hancurkan_objek(str_min);
      |                          ^~~~~~~~~~~~~~~
../core_c/../core/enki_object.h:47:6: note: declared here
   47 | void hancurkan_objek(EnkiObject* obj, int mode_dinamis);
      |      ^~~~~~~~~~~~~~~
../core_c/enki_interpreter.c:1545:26: error: too few arguments to function ‘hancurkan_objek’; expected 2, have 1
 1545 |             if (str_max) hancurkan_objek(str_max);
      |                          ^~~~~~~~~~~~~~~
../core_c/../core/enki_object.h:47:6: note: declared here
   47 | void hancurkan_objek(EnkiObject* obj, int mode_dinamis);
      |      ^~~~~~~~~~~~~~~
../core_c/enki_interpreter.c:1548:20: error: too few arguments to function ‘ciptakan_angka’; expected 2, have 1
 1548 |             return ciptakan_angka((double)hasil);
      |                    ^~~~~~~~~~~~~~
../core_c/../core/enki_object.h:38:13: note: declared here
   38 | EnkiObject* ciptakan_angka(double nilai, int mode_dinamis);
      |             ^~~~~~~~~~~~~~
../core_c/enki_interpreter.c:1556:22: error: too few arguments to function ‘hancurkan_objek’; expected 2, have 1
 1556 |             if (isi) hancurkan_objek(isi);
      |                      ^~~~~~~~~~~~~~~
../core_c/../core/enki_object.h:47:6: note: declared here
   47 | void hancurkan_objek(EnkiObject* obj, int mode_dinamis);
      |      ^~~~~~~~~~~~~~~
../core_c/enki_interpreter.c:1557:20: error: too few arguments to function ‘ciptakan_angka’; expected 2, have 1
 1557 |             return ciptakan_angka((double)panjang_karakter);
      |                    ^~~~~~~~~~~~~~
../core_c/../core/enki_object.h:38:13: note: declared here
   38 | EnkiObject* ciptakan_angka(double nilai, int mode_dinamis);
      |             ^~~~~~~~~~~~~~
../core_c/enki_interpreter.c:1574:20: error: too few arguments to function ‘ciptakan_teks’; expected 2, have 1
 1574 |             return ciptakan_teks(buffer);
      |                    ^~~~~~~~~~~~~
../core_c/../core/enki_object.h:39:13: note: declared here
   39 | EnkiObject* ciptakan_teks(const char* nilai, int mode_dinamis);
      |             ^~~~~~~~~~~~~
../core_c/enki_interpreter.c:1585:24: error: too few arguments to function ‘ciptakan_kosong’; expected 1, have 0
 1585 |                 return ciptakan_kosong();
      |                        ^~~~~~~~~~~~~~~
../core_c/../core/enki_object.h:44:13: note: declared here
   44 | EnkiObject* ciptakan_kosong(int mode_dinamis);
      |             ^~~~~~~~~~~~~~~
../core_c/enki_interpreter.c:1590:37: error: too few arguments to function ‘ciptakan_kosong’; expected 1, have 0
 1590 |                 EnkiObject* hasil = ciptakan_kosong();
      |                                     ^~~~~~~~~~~~~~~
../core_c/../core/enki_object.h:44:13: note: declared here
   44 | EnkiObject* ciptakan_kosong(int mode_dinamis);
      |             ^~~~~~~~~~~~~~~
../core_c/enki_interpreter.c:1594:29: error: too few arguments to function ‘hancurkan_objek’; expected 2, have 1
 1594 |                             hancurkan_objek(hasil);
      |                             ^~~~~~~~~~~~~~~
../core_c/../core/enki_object.h:47:6: note: declared here
   47 | void hancurkan_objek(EnkiObject* obj, int mode_dinamis);
      |      ^~~~~~~~~~~~~~~
../core_c/enki_interpreter.c:1595:37: error: too few arguments to function ‘ciptakan_salinan_objek’; expected 2, have 1
 1595 |                             hasil = ciptakan_salinan_objek(target->nilai.objek_peta.konten[i]);
      |                                     ^~~~~~~~~~~~~~~~~~~~~~
../core_c/../core/enki_object.h:43:13: note: declared here
   43 | EnkiObject* ciptakan_salinan_objek(EnkiObject* sumber, int mode_dinamis);
      |             ^~~~~~~~~~~~~~~~~~~~~~
../core_c/enki_interpreter.c:1600:29: error: too few arguments to function ‘hancurkan_objek’; expected 2, have 1
 1600 |                 if (target) hancurkan_objek(target);
      |                             ^~~~~~~~~~~~~~~
../core_c/../core/enki_object.h:47:6: note: declared here
   47 | void hancurkan_objek(EnkiObject* obj, int mode_dinamis);
      |      ^~~~~~~~~~~~~~~
../core_c/enki_interpreter.c:1601:28: error: too few arguments to function ‘hancurkan_objek’; expected 2, have 1
 1601 |                 if (kunci) hancurkan_objek(kunci);
      |                            ^~~~~~~~~~~~~~~
../core_c/../core/enki_object.h:47:6: note: declared here
   47 | void hancurkan_objek(EnkiObject* obj, int mode_dinamis);
      |      ^~~~~~~~~~~~~~~
../core_c/enki_interpreter.c:1607:35: error: too few arguments to function ‘ciptakan_array’; expected 2, have 1
 1607 |                 EnkiObject* arr = ciptakan_array(mini->jumlah);
      |                                   ^~~~~~~~~~~~~~
../core_c/../core/enki_object.h:40:13: note: declared here
   40 | EnkiObject* ciptakan_array(int kapasitas, int mode_dinamis);
      |             ^~~~~~~~~~~~~~
../core_c/enki_interpreter.c:1610:50: error: too few arguments to function ‘ciptakan_salinan_objek’; expected 2, have 1
 1610 |                     arr->nilai.array_elemen[i] = ciptakan_salinan_objek(mini->kavling[i].objek);
      |                                                  ^~~~~~~~~~~~~~~~~~~~~~
../core_c/../core/enki_object.h:43:13: note: declared here
   43 | EnkiObject* ciptakan_salinan_objek(EnkiObject* sumber, int mode_dinamis);
      |             ^~~~~~~~~~~~~~~~~~~~~~
../core_c/enki_interpreter.c:1616:25: error: too few arguments to function ‘hancurkan_objek’; expected 2, have 1
 1616 |             if (target) hancurkan_objek(target);
      |                         ^~~~~~~~~~~~~~~
../core_c/../core/enki_object.h:47:6: note: declared here
   47 | void hancurkan_objek(EnkiObject* obj, int mode_dinamis);
      |      ^~~~~~~~~~~~~~~
../core_c/enki_interpreter.c:1624:24: error: too few arguments to function ‘ciptakan_kosong’; expected 1, have 0
 1624 |                 return ciptakan_kosong();
      |                        ^~~~~~~~~~~~~~~
../core_c/../core/enki_object.h:44:13: note: declared here
   44 | EnkiObject* ciptakan_kosong(int mode_dinamis);
      |             ^~~~~~~~~~~~~~~
../core_c/enki_interpreter.c:1638:29: error: too few arguments to function ‘hancurkan_objek’; expected 2, have 1
 1638 |                 if (target) hancurkan_objek(target);
      |                             ^~~~~~~~~~~~~~~
../core_c/../core/enki_object.h:47:6: note: declared here
   47 | void hancurkan_objek(EnkiObject* obj, int mode_dinamis);
      |      ^~~~~~~~~~~~~~~
../core_c/enki_interpreter.c:1639:28: error: too few arguments to function ‘hancurkan_objek’; expected 2, have 1
 1639 |                 if (kunci) hancurkan_objek(kunci);
      |                            ^~~~~~~~~~~~~~~
../core_c/../core/enki_object.h:47:6: note: declared here
   47 | void hancurkan_objek(EnkiObject* obj, int mode_dinamis);
      |      ^~~~~~~~~~~~~~~
../core_c/enki_interpreter.c:1640:24: error: too few arguments to function ‘ciptakan_angka’; expected 2, have 1
 1640 |                 return ciptakan_angka(ada);
      |                        ^~~~~~~~~~~~~~
../core_c/../core/enki_object.h:38:13: note: declared here
   38 | EnkiObject* ciptakan_angka(double nilai, int mode_dinamis);
      |             ^~~~~~~~~~~~~~
../core_c/enki_interpreter.c:1645:35: error: too few arguments to function ‘ciptakan_array’; expected 2, have 1
 1645 |                 EnkiObject* arr = ciptakan_array(mini->jumlah);
      |                                   ^~~~~~~~~~~~~~
../core_c/../core/enki_object.h:40:13: note: declared here
   40 | EnkiObject* ciptakan_array(int kapasitas, int mode_dinamis);
      |             ^~~~~~~~~~~~~~
../core_c/enki_interpreter.c:1648:50: error: too few arguments to function ‘ciptakan_teks’; expected 2, have 1
 1648 |                     arr->nilai.array_elemen[i] = ciptakan_teks(mini->kavling[i].nama);
      |                                                  ^~~~~~~~~~~~~
../core_c/../core/enki_object.h:39:13: note: declared here
   39 | EnkiObject* ciptakan_teks(const char* nilai, int mode_dinamis);
      |             ^~~~~~~~~~~~~
../core_c/enki_interpreter.c:1654:25: error: too few arguments to function ‘hancurkan_objek’; expected 2, have 1
 1654 |             if (target) hancurkan_objek(target);
      |                         ^~~~~~~~~~~~~~~
../core_c/../core/enki_object.h:47:6: note: declared here
   47 | void hancurkan_objek(EnkiObject* obj, int mode_dinamis);
      |      ^~~~~~~~~~~~~~~
../core_c/enki_interpreter.c:1663:24: error: too few arguments to function ‘ciptakan_kosong’; expected 1, have 0
 1663 |                 return ciptakan_kosong();
      |                        ^~~~~~~~~~~~~~~
../core_c/../core/enki_object.h:44:13: note: declared here
   44 | EnkiObject* ciptakan_kosong(int mode_dinamis);
      |             ^~~~~~~~~~~~~~~
../core_c/enki_interpreter.c:1677:17: error: too few arguments to function ‘hancurkan_objek’; expected 2, have 1
 1677 |                 hancurkan_objek(obj_teks);
      |                 ^~~~~~~~~~~~~~~
../core_c/../core/enki_object.h:47:6: note: declared here
   47 | void hancurkan_objek(EnkiObject* obj, int mode_dinamis);
      |      ^~~~~~~~~~~~~~~
../core_c/enki_interpreter.c:1678:37: error: too few arguments to function ‘ciptakan_teks’; expected 2, have 1
 1678 |                 EnkiObject* hasil = ciptakan_teks(teks);
      |                                     ^~~~~~~~~~~~~
../core_c/../core/enki_object.h:39:13: note: declared here
   39 | EnkiObject* ciptakan_teks(const char* nilai, int mode_dinamis);
      |             ^~~~~~~~~~~~~
../core_c/enki_interpreter.c:1682:27: error: too few arguments to function ‘hancurkan_objek’; expected 2, have 1
 1682 |             if (obj_teks) hancurkan_objek(obj_teks);
      |                           ^~~~~~~~~~~~~~~
../core_c/../core/enki_object.h:47:6: note: declared here
   47 | void hancurkan_objek(EnkiObject* obj, int mode_dinamis);
      |      ^~~~~~~~~~~~~~~
../core_c/enki_interpreter.c:1683:20: error: too few arguments to function ‘ciptakan_kosong’; expected 1, have 0
 1683 |             return ciptakan_kosong();
      |                    ^~~~~~~~~~~~~~~
../core_c/../core/enki_object.h:44:13: note: declared here
   44 | EnkiObject* ciptakan_kosong(int mode_dinamis);
      |             ^~~~~~~~~~~~~~~
../core_c/enki_interpreter.c:1692:24: error: too few arguments to function ‘ciptakan_kosong’; expected 1, have 0
 1692 |                 return ciptakan_kosong();
      |                        ^~~~~~~~~~~~~~~
../core_c/../core/enki_object.h:44:13: note: declared here
   44 | EnkiObject* ciptakan_kosong(int mode_dinamis);
      |             ^~~~~~~~~~~~~~~
../core_c/enki_interpreter.c:1705:37: error: too few arguments to function ‘ciptakan_teks’; expected 2, have 1
 1705 |                 EnkiObject* hasil = ciptakan_teks(teks_terbalik);
      |                                     ^~~~~~~~~~~~~
../core_c/../core/enki_object.h:39:13: note: declared here
   39 | EnkiObject* ciptakan_teks(const char* nilai, int mode_dinamis);
      |             ^~~~~~~~~~~~~
../core_c/enki_interpreter.c:1707:17: error: too few arguments to function ‘hancurkan_objek’; expected 2, have 1
 1707 |                 hancurkan_objek(obj_arg);
      |                 ^~~~~~~~~~~~~~~
../core_c/../core/enki_object.h:47:6: note: declared here
   47 | void hancurkan_objek(EnkiObject* obj, int mode_dinamis);
      |      ^~~~~~~~~~~~~~~
../core_c/enki_interpreter.c:1711:26: error: too few arguments to function ‘hancurkan_objek’; expected 2, have 1
 1711 |             if (obj_arg) hancurkan_objek(obj_arg);
      |                          ^~~~~~~~~~~~~~~
../core_c/../core/enki_object.h:47:6: note: declared here
   47 | void hancurkan_objek(EnkiObject* obj, int mode_dinamis);
      |      ^~~~~~~~~~~~~~~
../core_c/enki_interpreter.c:1712:20: error: too few arguments to function ‘ciptakan_kosong’; expected 1, have 0
 1712 |             return ciptakan_kosong();
      |                    ^~~~~~~~~~~~~~~
../core_c/../core/enki_object.h:44:13: note: declared here
   44 | EnkiObject* ciptakan_kosong(int mode_dinamis);
      |             ^~~~~~~~~~~~~~~
../core_c/enki_interpreter.c:1720:162: error: too few arguments to function ‘ciptakan_kosong’; expected 1, have 0
 1720 |             if (node->jumlah_anak < 1) { pemicu_kiamat_presisi(node, ram, "Fungsi ke_hex() butuh angka!", "Contoh: ke_hex(255) atau ke_hex(\"0b1111\")"); return ciptakan_kosong(); }
      |                                                                                                                                                                  ^~~~~~~~~~~~~~~
../core_c/../core/enki_object.h:44:13: note: declared here
   44 | EnkiObject* ciptakan_kosong(int mode_dinamis);
      |             ^~~~~~~~~~~~~~~
../core_c/enki_interpreter.c:1724:22: error: too few arguments to function ‘hancurkan_objek’; expected 2, have 1
 1724 |             if (arg) hancurkan_objek(arg);
      |                      ^~~~~~~~~~~~~~~
../core_c/../core/enki_object.h:47:6: note: declared here
   47 | void hancurkan_objek(EnkiObject* obj, int mode_dinamis);
      |      ^~~~~~~~~~~~~~~
../core_c/enki_interpreter.c:1727:20: error: too few arguments to function ‘ciptakan_teks’; expected 2, have 1
 1727 |             return ciptakan_teks(buffer);
      |                    ^~~~~~~~~~~~~
../core_c/../core/enki_object.h:39:13: note: declared here
   39 | EnkiObject* ciptakan_teks(const char* nilai, int mode_dinamis);
      |             ^~~~~~~~~~~~~
../core_c/enki_interpreter.c:1730:140: error: too few arguments to function ‘ciptakan_kosong’; expected 1, have 0
 1730 |             if (node->jumlah_anak < 1) { pemicu_kiamat_presisi(node, ram, "Fungsi ke_oktal() butuh angka!", "Contoh: ke_oktal(8)"); return ciptakan_kosong(); }
      |                                                                                                                                            ^~~~~~~~~~~~~~~
../core_c/../core/enki_object.h:44:13: note: declared here
   44 | EnkiObject* ciptakan_kosong(int mode_dinamis);
      |             ^~~~~~~~~~~~~~~
../core_c/enki_interpreter.c:1734:22: error: too few arguments to function ‘hancurkan_objek’; expected 2, have 1
 1734 |             if (arg) hancurkan_objek(arg);
      |                      ^~~~~~~~~~~~~~~
../core_c/../core/enki_object.h:47:6: note: declared here
   47 | void hancurkan_objek(EnkiObject* obj, int mode_dinamis);
      |      ^~~~~~~~~~~~~~~
../core_c/enki_interpreter.c:1737:20: error: too few arguments to function ‘ciptakan_teks’; expected 2, have 1
 1737 |             return ciptakan_teks(buffer);
      |                    ^~~~~~~~~~~~~
../core_c/../core/enki_object.h:39:13: note: declared here
   39 | EnkiObject* ciptakan_teks(const char* nilai, int mode_dinamis);
      |             ^~~~~~~~~~~~~
../core_c/enki_interpreter.c:1740:153: error: too few arguments to function ‘ciptakan_kosong’; expected 1, have 0
 1740 |             if (node->jumlah_anak < 1) { pemicu_kiamat_presisi(node, ram, "Fungsi ke_desimal() butuh argumen!", "Contoh: ke_desimal(\"0xFF\")"); return ciptakan_kosong(); }
      |                                                                                                                                                         ^~~~~~~~~~~~~~~
../core_c/../core/enki_object.h:44:13: note: declared here
   44 | EnkiObject* ciptakan_kosong(int mode_dinamis);
      |             ^~~~~~~~~~~~~~~
../core_c/enki_interpreter.c:1744:22: error: too few arguments to function ‘hancurkan_objek’; expected 2, have 1
 1744 |             if (arg) hancurkan_objek(arg);
      |                      ^~~~~~~~~~~~~~~
../core_c/../core/enki_object.h:47:6: note: declared here
   47 | void hancurkan_objek(EnkiObject* obj, int mode_dinamis);
      |      ^~~~~~~~~~~~~~~
../core_c/enki_interpreter.c:1746:20: error: too few arguments to function ‘ciptakan_angka’; expected 2, have 1
 1746 |             return ciptakan_angka((double)angka); // 🟢 Langsung jadi angka murni!
      |                    ^~~~~~~~~~~~~~
../core_c/../core/enki_object.h:38:13: note: declared here
   38 | EnkiObject* ciptakan_angka(double nilai, int mode_dinamis);
      |             ^~~~~~~~~~~~~~
../core_c/enki_interpreter.c:1749:141: error: too few arguments to function ‘ciptakan_kosong’; expected 1, have 0
 1749 |             if (node->jumlah_anak < 1) { pemicu_kiamat_presisi(node, ram, "Fungsi ke_biner() butuh angka!", "Contoh: ke_biner(10)"); return ciptakan_kosong(); }
      |                                                                                                                                             ^~~~~~~~~~~~~~~
../core_c/../core/enki_object.h:44:13: note: declared here
   44 | EnkiObject* ciptakan_kosong(int mode_dinamis);
      |             ^~~~~~~~~~~~~~~
../core_c/enki_interpreter.c:1753:22: error: too few arguments to function ‘hancurkan_objek’; expected 2, have 1
 1753 |             if (arg) hancurkan_objek(arg);
      |                      ^~~~~~~~~~~~~~~
../core_c/../core/enki_object.h:47:6: note: declared here
   47 | void hancurkan_objek(EnkiObject* obj, int mode_dinamis);
      |      ^~~~~~~~~~~~~~~
../core_c/enki_interpreter.c:1763:20: error: too few arguments to function ‘ciptakan_teks’; expected 2, have 1
 1763 |             return ciptakan_teks(buffer);
      |                    ^~~~~~~~~~~~~
../core_c/../core/enki_object.h:39:13: note: declared here
   39 | EnkiObject* ciptakan_teks(const char* nilai, int mode_dinamis);
      |             ^~~~~~~~~~~~~
../core_c/enki_interpreter.c:1768:143: error: too few arguments to function ‘ciptakan_kosong’; expected 1, have 0
 1768 |             if (node->jumlah_anak < 1) { pemicu_kiamat_presisi(node, ram, "Fungsi bulatkan() butuh angka!", "Contoh: bulatkan(3.14)"); return ciptakan_kosong(); }
      |                                                                                                                                               ^~~~~~~~~~~~~~~
../core_c/../core/enki_object.h:44:13: note: declared here
   44 | EnkiObject* ciptakan_kosong(int mode_dinamis);
      |             ^~~~~~~~~~~~~~~
../core_c/enki_interpreter.c:1771:22: error: too few arguments to function ‘hancurkan_objek’; expected 2, have 1
 1771 |             if (arg) hancurkan_objek(arg);
      |                      ^~~~~~~~~~~~~~~
../core_c/../core/enki_object.h:47:6: note: declared here
   47 | void hancurkan_objek(EnkiObject* obj, int mode_dinamis);
      |      ^~~~~~~~~~~~~~~
../core_c/enki_interpreter.c:1775:20: error: too few arguments to function ‘ciptakan_angka’; expected 2, have 1
 1775 |             return ciptakan_angka(round(angka));
      |                    ^~~~~~~~~~~~~~
../core_c/../core/enki_object.h:38:13: note: declared here
   38 | EnkiObject* ciptakan_angka(double nilai, int mode_dinamis);
      |             ^~~~~~~~~~~~~~
../core_c/enki_interpreter.c:1780:147: error: too few arguments to function ‘ciptakan_kosong’; expected 1, have 0
 1780 |             if (node->jumlah_anak < 1) { pemicu_kiamat_presisi(node, ram, "Fungsi ke_ascii() butuh karakter!", "Contoh: ke_ascii(\"A\")"); return ciptakan_kosong(); }
      |                                                                                                                                                   ^~~~~~~~~~~~~~~
../core_c/../core/enki_object.h:44:13: note: declared here
   44 | EnkiObject* ciptakan_kosong(int mode_dinamis);
      |             ^~~~~~~~~~~~~~~
../core_c/enki_interpreter.c:1786:22: error: too few arguments to function ‘hancurkan_objek’; expected 2, have 1
 1786 |             if (arg) hancurkan_objek(arg);
      |                      ^~~~~~~~~~~~~~~
../core_c/../core/enki_object.h:47:6: note: declared here
   47 | void hancurkan_objek(EnkiObject* obj, int mode_dinamis);
      |      ^~~~~~~~~~~~~~~
../core_c/enki_interpreter.c:1787:20: error: too few arguments to function ‘ciptakan_angka’; expected 2, have 1
 1787 |             return ciptakan_angka(nilai_ascii);
      |                    ^~~~~~~~~~~~~~
../core_c/../core/enki_object.h:38:13: note: declared here
   38 | EnkiObject* ciptakan_angka(double nilai, int mode_dinamis);
      |             ^~~~~~~~~~~~~~
../core_c/enki_interpreter.c:1790:170: error: too few arguments to function ‘ciptakan_kosong’; expected 1, have 0
 1790 |             if (node->jumlah_anak < 1) { pemicu_kiamat_presisi(node, ram, "Fungsi dari_ascii() butuh kode!", "Contoh: dari_ascii(65) atau dari_ascii(\"0x41\")"); return ciptakan_kosong(); }
      |                                                                                                                                                                          ^~~~~~~~~~~~~~~
../core_c/../core/enki_object.h:44:13: note: declared here
   44 | EnkiObject* ciptakan_kosong(int mode_dinamis);
      |             ^~~~~~~~~~~~~~~
../core_c/enki_interpreter.c:1793:22: error: too few arguments to function ‘hancurkan_objek’; expected 2, have 1
 1793 |             if (arg) hancurkan_objek(arg);
      |                      ^~~~~~~~~~~~~~~
../core_c/../core/enki_object.h:47:6: note: declared here
   47 | void hancurkan_objek(EnkiObject* obj, int mode_dinamis);
      |      ^~~~~~~~~~~~~~~
../core_c/enki_interpreter.c:1796:20: error: too few arguments to function ‘ciptakan_teks’; expected 2, have 1
 1796 |             return ciptakan_teks(buffer);
      |                    ^~~~~~~~~~~~~
../core_c/../core/enki_object.h:39:13: note: declared here
   39 | EnkiObject* ciptakan_teks(const char* nilai, int mode_dinamis);
      |             ^~~~~~~~~~~~~
../core_c/enki_interpreter.c:1804:24: error: too few arguments to function ‘ciptakan_angka’; expected 2, have 1
 1804 |                 return ciptakan_angka(0);
      |                        ^~~~~~~~~~~~~~
../core_c/../core/enki_object.h:38:13: note: declared here
   38 | EnkiObject* ciptakan_angka(double nilai, int mode_dinamis);
      |             ^~~~~~~~~~~~~~
../core_c/enki_interpreter.c:1833:27: error: too few arguments to function ‘hancurkan_objek’; expected 2, have 1
 1833 |             if (obj_teks) hancurkan_objek(obj_teks);
      |                           ^~~~~~~~~~~~~~~
../core_c/../core/enki_object.h:47:6: note: declared here
   47 | void hancurkan_objek(EnkiObject* obj, int mode_dinamis);
      |      ^~~~~~~~~~~~~~~
../core_c/enki_interpreter.c:1834:27: error: too few arguments to function ‘hancurkan_objek’; expected 2, have 1
 1834 |             if (obj_pola) hancurkan_objek(obj_pola);
      |                           ^~~~~~~~~~~~~~~
../core_c/../core/enki_object.h:47:6: note: declared here
   47 | void hancurkan_objek(EnkiObject* obj, int mode_dinamis);
      |      ^~~~~~~~~~~~~~~
../core_c/enki_interpreter.c:1835:20: error: too few arguments to function ‘ciptakan_angka’; expected 2, have 1
 1835 |             return ciptakan_angka((double)hasil_akhir);
      |                    ^~~~~~~~~~~~~~
../core_c/../core/enki_object.h:38:13: note: declared here
   38 | EnkiObject* ciptakan_angka(double nilai, int mode_dinamis);
      |             ^~~~~~~~~~~~~~
../core_c/enki_interpreter.c:1858:27: error: too few arguments to function ‘hancurkan_objek’; expected 2, have 1
 1858 |             if (obj_kode) hancurkan_objek(obj_kode);
      |                           ^~~~~~~~~~~~~~~
../core_c/../core/enki_object.h:47:6: note: declared here
   47 | void hancurkan_objek(EnkiObject* obj, int mode_dinamis);
      |      ^~~~~~~~~~~~~~~
../core_c/enki_interpreter.c:1869:24: error: too few arguments to function ‘ciptakan_kosong’; expected 1, have 0
 1869 |                 return ciptakan_kosong();
      |                        ^~~~~~~~~~~~~~~
../core_c/../core/enki_object.h:44:13: note: declared here
   44 | EnkiObject* ciptakan_kosong(int mode_dinamis);
      |             ^~~~~~~~~~~~~~~
../core_c/enki_interpreter.c:1873:33: error: too few arguments to function ‘ciptakan_teks’; expected 2, have 1
 1873 |             EnkiObject* hasil = ciptakan_teks(input);
      |                                 ^~~~~~~~~~~~~
../core_c/../core/enki_object.h:39:13: note: declared here
   39 | EnkiObject* ciptakan_teks(const char* nilai, int mode_dinamis);
      |             ^~~~~~~~~~~~~
../core_c/enki_interpreter.c:1885:24: error: too few arguments to function ‘ciptakan_kosong’; expected 1, have 0
 1885 |                 return ciptakan_kosong();
      |                        ^~~~~~~~~~~~~~~
../core_c/../core/enki_object.h:44:13: note: declared here
   44 | EnkiObject* ciptakan_kosong(int mode_dinamis);
      |             ^~~~~~~~~~~~~~~
../core_c/enki_interpreter.c:1892:28: error: too few arguments to function ‘hancurkan_objek’; expected 2, have 1
 1892 |             if (obj_pesan) hancurkan_objek(obj_pesan);
      |                            ^~~~~~~~~~~~~~~
../core_c/../core/enki_object.h:47:6: note: declared here
   47 | void hancurkan_objek(EnkiObject* obj, int mode_dinamis);
      |      ^~~~~~~~~~~~~~~
../core_c/enki_interpreter.c:1893:33: error: too few arguments to function ‘ciptakan_teks’; expected 2, have 1
 1893 |             EnkiObject* hasil = ciptakan_teks(input);
      |                                 ^~~~~~~~~~~~~
../core_c/../core/enki_object.h:39:13: note: declared here
   39 | EnkiObject* ciptakan_teks(const char* nilai, int mode_dinamis);
      |             ^~~~~~~~~~~~~
../core_c/enki_interpreter.c:1918:28: error: too few arguments to function ‘hancurkan_objek’; expected 2, have 1
 1918 |             if (obj_pesan) hancurkan_objek(obj_pesan);
      |                            ^~~~~~~~~~~~~~~
../core_c/../core/enki_object.h:47:6: note: declared here
   47 | void hancurkan_objek(EnkiObject* obj, int mode_dinamis);
      |      ^~~~~~~~~~~~~~~
../core_c/enki_interpreter.c:1919:33: error: too few arguments to function ‘ciptakan_teks’; expected 2, have 1
 1919 |             EnkiObject* hasil = ciptakan_teks(hasil_bisik);
      |                                 ^~~~~~~~~~~~~
../core_c/../core/enki_object.h:39:13: note: declared here
   39 | EnkiObject* ciptakan_teks(const char* nilai, int mode_dinamis);
      |             ^~~~~~~~~~~~~
../core_c/enki_interpreter.c:1928:47: error: too few arguments to function ‘ciptakan_kosong’; expected 1, have 0
 1928 |             if (node->jumlah_anak < 1) return ciptakan_kosong();
      |                                               ^~~~~~~~~~~~~~~
../core_c/../core/enki_object.h:44:13: note: declared here
   44 | EnkiObject* ciptakan_kosong(int mode_dinamis);
      |             ^~~~~~~~~~~~~~~
../core_c/enki_interpreter.c:1931:33: error: too few arguments to function ‘ciptakan_kosong’; expected 1, have 0
 1931 |             EnkiObject* hasil = ciptakan_kosong();
      |                                 ^~~~~~~~~~~~~~~
../core_c/../core/enki_object.h:44:13: note: declared here
   44 | EnkiObject* ciptakan_kosong(int mode_dinamis);
      |             ^~~~~~~~~~~~~~~
../core_c/enki_interpreter.c:1946:33: error: too few arguments to function ‘ciptakan_salinan_objek’; expected 2, have 1
 1946 |                         hasil = ciptakan_salinan_objek(ram->kavling[i].objek);
      |                                 ^~~~~~~~~~~~~~~~~~~~~~
../core_c/../core/enki_object.h:43:13: note: declared here
   43 | EnkiObject* ciptakan_salinan_objek(EnkiObject* sumber, int mode_dinamis);
      |             ^~~~~~~~~~~~~~~~~~~~~~
../core_c/enki_interpreter.c:1959:28: error: too few arguments to function ‘hancurkan_objek’; expected 2, have 1
 1959 |             if (obj_kunci) hancurkan_objek(obj_kunci);
      |                            ^~~~~~~~~~~~~~~
../core_c/../core/enki_object.h:47:6: note: declared here
   47 | void hancurkan_objek(EnkiObject* obj, int mode_dinamis);
      |      ^~~~~~~~~~~~~~~
../core_c/enki_interpreter.c:1972:24: error: too few arguments to function ‘ciptakan_kosong’; expected 1, have 0
 1972 |                 return ciptakan_kosong();
      |                        ^~~~~~~~~~~~~~~
../core_c/../core/enki_object.h:44:13: note: declared here
   44 | EnkiObject* ciptakan_kosong(int mode_dinamis);
      |             ^~~~~~~~~~~~~~~
../core_c/enki_interpreter.c:1993:47: error: too few arguments to function ‘ciptakan_teks’; expected 2, have 1
 1993 |                     EnkiObject* hasil_akhir = ciptakan_teks(respon_mentah);
      |                                               ^~~~~~~~~~~~~
../core_c/../core/enki_object.h:39:13: note: declared here
   39 | EnkiObject* ciptakan_teks(const char* nilai, int mode_dinamis);
      |             ^~~~~~~~~~~~~
../core_c/enki_interpreter.c:1998:21: error: too few arguments to function ‘hancurkan_objek’; expected 2, have 1
 1998 |                     hancurkan_objek(obj_tautan);
      |                     ^~~~~~~~~~~~~~~
../core_c/../core/enki_object.h:47:6: note: declared here
   47 | void hancurkan_objek(EnkiObject* obj, int mode_dinamis);
      |      ^~~~~~~~~~~~~~~
../core_c/enki_interpreter.c:2009:29: error: too few arguments to function ‘hancurkan_objek’; expected 2, have 1
 2009 |             if (obj_tautan) hancurkan_objek(obj_tautan);
      |                             ^~~~~~~~~~~~~~~
../core_c/../core/enki_object.h:47:6: note: declared here
   47 | void hancurkan_objek(EnkiObject* obj, int mode_dinamis);
      |      ^~~~~~~~~~~~~~~
../core_c/enki_interpreter.c:2010:20: error: too few arguments to function ‘ciptakan_kosong’; expected 1, have 0
 2010 |             return ciptakan_kosong();
      |                    ^~~~~~~~~~~~~~~
../core_c/../core/enki_object.h:44:13: note: declared here
   44 | EnkiObject* ciptakan_kosong(int mode_dinamis);
      |             ^~~~~~~~~~~~~~~
../core_c/enki_interpreter.c:2019:24: error: too few arguments to function ‘ciptakan_kosong’; expected 1, have 0
 2019 |                 return ciptakan_kosong();
      |                        ^~~~~~~~~~~~~~~
../core_c/../core/enki_object.h:44:13: note: declared here
   44 | EnkiObject* ciptakan_kosong(int mode_dinamis);
      |             ^~~~~~~~~~~~~~~
../core_c/enki_interpreter.c:2042:51: error: too few arguments to function ‘ciptakan_teks’; expected 2, have 1
 2042 |                         EnkiObject* hasil_akhir = ciptakan_teks(respon_mentah);
      |                                                   ^~~~~~~~~~~~~
../core_c/../core/enki_object.h:39:13: note: declared here
   39 | EnkiObject* ciptakan_teks(const char* nilai, int mode_dinamis);
      |             ^~~~~~~~~~~~~
../core_c/enki_interpreter.c:2046:25: error: too few arguments to function ‘hancurkan_objek’; expected 2, have 1
 2046 |                         hancurkan_objek(obj_tautan);
      |                         ^~~~~~~~~~~~~~~
../core_c/../core/enki_object.h:47:6: note: declared here
   47 | void hancurkan_objek(EnkiObject* obj, int mode_dinamis);
      |      ^~~~~~~~~~~~~~~
../core_c/enki_interpreter.c:2047:25: error: too few arguments to function ‘hancurkan_objek’; expected 2, have 1
 2047 |                         hancurkan_objek(obj_data);
      |                         ^~~~~~~~~~~~~~~
../core_c/../core/enki_object.h:47:6: note: declared here
   47 | void hancurkan_objek(EnkiObject* obj, int mode_dinamis);
      |      ^~~~~~~~~~~~~~~
../core_c/enki_interpreter.c:2061:29: error: too few arguments to function ‘hancurkan_objek’; expected 2, have 1
 2061 |             if (obj_tautan) hancurkan_objek(obj_tautan);
      |                             ^~~~~~~~~~~~~~~
../core_c/../core/enki_object.h:47:6: note: declared here
   47 | void hancurkan_objek(EnkiObject* obj, int mode_dinamis);
      |      ^~~~~~~~~~~~~~~
../core_c/enki_interpreter.c:2062:27: error: too few arguments to function ‘hancurkan_objek’; expected 2, have 1
 2062 |             if (obj_data) hancurkan_objek(obj_data);
      |                           ^~~~~~~~~~~~~~~
../core_c/../core/enki_object.h:47:6: note: declared here
   47 | void hancurkan_objek(EnkiObject* obj, int mode_dinamis);
      |      ^~~~~~~~~~~~~~~
../core_c/enki_interpreter.c:2063:20: error: too few arguments to function ‘ciptakan_kosong’; expected 1, have 0
 2063 |             return ciptakan_kosong();
      |                    ^~~~~~~~~~~~~~~
../core_c/../core/enki_object.h:44:13: note: declared here
   44 | EnkiObject* ciptakan_kosong(int mode_dinamis);
      |             ^~~~~~~~~~~~~~~
../core_c/enki_interpreter.c:2070:47: error: too few arguments to function ‘ciptakan_kosong’; expected 1, have 0
 2070 |             if (node->jumlah_anak < 3) return ciptakan_kosong();
      |                                               ^~~~~~~~~~~~~~~
../core_c/../core/enki_object.h:44:13: note: declared here
   44 | EnkiObject* ciptakan_kosong(int mode_dinamis);
      |             ^~~~~~~~~~~~~~~
../core_c/enki_interpreter.c:2082:25: error: too few arguments to function ‘hancurkan_objek’; expected 2, have 1
 2082 |                         hancurkan_objek(obj_target->nilai.objek_peta.konten[i]);
      |                         ^~~~~~~~~~~~~~~
../core_c/../core/enki_object.h:47:6: note: declared here
   47 | void hancurkan_objek(EnkiObject* obj, int mode_dinamis);
      |      ^~~~~~~~~~~~~~~
../core_c/enki_interpreter.c:2083:66: error: too few arguments to function ‘ciptakan_salinan_objek’; expected 2, have 1
 2083 |                         obj_target->nilai.objek_peta.konten[i] = ciptakan_salinan_objek(elemen_baru);
      |                                                                  ^~~~~~~~~~~~~~~~~~~~~~
../core_c/../core/enki_object.h:43:13: note: declared here
   43 | EnkiObject* ciptakan_salinan_objek(EnkiObject* sumber, int mode_dinamis);
      |             ^~~~~~~~~~~~~~~~~~~~~~
../core_c/enki_interpreter.c:2091:79: error: too few arguments to function ‘ciptakan_salinan_objek’; expected 2, have 1
 2091 |                     obj_target->nilai.objek_peta.kunci[obj_target->panjang] = ciptakan_salinan_objek(obj_kunci);
      |                                                                               ^~~~~~~~~~~~~~~~~~~~~~
../core_c/../core/enki_object.h:43:13: note: declared here
   43 | EnkiObject* ciptakan_salinan_objek(EnkiObject* sumber, int mode_dinamis);
      |             ^~~~~~~~~~~~~~~~~~~~~~
../core_c/enki_interpreter.c:2092:80: error: too few arguments to function ‘ciptakan_salinan_objek’; expected 2, have 1
 2092 |                     obj_target->nilai.objek_peta.konten[obj_target->panjang] = ciptakan_salinan_objek(elemen_baru);
      |                                                                                ^~~~~~~~~~~~~~~~~~~~~~
../core_c/../core/enki_object.h:43:13: note: declared here
   43 | EnkiObject* ciptakan_salinan_objek(EnkiObject* sumber, int mode_dinamis);
      |             ^~~~~~~~~~~~~~~~~~~~~~
../core_c/enki_interpreter.c:2099:28: error: too few arguments to function ‘hancurkan_objek’; expected 2, have 1
 2099 |             if (obj_kunci) hancurkan_objek(obj_kunci);
      |                            ^~~~~~~~~~~~~~~
../core_c/../core/enki_object.h:47:6: note: declared here
   47 | void hancurkan_objek(EnkiObject* obj, int mode_dinamis);
      |      ^~~~~~~~~~~~~~~
../core_c/enki_interpreter.c:2100:30: error: too few arguments to function ‘hancurkan_objek’; expected 2, have 1
 2100 |             if (elemen_baru) hancurkan_objek(elemen_baru);
      |                              ^~~~~~~~~~~~~~~
../core_c/../core/enki_object.h:47:6: note: declared here
   47 | void hancurkan_objek(EnkiObject* obj, int mode_dinamis);
      |      ^~~~~~~~~~~~~~~
../core_c/enki_interpreter.c:2101:20: error: too few arguments to function ‘ciptakan_kosong’; expected 1, have 0
 2101 |             return ciptakan_kosong();
      |                    ^~~~~~~~~~~~~~~
../core_c/../core/enki_object.h:44:13: note: declared here
   44 | EnkiObject* ciptakan_kosong(int mode_dinamis);
      |             ^~~~~~~~~~~~~~~
../core_c/enki_interpreter.c:2108:150: error: too few arguments to function ‘ciptakan_kosong’; expected 1, have 0
 2108 |             if (ram->status_array_statis == 0) { pemicu_kiamat_presisi(node, ram, "Sihir Statis Tertidur!", "Gunakan 'untuk array.statis'."); return ciptakan_kosong(); }
      |                                                                                                                                                      ^~~~~~~~~~~~~~~
../core_c/../core/enki_object.h:44:13: note: declared here
   44 | EnkiObject* ciptakan_kosong(int mode_dinamis);
      |             ^~~~~~~~~~~~~~~
../core_c/enki_interpreter.c:2110:20: error: too few arguments to function ‘ciptakan_kosong’; expected 1, have 0
 2110 |             return ciptakan_kosong();
      |                    ^~~~~~~~~~~~~~~
../core_c/../core/enki_object.h:44:13: note: declared here
   44 | EnkiObject* ciptakan_kosong(int mode_dinamis);
      |             ^~~~~~~~~~~~~~~
../core_c/enki_interpreter.c:2123:24: error: too few arguments to function ‘ciptakan_kosong’; expected 1, have 0
 2123 |                 return ciptakan_kosong();
      |                        ^~~~~~~~~~~~~~~
../core_c/../core/enki_object.h:44:13: note: declared here
   44 | EnkiObject* ciptakan_kosong(int mode_dinamis);
      |             ^~~~~~~~~~~~~~~
../core_c/enki_interpreter.c:2139:27: error: too few arguments to function ‘hancurkan_objek’; expected 2, have 1
 2139 |             if (obj_kode) hancurkan_objek(obj_kode);
      |                           ^~~~~~~~~~~~~~~
../core_c/../core/enki_object.h:47:6: note: declared here
   47 | void hancurkan_objek(EnkiObject* obj, int mode_dinamis);
      |      ^~~~~~~~~~~~~~~
../core_c/enki_interpreter.c:2140:20: error: too few arguments to function ‘ciptakan_kosong’; expected 1, have 0
 2140 |             return ciptakan_kosong();
      |                    ^~~~~~~~~~~~~~~
../core_c/../core/enki_object.h:44:13: note: declared here
   44 | EnkiObject* ciptakan_kosong(int mode_dinamis);
      |             ^~~~~~~~~~~~~~~
../core_c/enki_interpreter.c:2150:24: error: too few arguments to function ‘ciptakan_kosong’; expected 1, have 0
 2150 |                 return ciptakan_kosong();
      |                        ^~~~~~~~~~~~~~~
../core_c/../core/enki_object.h:44:13: note: declared here
   44 | EnkiObject* ciptakan_kosong(int mode_dinamis);
      |             ^~~~~~~~~~~~~~~
../core_c/enki_interpreter.c:2156:37: error: too few arguments to function ‘ciptakan_teks’; expected 2, have 1
 2156 |                 EnkiObject* hasil = ciptakan_teks(output ? output : "");
      |                                     ^~~~~~~~~~~~~
../core_c/../core/enki_object.h:39:13: note: declared here
   39 | EnkiObject* ciptakan_teks(const char* nilai, int mode_dinamis);
      |             ^~~~~~~~~~~~~
../core_c/enki_interpreter.c:2158:17: error: too few arguments to function ‘hancurkan_objek’; expected 2, have 1
 2158 |                 hancurkan_objek(obj_arg);
      |                 ^~~~~~~~~~~~~~~
../core_c/../core/enki_object.h:47:6: note: declared here
   47 | void hancurkan_objek(EnkiObject* obj, int mode_dinamis);
      |      ^~~~~~~~~~~~~~~
../core_c/enki_interpreter.c:2161:26: error: too few arguments to function ‘hancurkan_objek’; expected 2, have 1
 2161 |             if (obj_arg) hancurkan_objek(obj_arg);
      |                          ^~~~~~~~~~~~~~~
../core_c/../core/enki_object.h:47:6: note: declared here
   47 | void hancurkan_objek(EnkiObject* obj, int mode_dinamis);
      |      ^~~~~~~~~~~~~~~
../core_c/enki_interpreter.c:2162:20: error: too few arguments to function ‘ciptakan_kosong’; expected 1, have 0
 2162 |             return ciptakan_kosong();
      |                    ^~~~~~~~~~~~~~~
../core_c/../core/enki_object.h:44:13: note: declared here
   44 | EnkiObject* ciptakan_kosong(int mode_dinamis);
      |             ^~~~~~~~~~~~~~~
../core_c/enki_interpreter.c:2173:24: error: too few arguments to function ‘ciptakan_kosong’; expected 1, have 0
 2173 |                 return ciptakan_kosong();
      |                        ^~~~~~~~~~~~~~~
../core_c/../core/enki_object.h:44:13: note: declared here
   44 | EnkiObject* ciptakan_kosong(int mode_dinamis);
      |             ^~~~~~~~~~~~~~~
../core_c/enki_interpreter.c:2182:45: error: too few arguments to function ‘ciptakan_teks’; expected 2, have 1
 2182 |                 EnkiObject* obj_kembalian = ciptakan_teks(hasil_hash);
      |                                             ^~~~~~~~~~~~~
../core_c/../core/enki_object.h:39:13: note: declared here
   39 | EnkiObject* ciptakan_teks(const char* nilai, int mode_dinamis);
      |             ^~~~~~~~~~~~~
../core_c/enki_interpreter.c:2184:17: error: too few arguments to function ‘hancurkan_objek’; expected 2, have 1
 2184 |                 hancurkan_objek(arg_teks);
      |                 ^~~~~~~~~~~~~~~
../core_c/../core/enki_object.h:47:6: note: declared here
   47 | void hancurkan_objek(EnkiObject* obj, int mode_dinamis);
      |      ^~~~~~~~~~~~~~~
../core_c/enki_interpreter.c:2189:27: error: too few arguments to function ‘hancurkan_objek’; expected 2, have 1
 2189 |             if (arg_teks) hancurkan_objek(arg_teks);
      |                           ^~~~~~~~~~~~~~~
../core_c/../core/enki_object.h:47:6: note: declared here
   47 | void hancurkan_objek(EnkiObject* obj, int mode_dinamis);
      |      ^~~~~~~~~~~~~~~
../core_c/enki_interpreter.c:2190:20: error: too few arguments to function ‘ciptakan_kosong’; expected 1, have 0
 2190 |             return ciptakan_kosong();
      |                    ^~~~~~~~~~~~~~~
../core_c/../core/enki_object.h:44:13: note: declared here
   44 | EnkiObject* ciptakan_kosong(int mode_dinamis);
      |             ^~~~~~~~~~~~~~~
../core_c/enki_interpreter.c:2199:24: error: too few arguments to function ‘ciptakan_kosong’; expected 1, have 0
 2199 |                 return ciptakan_kosong();
      |                        ^~~~~~~~~~~~~~~
../core_c/../core/enki_object.h:44:13: note: declared here
   44 | EnkiObject* ciptakan_kosong(int mode_dinamis);
      |             ^~~~~~~~~~~~~~~
../core_c/enki_interpreter.c:2206:37: error: too few arguments to function ‘ciptakan_kosong’; expected 1, have 0
 2206 |                 EnkiObject* hasil = ciptakan_kosong();
      |                                     ^~~~~~~~~~~~~~~
../core_c/../core/enki_object.h:44:13: note: declared here
   44 | EnkiObject* ciptakan_kosong(int mode_dinamis);
      |             ^~~~~~~~~~~~~~~
../core_c/enki_interpreter.c:2219:29: error: too few arguments to function ‘ciptakan_teks’; expected 2, have 1
 2219 |                     hasil = ciptakan_teks(b64_mentah);
      |                             ^~~~~~~~~~~~~
../core_c/../core/enki_object.h:39:13: note: declared here
   39 | EnkiObject* ciptakan_teks(const char* nilai, int mode_dinamis);
      |             ^~~~~~~~~~~~~
../core_c/enki_interpreter.c:2237:33: error: too few arguments to function ‘ciptakan_teks’; expected 2, have 1
 2237 |                         hasil = ciptakan_teks(teks_pulih);
      |                                 ^~~~~~~~~~~~~
../core_c/../core/enki_object.h:39:13: note: declared here
   39 | EnkiObject* ciptakan_teks(const char* nilai, int mode_dinamis);
      |             ^~~~~~~~~~~~~
../core_c/enki_interpreter.c:2242:17: error: too few arguments to function ‘hancurkan_objek’; expected 2, have 1
 2242 |                 hancurkan_objek(obj_teks); hancurkan_objek(obj_kunci);
      |                 ^~~~~~~~~~~~~~~
../core_c/../core/enki_object.h:47:6: note: declared here
   47 | void hancurkan_objek(EnkiObject* obj, int mode_dinamis);
      |      ^~~~~~~~~~~~~~~
../core_c/enki_interpreter.c:2242:44: error: too few arguments to function ‘hancurkan_objek’; expected 2, have 1
 2242 |                 hancurkan_objek(obj_teks); hancurkan_objek(obj_kunci);
      |                                            ^~~~~~~~~~~~~~~
../core_c/../core/enki_object.h:47:6: note: declared here
   47 | void hancurkan_objek(EnkiObject* obj, int mode_dinamis);
      |      ^~~~~~~~~~~~~~~
../core_c/enki_interpreter.c:2245:27: error: too few arguments to function ‘hancurkan_objek’; expected 2, have 1
 2245 |             if (obj_teks) hancurkan_objek(obj_teks);
      |                           ^~~~~~~~~~~~~~~
../core_c/../core/enki_object.h:47:6: note: declared here
   47 | void hancurkan_objek(EnkiObject* obj, int mode_dinamis);
      |      ^~~~~~~~~~~~~~~
../core_c/enki_interpreter.c:2246:28: error: too few arguments to function ‘hancurkan_objek’; expected 2, have 1
 2246 |             if (obj_kunci) hancurkan_objek(obj_kunci);
      |                            ^~~~~~~~~~~~~~~
../core_c/../core/enki_object.h:47:6: note: declared here
   47 | void hancurkan_objek(EnkiObject* obj, int mode_dinamis);
      |      ^~~~~~~~~~~~~~~
../core_c/enki_interpreter.c:2247:20: error: too few arguments to function ‘ciptakan_kosong’; expected 1, have 0
 2247 |             return ciptakan_kosong();
      |                    ^~~~~~~~~~~~~~~
../core_c/../core/enki_object.h:44:13: note: declared here
   44 | EnkiObject* ciptakan_kosong(int mode_dinamis);
      |             ^~~~~~~~~~~~~~~
../core_c/enki_interpreter.c:2259:24: error: too few arguments to function ‘ciptakan_kosong’; expected 1, have 0
 2259 |                 return ciptakan_kosong();
      |                        ^~~~~~~~~~~~~~~
../core_c/../core/enki_object.h:44:13: note: declared here
   44 | EnkiObject* ciptakan_kosong(int mode_dinamis);
      |             ^~~~~~~~~~~~~~~
../core_c/enki_interpreter.c:2302:13: error: too few arguments to function ‘hancurkan_objek’; expected 2, have 1
 2302 |             hancurkan_objek(obj_sumber); hancurkan_objek(obj_kunci); hancurkan_objek(obj_target);
      |             ^~~~~~~~~~~~~~~
../core_c/../core/enki_object.h:47:6: note: declared here
   47 | void hancurkan_objek(EnkiObject* obj, int mode_dinamis);
      |      ^~~~~~~~~~~~~~~
../core_c/enki_interpreter.c:2302:42: error: too few arguments to function ‘hancurkan_objek’; expected 2, have 1
 2302 |             hancurkan_objek(obj_sumber); hancurkan_objek(obj_kunci); hancurkan_objek(obj_target);
      |                                          ^~~~~~~~~~~~~~~
../core_c/../core/enki_object.h:47:6: note: declared here
   47 | void hancurkan_objek(EnkiObject* obj, int mode_dinamis);
      |      ^~~~~~~~~~~~~~~
../core_c/enki_interpreter.c:2302:70: error: too few arguments to function ‘hancurkan_objek’; expected 2, have 1
 2302 |             hancurkan_objek(obj_sumber); hancurkan_objek(obj_kunci); hancurkan_objek(obj_target);
      |                                                                      ^~~~~~~~~~~~~~~
../core_c/../core/enki_object.h:47:6: note: declared here
   47 | void hancurkan_objek(EnkiObject* obj, int mode_dinamis);
      |      ^~~~~~~~~~~~~~~
../core_c/enki_interpreter.c:2303:20: error: too few arguments to function ‘ciptakan_kosong’; expected 1, have 0
 2303 |             return ciptakan_kosong();
      |                    ^~~~~~~~~~~~~~~
../core_c/../core/enki_object.h:44:13: note: declared here
   44 | EnkiObject* ciptakan_kosong(int mode_dinamis);
      |             ^~~~~~~~~~~~~~~
../core_c/enki_interpreter.c:2313:24: error: too few arguments to function ‘ciptakan_kosong’; expected 1, have 0
 2313 |                 return ciptakan_kosong();
      |                        ^~~~~~~~~~~~~~~
../core_c/../core/enki_object.h:44:13: note: declared here
   44 | EnkiObject* ciptakan_kosong(int mode_dinamis);
      |             ^~~~~~~~~~~~~~~
../core_c/enki_interpreter.c:2320:39: error: too few arguments to function ‘ciptakan_kosong’; expected 1, have 0
 2320 |             EnkiObject* hasil_final = ciptakan_kosong();
      |                                       ^~~~~~~~~~~~~~~
../core_c/../core/enki_object.h:44:13: note: declared here
   44 | EnkiObject* ciptakan_kosong(int mode_dinamis);
      |             ^~~~~~~~~~~~~~~
../core_c/enki_interpreter.c:2342:35: error: too few arguments to function ‘ciptakan_teks’; expected 2, have 1
 2342 |                     hasil_final = ciptakan_teks(buffer_hasil);
      |                                   ^~~~~~~~~~~~~
../core_c/../core/enki_object.h:39:13: note: declared here
   39 | EnkiObject* ciptakan_teks(const char* nilai, int mode_dinamis);
      |             ^~~~~~~~~~~~~
../core_c/enki_interpreter.c:2344:35: error: too few arguments to function ‘ciptakan_salinan_objek’; expected 2, have 1
 2344 |                     hasil_final = ciptakan_salinan_objek(obj_sumber);
      |                                   ^~~~~~~~~~~~~~~~~~~~~~
../core_c/../core/enki_object.h:43:13: note: declared here
   43 | EnkiObject* ciptakan_salinan_objek(EnkiObject* sumber, int mode_dinamis);
      |             ^~~~~~~~~~~~~~~~~~~~~~
../core_c/enki_interpreter.c:2349:13: error: too few arguments to function ‘hancurkan_objek’; expected 2, have 1
 2349 |             hancurkan_objek(obj_sumber);
      |             ^~~~~~~~~~~~~~~
../core_c/../core/enki_object.h:47:6: note: declared here
   47 | void hancurkan_objek(EnkiObject* obj, int mode_dinamis);
      |      ^~~~~~~~~~~~~~~
../core_c/enki_interpreter.c:2350:13: error: too few arguments to function ‘hancurkan_objek’; expected 2, have 1
 2350 |             hancurkan_objek(obj_dicari);
      |             ^~~~~~~~~~~~~~~
../core_c/../core/enki_object.h:47:6: note: declared here
   47 | void hancurkan_objek(EnkiObject* obj, int mode_dinamis);
      |      ^~~~~~~~~~~~~~~
../core_c/enki_interpreter.c:2351:13: error: too few arguments to function ‘hancurkan_objek’; expected 2, have 1
 2351 |             hancurkan_objek(obj_ganti);
      |             ^~~~~~~~~~~~~~~
../core_c/../core/enki_object.h:47:6: note: declared here
   47 | void hancurkan_objek(EnkiObject* obj, int mode_dinamis);
      |      ^~~~~~~~~~~~~~~
../core_c/enki_interpreter.c:2362:24: error: too few arguments to function ‘ciptakan_kosong’; expected 1, have 0
 2362 |                 return ciptakan_kosong();
      |                        ^~~~~~~~~~~~~~~
../core_c/../core/enki_object.h:44:13: note: declared here
   44 | EnkiObject* ciptakan_kosong(int mode_dinamis);
      |             ^~~~~~~~~~~~~~~
../core_c/enki_interpreter.c:2379:39: error: too few arguments to function ‘ciptakan_array’; expected 2, have 1
 2379 |             EnkiObject* array_hasil = ciptakan_array(jumlah);
      |                                       ^~~~~~~~~~~~~~
../core_c/../core/enki_object.h:40:13: note: declared here
   40 | EnkiObject* ciptakan_array(int kapasitas, int mode_dinamis);
      |             ^~~~~~~~~~~~~~
../core_c/enki_interpreter.c:2385:58: error: too few arguments to function ‘ciptakan_teks’; expected 2, have 1
 2385 |                 array_hasil->nilai.array_elemen[idx++] = ciptakan_teks(token);
      |                                                          ^~~~~~~~~~~~~
../core_c/../core/enki_object.h:39:13: note: declared here
   39 | EnkiObject* ciptakan_teks(const char* nilai, int mode_dinamis);
      |             ^~~~~~~~~~~~~
../core_c/enki_interpreter.c:2390:27: error: too few arguments to function ‘hancurkan_objek’; expected 2, have 1
 2390 |             if (obj_teks) hancurkan_objek(obj_teks);
      |                           ^~~~~~~~~~~~~~~
../core_c/../core/enki_object.h:47:6: note: declared here
   47 | void hancurkan_objek(EnkiObject* obj, int mode_dinamis);
      |      ^~~~~~~~~~~~~~~
../core_c/enki_interpreter.c:2391:30: error: too few arguments to function ‘hancurkan_objek’; expected 2, have 1
 2391 |             if (obj_pemisah) hancurkan_objek(obj_pemisah);
      |                              ^~~~~~~~~~~~~~~
../core_c/../core/enki_object.h:47:6: note: declared here
   47 | void hancurkan_objek(EnkiObject* obj, int mode_dinamis);
      |      ^~~~~~~~~~~~~~~
../core_c/enki_interpreter.c:2401:24: error: too few arguments to function ‘ciptakan_kosong’; expected 1, have 0
 2401 |                 return ciptakan_kosong();
      |                        ^~~~~~~~~~~~~~~
../core_c/../core/enki_object.h:44:13: note: declared here
   44 | EnkiObject* ciptakan_kosong(int mode_dinamis);
      |             ^~~~~~~~~~~~~~~
../core_c/enki_interpreter.c:2407:33: error: too few arguments to function ‘ciptakan_kosong’; expected 1, have 0
 2407 |             EnkiObject* hasil = ciptakan_kosong();
      |                                 ^~~~~~~~~~~~~~~
../core_c/../core/enki_object.h:44:13: note: declared here
   44 | EnkiObject* ciptakan_kosong(int mode_dinamis);
      |             ^~~~~~~~~~~~~~~
../core_c/enki_interpreter.c:2414:60: error: too few arguments to function ‘ciptakan_teks’; expected 2, have 1
 2414 |                     if (elemen->tipe == ENKI_TEKS) hasil = ciptakan_teks(elemen->nilai.teks);
      |                                                            ^~~~~~~~~~~~~
../core_c/../core/enki_object.h:39:13: note: declared here
   39 | EnkiObject* ciptakan_teks(const char* nilai, int mode_dinamis);
      |             ^~~~~~~~~~~~~
../core_c/enki_interpreter.c:2415:66: error: too few arguments to function ‘ciptakan_angka’; expected 2, have 1
 2415 |                     else if (elemen->tipe == ENKI_ANGKA) hasil = ciptakan_angka(elemen->nilai.angka);
      |                                                                  ^~~~~~~~~~~~~~
../core_c/../core/enki_object.h:38:13: note: declared here
   38 | EnkiObject* ciptakan_angka(double nilai, int mode_dinamis);
      |             ^~~~~~~~~~~~~~
../core_c/enki_interpreter.c:2421:28: error: too few arguments to function ‘hancurkan_objek’; expected 2, have 1
 2421 |             if (obj_array) hancurkan_objek(obj_array);
      |                            ^~~~~~~~~~~~~~~
../core_c/../core/enki_object.h:47:6: note: declared here
   47 | void hancurkan_objek(EnkiObject* obj, int mode_dinamis);
      |      ^~~~~~~~~~~~~~~
../core_c/enki_interpreter.c:2422:28: error: too few arguments to function ‘hancurkan_objek’; expected 2, have 1
 2422 |             if (obj_index) hancurkan_objek(obj_index);
      |                            ^~~~~~~~~~~~~~~
../core_c/../core/enki_object.h:47:6: note: declared here
   47 | void hancurkan_objek(EnkiObject* obj, int mode_dinamis);
      |      ^~~~~~~~~~~~~~~
../core_c/enki_interpreter.c:2432:24: error: too few arguments to function ‘ciptakan_kosong’; expected 1, have 0
 2432 |                 return ciptakan_kosong();
      |                        ^~~~~~~~~~~~~~~
../core_c/../core/enki_object.h:44:13: note: declared here
   44 | EnkiObject* ciptakan_kosong(int mode_dinamis);
      |             ^~~~~~~~~~~~~~~
../core_c/enki_interpreter.c:2454:73: error: too few arguments to function ‘ciptakan_salinan_objek’; expected 2, have 1
 2454 |                     obj_array->nilai.array_elemen[obj_array->panjang] = ciptakan_salinan_objek(elemen_baru);
      |                                                                         ^~~~~~~~~~~~~~~~~~~~~~
../core_c/../core/enki_object.h:43:13: note: declared here
   43 | EnkiObject* ciptakan_salinan_objek(EnkiObject* sumber, int mode_dinamis);
      |             ^~~~~~~~~~~~~~~~~~~~~~
../core_c/enki_interpreter.c:2466:34: error: too few arguments to function ‘hancurkan_objek’; expected 2, have 1
 2466 |                 if (elemen_baru) hancurkan_objek(elemen_baru);
      |                                  ^~~~~~~~~~~~~~~
../core_c/../core/enki_object.h:47:6: note: declared here
   47 | void hancurkan_objek(EnkiObject* obj, int mode_dinamis);
      |      ^~~~~~~~~~~~~~~
../core_c/enki_interpreter.c:2470:20: error: too few arguments to function ‘ciptakan_kosong’; expected 1, have 0
 2470 |             return ciptakan_kosong();
      |                    ^~~~~~~~~~~~~~~
../core_c/../core/enki_object.h:44:13: note: declared here
   44 | EnkiObject* ciptakan_kosong(int mode_dinamis);
      |             ^~~~~~~~~~~~~~~
../core_c/enki_interpreter.c:2479:24: error: too few arguments to function ‘ciptakan_kosong’; expected 1, have 0
 2479 |                 return ciptakan_kosong();
      |                        ^~~~~~~~~~~~~~~
../core_c/../core/enki_object.h:44:13: note: declared here
   44 | EnkiObject* ciptakan_kosong(int mode_dinamis);
      |             ^~~~~~~~~~~~~~~
../core_c/enki_interpreter.c:2487:27: error: too few arguments to function ‘hancurkan_objek’; expected 2, have 1
 2487 |             if (obj_pola) hancurkan_objek(obj_pola);
      |                           ^~~~~~~~~~~~~~~
../core_c/../core/enki_object.h:47:6: note: declared here
   47 | void hancurkan_objek(EnkiObject* obj, int mode_dinamis);
      |      ^~~~~~~~~~~~~~~
../core_c/enki_interpreter.c:2490:33: error: too few arguments to function ‘ciptakan_teks’; expected 2, have 1
 2490 |             EnkiObject* hasil = ciptakan_teks(hasil_mentah);
      |                                 ^~~~~~~~~~~~~
../core_c/../core/enki_object.h:39:13: note: declared here
   39 | EnkiObject* ciptakan_teks(const char* nilai, int mode_dinamis);
      |             ^~~~~~~~~~~~~
../core_c/enki_interpreter.c:2500:24: error: too few arguments to function ‘ciptakan_kosong’; expected 1, have 0
 2500 |                 return ciptakan_kosong();
      |                        ^~~~~~~~~~~~~~~
../core_c/../core/enki_object.h:44:13: note: declared here
   44 | EnkiObject* ciptakan_kosong(int mode_dinamis);
      |             ^~~~~~~~~~~~~~~
../core_c/enki_interpreter.c:2508:27: error: too few arguments to function ‘hancurkan_objek’; expected 2, have 1
 2508 |             if (obj_path) hancurkan_objek(obj_path);
      |                           ^~~~~~~~~~~~~~~
../core_c/../core/enki_object.h:47:6: note: declared here
   47 | void hancurkan_objek(EnkiObject* obj, int mode_dinamis);
      |      ^~~~~~~~~~~~~~~
../core_c/enki_interpreter.c:2511:33: error: too few arguments to function ‘ciptakan_teks’; expected 2, have 1
 2511 |             EnkiObject* hasil = ciptakan_teks(hasil_mentah);
      |                                 ^~~~~~~~~~~~~
../core_c/../core/enki_object.h:39:13: note: declared here
   39 | EnkiObject* ciptakan_teks(const char* nilai, int mode_dinamis);
      |             ^~~~~~~~~~~~~
../core_c/enki_interpreter.c:2519:24: error: too few arguments to function ‘ciptakan_kosong’; expected 1, have 0
 2519 |                 return ciptakan_kosong();
      |                        ^~~~~~~~~~~~~~~
../core_c/../core/enki_object.h:44:13: note: declared here
   44 | EnkiObject* ciptakan_kosong(int mode_dinamis);
      |             ^~~~~~~~~~~~~~~
../core_c/enki_interpreter.c:2538:27: error: too few arguments to function ‘hancurkan_objek’; expected 2, have 1
 2538 |             if (obj_path) hancurkan_objek(obj_path);
      |                           ^~~~~~~~~~~~~~~
../core_c/../core/enki_object.h:47:6: note: declared here
   47 | void hancurkan_objek(EnkiObject* obj, int mode_dinamis);
      |      ^~~~~~~~~~~~~~~
../core_c/enki_interpreter.c:2539:29: error: too few arguments to function ‘hancurkan_objek’; expected 2, have 1
 2539 |             if (obj_konten) hancurkan_objek(obj_konten);
      |                             ^~~~~~~~~~~~~~~
../core_c/../core/enki_object.h:47:6: note: declared here
   47 | void hancurkan_objek(EnkiObject* obj, int mode_dinamis);
      |      ^~~~~~~~~~~~~~~
../core_c/enki_interpreter.c:2541:20: error: too few arguments to function ‘ciptakan_kosong’; expected 1, have 0
 2541 |             return ciptakan_kosong();
      |                    ^~~~~~~~~~~~~~~
../core_c/../core/enki_object.h:44:13: note: declared here
   44 | EnkiObject* ciptakan_kosong(int mode_dinamis);
      |             ^~~~~~~~~~~~~~~
../core_c/enki_interpreter.c:2550:24: error: too few arguments to function ‘ciptakan_kosong’; expected 1, have 0
 2550 |                 return ciptakan_kosong();
      |                        ^~~~~~~~~~~~~~~
../core_c/../core/enki_object.h:44:13: note: declared here
   44 | EnkiObject* ciptakan_kosong(int mode_dinamis);
      |             ^~~~~~~~~~~~~~~
../core_c/enki_interpreter.c:2559:48: error: too few arguments to function ‘hancurkan_objek’; expected 2, have 1
 2559 |                 free(path_final); if(obj_path) hancurkan_objek(obj_path);
      |                                                ^~~~~~~~~~~~~~~
../core_c/../core/enki_object.h:47:6: note: declared here
   47 | void hancurkan_objek(EnkiObject* obj, int mode_dinamis);
      |      ^~~~~~~~~~~~~~~
../core_c/enki_interpreter.c:2560:24: error: too few arguments to function ‘ciptakan_kosong’; expected 1, have 0
 2560 |                 return ciptakan_kosong();
      |                        ^~~~~~~~~~~~~~~
../core_c/../core/enki_object.h:44:13: note: declared here
   44 | EnkiObject* ciptakan_kosong(int mode_dinamis);
      |             ^~~~~~~~~~~~~~~
../core_c/enki_interpreter.c:2571:33: error: too few arguments to function ‘ciptakan_blob’; expected 3, have 2
 2571 |             EnkiObject* hasil = ciptakan_blob(buffer_biner, ukuran); // 🟢 BUNGKUS JADI BLOB AMAN
      |                                 ^~~~~~~~~~~~~
../core_c/../core/enki_object.h:42:13: note: declared here
   42 | EnkiObject* ciptakan_blob(const unsigned char* data, size_t ukuran, int mode_dinamis);
      |             ^~~~~~~~~~~~~
../core_c/enki_interpreter.c:2572:65: error: too few arguments to function ‘hancurkan_objek’; expected 2, have 1
 2572 |             free(buffer_biner); free(path_final); if (obj_path) hancurkan_objek(obj_path);
      |                                                                 ^~~~~~~~~~~~~~~
../core_c/../core/enki_object.h:47:6: note: declared here
   47 | void hancurkan_objek(EnkiObject* obj, int mode_dinamis);
      |      ^~~~~~~~~~~~~~~
../core_c/enki_interpreter.c:2580:24: error: too few arguments to function ‘ciptakan_kosong’; expected 1, have 0
 2580 |                 return ciptakan_kosong();
      |                        ^~~~~~~~~~~~~~~
../core_c/../core/enki_object.h:44:13: note: declared here
   44 | EnkiObject* ciptakan_kosong(int mode_dinamis);
      |             ^~~~~~~~~~~~~~~
../core_c/enki_interpreter.c:2593:27: error: too few arguments to function ‘hancurkan_objek’; expected 2, have 1
 2593 |             if (obj_data) hancurkan_objek(obj_data);
      |                           ^~~~~~~~~~~~~~~
../core_c/../core/enki_object.h:47:6: note: declared here
   47 | void hancurkan_objek(EnkiObject* obj, int mode_dinamis);
      |      ^~~~~~~~~~~~~~~
../core_c/enki_interpreter.c:2595:37: error: too few arguments to function ‘ciptakan_teks’; expected 2, have 1
 2595 |                 EnkiObject* hasil = ciptakan_teks(hasil_b64);
      |                                     ^~~~~~~~~~~~~
../core_c/../core/enki_object.h:39:13: note: declared here
   39 | EnkiObject* ciptakan_teks(const char* nilai, int mode_dinamis);
      |             ^~~~~~~~~~~~~
../core_c/enki_interpreter.c:2598:20: error: too few arguments to function ‘ciptakan_kosong’; expected 1, have 0
 2598 |             return ciptakan_kosong();
      |                    ^~~~~~~~~~~~~~~
../core_c/../core/enki_object.h:44:13: note: declared here
   44 | EnkiObject* ciptakan_kosong(int mode_dinamis);
      |             ^~~~~~~~~~~~~~~
../core_c/enki_interpreter.c:2604:24: error: too few arguments to function ‘ciptakan_kosong’; expected 1, have 0
 2604 |                 return ciptakan_kosong();
      |                        ^~~~~~~~~~~~~~~
../core_c/../core/enki_object.h:44:13: note: declared here
   44 | EnkiObject* ciptakan_kosong(int mode_dinamis);
      |             ^~~~~~~~~~~~~~~
../core_c/enki_interpreter.c:2612:41: error: too few arguments to function ‘ciptakan_blob’; expected 3, have 2
 2612 |                     EnkiObject* hasil = ciptakan_blob(biner, ukuran_asli); // 🟢 KEMBALIKAN KE BLOB
      |                                         ^~~~~~~~~~~~~
../core_c/../core/enki_object.h:42:13: note: declared here
   42 | EnkiObject* ciptakan_blob(const unsigned char* data, size_t ukuran, int mode_dinamis);
      |             ^~~~~~~~~~~~~
../core_c/enki_interpreter.c:2613:34: error: too few arguments to function ‘hancurkan_objek’; expected 2, have 1
 2613 |                     free(biner); hancurkan_objek(obj_data); return hasil;
      |                                  ^~~~~~~~~~~~~~~
../core_c/../core/enki_object.h:47:6: note: declared here
   47 | void hancurkan_objek(EnkiObject* obj, int mode_dinamis);
      |      ^~~~~~~~~~~~~~~
../core_c/enki_interpreter.c:2621:27: error: too few arguments to function ‘hancurkan_objek’; expected 2, have 1
 2621 |             if (obj_data) hancurkan_objek(obj_data);
      |                           ^~~~~~~~~~~~~~~
../core_c/../core/enki_object.h:47:6: note: declared here
   47 | void hancurkan_objek(EnkiObject* obj, int mode_dinamis);
      |      ^~~~~~~~~~~~~~~
../core_c/enki_interpreter.c:2622:20: error: too few arguments to function ‘ciptakan_kosong’; expected 1, have 0
 2622 |             return ciptakan_kosong();
      |                    ^~~~~~~~~~~~~~~
../core_c/../core/enki_object.h:44:13: note: declared here
   44 | EnkiObject* ciptakan_kosong(int mode_dinamis);
      |             ^~~~~~~~~~~~~~~
../core_c/enki_interpreter.c:2628:25: error: too few arguments to function ‘ciptakan_kosong’; expected 1, have 0
 2628 |                  return ciptakan_kosong();
      |                         ^~~~~~~~~~~~~~~
../core_c/../core/enki_object.h:44:13: note: declared here
   44 | EnkiObject* ciptakan_kosong(int mode_dinamis);
      |             ^~~~~~~~~~~~~~~
../core_c/enki_interpreter.c:2648:28: error: too few arguments to function ‘hancurkan_objek’; expected 2, have 1
 2648 |              if (obj_path) hancurkan_objek(obj_path);
      |                            ^~~~~~~~~~~~~~~
../core_c/../core/enki_object.h:47:6: note: declared here
   47 | void hancurkan_objek(EnkiObject* obj, int mode_dinamis);
      |      ^~~~~~~~~~~~~~~
../core_c/enki_interpreter.c:2649:28: error: too few arguments to function ‘hancurkan_objek’; expected 2, have 1
 2649 |              if (obj_blob) hancurkan_objek(obj_blob);
      |                            ^~~~~~~~~~~~~~~
../core_c/../core/enki_object.h:47:6: note: declared here
   47 | void hancurkan_objek(EnkiObject* obj, int mode_dinamis);
      |      ^~~~~~~~~~~~~~~
../core_c/enki_interpreter.c:2650:21: error: too few arguments to function ‘ciptakan_kosong’; expected 1, have 0
 2650 |              return ciptakan_kosong();
      |                     ^~~~~~~~~~~~~~~
../core_c/../core/enki_object.h:44:13: note: declared here
   44 | EnkiObject* ciptakan_kosong(int mode_dinamis);
      |             ^~~~~~~~~~~~~~~
../core_c/enki_interpreter.c:2657:24: error: too few arguments to function ‘ciptakan_kosong’; expected 1, have 0
 2657 |                 return ciptakan_kosong();
      |                        ^~~~~~~~~~~~~~~
../core_c/../core/enki_object.h:44:13: note: declared here
   44 | EnkiObject* ciptakan_kosong(int mode_dinamis);
      |             ^~~~~~~~~~~~~~~
../core_c/enki_interpreter.c:2674:29: error: too few arguments to function ‘hancurkan_objek’; expected 2, have 1
 2674 |             if (obj_target) hancurkan_objek(obj_target);
      |                             ^~~~~~~~~~~~~~~
../core_c/../core/enki_object.h:47:6: note: declared here
   47 | void hancurkan_objek(EnkiObject* obj, int mode_dinamis);
      |      ^~~~~~~~~~~~~~~
../core_c/enki_interpreter.c:2675:27: error: too few arguments to function ‘hancurkan_objek’; expected 2, have 1
 2675 |             if (obj_path) hancurkan_objek(obj_path);
      |                           ^~~~~~~~~~~~~~~
../core_c/../core/enki_object.h:47:6: note: declared here
   47 | void hancurkan_objek(EnkiObject* obj, int mode_dinamis);
      |      ^~~~~~~~~~~~~~~
../core_c/enki_interpreter.c:2677:20: error: too few arguments to function ‘ciptakan_kosong’; expected 1, have 0
 2677 |             return ciptakan_kosong();
      |                    ^~~~~~~~~~~~~~~
../core_c/../core/enki_object.h:44:13: note: declared here
   44 | EnkiObject* ciptakan_kosong(int mode_dinamis);
      |             ^~~~~~~~~~~~~~~
../core_c/enki_interpreter.c:2684:24: error: too few arguments to function ‘ciptakan_kosong’; expected 1, have 0
 2684 |                 return ciptakan_kosong();
      |                        ^~~~~~~~~~~~~~~
../core_c/../core/enki_object.h:44:13: note: declared here
   44 | EnkiObject* ciptakan_kosong(int mode_dinamis);
      |             ^~~~~~~~~~~~~~~
../core_c/enki_interpreter.c:2691:41: error: too few arguments to function ‘ciptakan_kosong’; expected 1, have 0
 2691 |             EnkiObject* hasil_bangkit = ciptakan_kosong();
      |                                         ^~~~~~~~~~~~~~~
../core_c/../core/enki_object.h:44:13: note: declared here
   44 | EnkiObject* ciptakan_kosong(int mode_dinamis);
      |             ^~~~~~~~~~~~~~~
../core_c/enki_interpreter.c:2712:27: error: too few arguments to function ‘hancurkan_objek’; expected 2, have 1
 2712 |             if (obj_path) hancurkan_objek(obj_path);
      |                           ^~~~~~~~~~~~~~~
../core_c/../core/enki_object.h:47:6: note: declared here
   47 | void hancurkan_objek(EnkiObject* obj, int mode_dinamis);
      |      ^~~~~~~~~~~~~~~
../core_c/enki_interpreter.c:2723:24: error: too few arguments to function ‘ciptakan_kosong’; expected 1, have 0
 2723 |                 return ciptakan_kosong();
      |                        ^~~~~~~~~~~~~~~
../core_c/../core/enki_object.h:44:13: note: declared here
   44 | EnkiObject* ciptakan_kosong(int mode_dinamis);
      |             ^~~~~~~~~~~~~~~
../core_c/enki_interpreter.c:2730:43: error: too few arguments to function ‘ciptakan_kosong’; expected 1, have 0
 2730 |             EnkiObject* hasil_pencarian = ciptakan_kosong();
      |                                           ^~~~~~~~~~~~~~~
../core_c/../core/enki_object.h:44:13: note: declared here
   44 | EnkiObject* ciptakan_kosong(int mode_dinamis);
      |             ^~~~~~~~~~~~~~~
../core_c/enki_interpreter.c:2758:45: error: too few arguments to function ‘hancurkan_objek’; expected 2, have 1
 2758 |                                             hancurkan_objek(hasil_pencarian);
      |                                             ^~~~~~~~~~~~~~~
../core_c/../core/enki_object.h:47:6: note: declared here
   47 | void hancurkan_objek(EnkiObject* obj, int mode_dinamis);
      |      ^~~~~~~~~~~~~~~
../core_c/enki_interpreter.c:2759:63: error: too few arguments to function ‘ciptakan_salinan_objek’; expected 2, have 1
 2759 |                                             hasil_pencarian = ciptakan_salinan_objek(baris);
      |                                                               ^~~~~~~~~~~~~~~~~~~~~~
../core_c/../core/enki_object.h:43:13: note: declared here
   43 | EnkiObject* ciptakan_salinan_objek(EnkiObject* sumber, int mode_dinamis);
      |             ^~~~~~~~~~~~~~~~~~~~~~
../core_c/enki_interpreter.c:2774:37: error: too few arguments to function ‘hancurkan_objek’; expected 2, have 1
 2774 |                                     hancurkan_objek(hasil_pencarian);
      |                                     ^~~~~~~~~~~~~~~
../core_c/../core/enki_object.h:47:6: note: declared here
   47 | void hancurkan_objek(EnkiObject* obj, int mode_dinamis);
      |      ^~~~~~~~~~~~~~~
../core_c/enki_interpreter.c:2775:55: error: too few arguments to function ‘ciptakan_salinan_objek’; expected 2, have 1
 2775 |                                     hasil_pencarian = ciptakan_salinan_objek(db_sementara);
      |                                                       ^~~~~~~~~~~~~~~~~~~~~~
../core_c/../core/enki_object.h:43:13: note: declared here
   43 | EnkiObject* ciptakan_salinan_objek(EnkiObject* sumber, int mode_dinamis);
      |             ^~~~~~~~~~~~~~~~~~~~~~
../core_c/enki_interpreter.c:2784:39: error: too few arguments to function ‘hancurkan_objek’; expected 2, have 1
 2784 |                     if (db_sementara) hancurkan_objek(db_sementara);
      |                                       ^~~~~~~~~~~~~~~
../core_c/../core/enki_object.h:47:6: note: declared here
   47 | void hancurkan_objek(EnkiObject* obj, int mode_dinamis);
      |      ^~~~~~~~~~~~~~~
../core_c/enki_interpreter.c:2792:13: error: too few arguments to function ‘hancurkan_objek’; expected 2, have 1
 2792 |             hancurkan_objek(obj_path); hancurkan_objek(obj_kunci); hancurkan_objek(obj_nilai);
      |             ^~~~~~~~~~~~~~~
../core_c/../core/enki_object.h:47:6: note: declared here
   47 | void hancurkan_objek(EnkiObject* obj, int mode_dinamis);
      |      ^~~~~~~~~~~~~~~
../core_c/enki_interpreter.c:2792:40: error: too few arguments to function ‘hancurkan_objek’; expected 2, have 1
 2792 |             hancurkan_objek(obj_path); hancurkan_objek(obj_kunci); hancurkan_objek(obj_nilai);
      |                                        ^~~~~~~~~~~~~~~
../core_c/../core/enki_object.h:47:6: note: declared here
   47 | void hancurkan_objek(EnkiObject* obj, int mode_dinamis);
      |      ^~~~~~~~~~~~~~~
../core_c/enki_interpreter.c:2792:68: error: too few arguments to function ‘hancurkan_objek’; expected 2, have 1
 2792 |             hancurkan_objek(obj_path); hancurkan_objek(obj_kunci); hancurkan_objek(obj_nilai);
      |                                                                    ^~~~~~~~~~~~~~~
../core_c/../core/enki_object.h:47:6: note: declared here
   47 | void hancurkan_objek(EnkiObject* obj, int mode_dinamis);
      |      ^~~~~~~~~~~~~~~
../core_c/enki_interpreter.c:2796:17: error: too few arguments to function ‘hancurkan_objek’; expected 2, have 1
 2796 |                 hancurkan_objek(hasil_pencarian);
      |                 ^~~~~~~~~~~~~~~
../core_c/../core/enki_object.h:47:6: note: declared here
   47 | void hancurkan_objek(EnkiObject* obj, int mode_dinamis);
      |      ^~~~~~~~~~~~~~~
../core_c/enki_interpreter.c:2797:35: error: too few arguments to function ‘ciptakan_teks’; expected 2, have 1
 2797 |                 hasil_pencarian = ciptakan_teks("TIDAK_DITEMUKAN");
      |                                   ^~~~~~~~~~~~~
../core_c/../core/enki_object.h:39:13: note: declared here
   39 | EnkiObject* ciptakan_teks(const char* nilai, int mode_dinamis);
      |             ^~~~~~~~~~~~~
../core_c/enki_interpreter.c:2808:47: error: too few arguments to function ‘ciptakan_kosong’; expected 1, have 0
 2808 |             if (node->jumlah_anak < 3) return ciptakan_kosong();
      |                                               ^~~~~~~~~~~~~~~
../core_c/../core/enki_object.h:44:13: note: declared here
   44 | EnkiObject* ciptakan_kosong(int mode_dinamis);
      |             ^~~~~~~~~~~~~~~
../core_c/enki_interpreter.c:2819:34: error: too few arguments to function ‘ciptakan_objek_peta’; expected 2, have 1
 2819 |                 EnkiObject* db = ciptakan_objek_peta(0); // Default jika file kosong
      |                                  ^~~~~~~~~~~~~~~~~~~
../core_c/../core/enki_object.h:41:13: note: declared here
   41 | EnkiObject* ciptakan_objek_peta(int kapasitas, int mode_dinamis);
      |             ^~~~~~~~~~~~~~~~~~~
../core_c/enki_interpreter.c:2831:25: error: too few arguments to function ‘hancurkan_objek’; expected 2, have 1
 2831 |                         hancurkan_objek(db); db = parsed;
      |                         ^~~~~~~~~~~~~~~
../core_c/../core/enki_object.h:47:6: note: declared here
   47 | void hancurkan_objek(EnkiObject* obj, int mode_dinamis);
      |      ^~~~~~~~~~~~~~~
../core_c/enki_interpreter.c:2832:40: error: too few arguments to function ‘hancurkan_objek’; expected 2, have 1
 2832 |                     } else if (parsed) hancurkan_objek(parsed);
      |                                        ^~~~~~~~~~~~~~~
../core_c/../core/enki_object.h:47:6: note: declared here
   47 | void hancurkan_objek(EnkiObject* obj, int mode_dinamis);
      |      ^~~~~~~~~~~~~~~
../core_c/enki_interpreter.c:2847:33: error: too few arguments to function ‘hancurkan_objek’; expected 2, have 1
 2847 |                                 hancurkan_objek(saat_ini->nilai.objek_peta.konten[i]);
      |                                 ^~~~~~~~~~~~~~~
../core_c/../core/enki_object.h:47:6: note: declared here
   47 | void hancurkan_objek(EnkiObject* obj, int mode_dinamis);
      |      ^~~~~~~~~~~~~~~
../core_c/enki_interpreter.c:2848:72: error: too few arguments to function ‘ciptakan_salinan_objek’; expected 2, have 1
 2848 |                                 saat_ini->nilai.objek_peta.konten[i] = ciptakan_salinan_objek(obj_nilai);
      |                                                                        ^~~~~~~~~~~~~~~~~~~~~~
../core_c/../core/enki_object.h:43:13: note: declared here
   43 | EnkiObject* ciptakan_salinan_objek(EnkiObject* sumber, int mode_dinamis);
      |             ^~~~~~~~~~~~~~~~~~~~~~
../core_c/enki_interpreter.c:2855:83: error: too few arguments to function ‘ciptakan_teks’; expected 2, have 1
 2855 |                             saat_ini->nilai.objek_peta.kunci[saat_ini->panjang] = ciptakan_teks(token);
      |                                                                                   ^~~~~~~~~~~~~
../core_c/../core/enki_object.h:39:13: note: declared here
   39 | EnkiObject* ciptakan_teks(const char* nilai, int mode_dinamis);
      |             ^~~~~~~~~~~~~
../core_c/enki_interpreter.c:2856:84: error: too few arguments to function ‘ciptakan_salinan_objek’; expected 2, have 1
 2856 |                             saat_ini->nilai.objek_peta.konten[saat_ini->panjang] = ciptakan_salinan_objek(obj_nilai);
      |                                                                                    ^~~~~~~~~~~~~~~~~~~~~~
../core_c/../core/enki_object.h:43:13: note: declared here
   43 | EnkiObject* ciptakan_salinan_objek(EnkiObject* sumber, int mode_dinamis);
      |             ^~~~~~~~~~~~~~~~~~~~~~
../core_c/enki_interpreter.c:2870:83: error: too few arguments to function ‘ciptakan_teks’; expected 2, have 1
 2870 |                             saat_ini->nilai.objek_peta.kunci[saat_ini->panjang] = ciptakan_teks(token);
      |                                                                                   ^~~~~~~~~~~~~
../core_c/../core/enki_object.h:39:13: note: declared here
   39 | EnkiObject* ciptakan_teks(const char* nilai, int mode_dinamis);
      |             ^~~~~~~~~~~~~
../core_c/enki_interpreter.c:2871:55: error: too few arguments to function ‘ciptakan_objek_peta’; expected 2, have 1
 2871 |                             EnkiObject* cabang_baru = ciptakan_objek_peta(0);
      |                                                       ^~~~~~~~~~~~~~~~~~~
../core_c/../core/enki_object.h:41:13: note: declared here
   41 | EnkiObject* ciptakan_objek_peta(int kapasitas, int mode_dinamis);
      |             ^~~~~~~~~~~~~~~~~~~
../core_c/enki_interpreter.c:2889:17: error: too few arguments to function ‘hancurkan_objek’; expected 2, have 1
 2889 |                 hancurkan_objek(db);
      |                 ^~~~~~~~~~~~~~~
../core_c/../core/enki_object.h:47:6: note: declared here
   47 | void hancurkan_objek(EnkiObject* obj, int mode_dinamis);
      |      ^~~~~~~~~~~~~~~
../core_c/enki_interpreter.c:2893:13: error: too few arguments to function ‘hancurkan_objek’; expected 2, have 1
 2893 |             hancurkan_objek(obj_file);
      |             ^~~~~~~~~~~~~~~
../core_c/../core/enki_object.h:47:6: note: declared here
   47 | void hancurkan_objek(EnkiObject* obj, int mode_dinamis);
      |      ^~~~~~~~~~~~~~~
../core_c/enki_interpreter.c:2894:13: error: too few arguments to function ‘hancurkan_objek’; expected 2, have 1
 2894 |             hancurkan_objek(obj_path);
      |             ^~~~~~~~~~~~~~~
../core_c/../core/enki_object.h:47:6: note: declared here
   47 | void hancurkan_objek(EnkiObject* obj, int mode_dinamis);
      |      ^~~~~~~~~~~~~~~
../core_c/enki_interpreter.c:2895:13: error: too few arguments to function ‘hancurkan_objek’; expected 2, have 1
 2895 |             hancurkan_objek(obj_nilai);
      |             ^~~~~~~~~~~~~~~
../core_c/../core/enki_object.h:47:6: note: declared here
   47 | void hancurkan_objek(EnkiObject* obj, int mode_dinamis);
      |      ^~~~~~~~~~~~~~~
../core_c/enki_interpreter.c:2896:20: error: too few arguments to function ‘ciptakan_kosong’; expected 1, have 0
 2896 |             return ciptakan_kosong();
      |                    ^~~~~~~~~~~~~~~
../core_c/../core/enki_object.h:44:13: note: declared here
   44 | EnkiObject* ciptakan_kosong(int mode_dinamis);
      |             ^~~~~~~~~~~~~~~
../core_c/enki_interpreter.c:2904:47: error: too few arguments to function ‘ciptakan_kosong’; expected 1, have 0
 2904 |             if (node->jumlah_anak < 2) return ciptakan_kosong();
      |                                               ^~~~~~~~~~~~~~~
../core_c/../core/enki_object.h:44:13: note: declared here
   44 | EnkiObject* ciptakan_kosong(int mode_dinamis);
      |             ^~~~~~~~~~~~~~~
../core_c/enki_interpreter.c:2907:33: error: too few arguments to function ‘ciptakan_kosong’; expected 1, have 0
 2907 |             EnkiObject* hasil = ciptakan_kosong();
      |                                 ^~~~~~~~~~~~~~~
../core_c/../core/enki_object.h:44:13: note: declared here
   44 | EnkiObject* ciptakan_kosong(int mode_dinamis);
      |             ^~~~~~~~~~~~~~~
../core_c/enki_interpreter.c:2935:41: error: too few arguments to function ‘hancurkan_objek’; expected 2, have 1
 2935 |                                         hancurkan_objek(hasil);
      |                                         ^~~~~~~~~~~~~~~
../core_c/../core/enki_object.h:47:6: note: declared here
   47 | void hancurkan_objek(EnkiObject* obj, int mode_dinamis);
      |      ^~~~~~~~~~~~~~~
../core_c/enki_interpreter.c:2936:49: error: too few arguments to function ‘ciptakan_salinan_objek’; expected 2, have 1
 2936 |                                         hasil = ciptakan_salinan_objek(saat_ini->nilai.objek_peta.konten[i]);
      |                                                 ^~~~~~~~~~~~~~~~~~~~~~
../core_c/../core/enki_object.h:43:13: note: declared here
   43 | EnkiObject* ciptakan_salinan_objek(EnkiObject* sumber, int mode_dinamis);
      |             ^~~~~~~~~~~~~~~~~~~~~~
../core_c/enki_interpreter.c:2947:29: error: too few arguments to function ‘hancurkan_objek’; expected 2, have 1
 2947 |                     if (db) hancurkan_objek(db);
      |                             ^~~~~~~~~~~~~~~
../core_c/../core/enki_object.h:47:6: note: declared here
   47 | void hancurkan_objek(EnkiObject* obj, int mode_dinamis);
      |      ^~~~~~~~~~~~~~~
../core_c/enki_interpreter.c:2954:13: error: too few arguments to function ‘hancurkan_objek’; expected 2, have 1
 2954 |             hancurkan_objek(obj_file);
      |             ^~~~~~~~~~~~~~~
../core_c/../core/enki_object.h:47:6: note: declared here
   47 | void hancurkan_objek(EnkiObject* obj, int mode_dinamis);
      |      ^~~~~~~~~~~~~~~
../core_c/enki_interpreter.c:2955:13: error: too few arguments to function ‘hancurkan_objek’; expected 2, have 1
 2955 |             hancurkan_objek(obj_path);
      |             ^~~~~~~~~~~~~~~
../core_c/../core/enki_object.h:47:6: note: declared here
   47 | void hancurkan_objek(EnkiObject* obj, int mode_dinamis);
      |      ^~~~~~~~~~~~~~~
../core_c/enki_interpreter.c:2967:24: error: too few arguments to function ‘ciptakan_kosong’; expected 1, have 0
 2967 |                 return ciptakan_kosong();
      |                        ^~~~~~~~~~~~~~~
../core_c/../core/enki_object.h:44:13: note: declared here
   44 | EnkiObject* ciptakan_kosong(int mode_dinamis);
      |             ^~~~~~~~~~~~~~~
../core_c/enki_interpreter.c:2973:24: error: too few arguments to function ‘ciptakan_kosong’; expected 1, have 0
 2973 |                 return ciptakan_kosong();
      |                        ^~~~~~~~~~~~~~~
../core_c/../core/enki_object.h:44:13: note: declared here
   44 | EnkiObject* ciptakan_kosong(int mode_dinamis);
      |             ^~~~~~~~~~~~~~~
../core_c/enki_interpreter.c:2982:24: error: too few arguments to function ‘ciptakan_kosong’; expected 1, have 0
 2982 |                 return ciptakan_kosong();
      |                        ^~~~~~~~~~~~~~~
../core_c/../core/enki_object.h:44:13: note: declared here
   44 | EnkiObject* ciptakan_kosong(int mode_dinamis);
      |             ^~~~~~~~~~~~~~~
../core_c/enki_interpreter.c:3005:24: error: too few arguments to function ‘ciptakan_kosong’; expected 1, have 0
 3005 |                 return ciptakan_kosong();
      |                        ^~~~~~~~~~~~~~~
../core_c/../core/enki_object.h:44:13: note: declared here
   44 | EnkiObject* ciptakan_kosong(int mode_dinamis);
      |             ^~~~~~~~~~~~~~~
../core_c/enki_interpreter.c:3019:24: error: too few arguments to function ‘ciptakan_kosong’; expected 1, have 0
 3019 |                 return ciptakan_kosong();
      |                        ^~~~~~~~~~~~~~~
../core_c/../core/enki_object.h:44:13: note: declared here
   44 | EnkiObject* ciptakan_kosong(int mode_dinamis);
      |             ^~~~~~~~~~~~~~~
../core_c/enki_interpreter.c:3025:24: error: too few arguments to function ‘ciptakan_kosong’; expected 1, have 0
 3025 |                 return ciptakan_kosong();
      |                        ^~~~~~~~~~~~~~~
../core_c/../core/enki_object.h:44:13: note: declared here
   44 | EnkiObject* ciptakan_kosong(int mode_dinamis);
      |             ^~~~~~~~~~~~~~~
../core_c/enki_interpreter.c:3034:24: error: too few arguments to function ‘ciptakan_kosong’; expected 1, have 0
 3034 |                 return ciptakan_kosong();
      |                        ^~~~~~~~~~~~~~~
../core_c/../core/enki_object.h:44:13: note: declared here
   44 | EnkiObject* ciptakan_kosong(int mode_dinamis);
      |             ^~~~~~~~~~~~~~~
../core_c/enki_interpreter.c:3057:24: error: too few arguments to function ‘ciptakan_kosong’; expected 1, have 0
 3057 |                 return ciptakan_kosong();
      |                        ^~~~~~~~~~~~~~~
../core_c/../core/enki_object.h:44:13: note: declared here
   44 | EnkiObject* ciptakan_kosong(int mode_dinamis);
      |             ^~~~~~~~~~~~~~~
../core_c/enki_interpreter.c:3067:47: error: too few arguments to function ‘ciptakan_kosong’; expected 1, have 0
 3067 |             if (node->jumlah_anak < 1) return ciptakan_kosong();
      |                                               ^~~~~~~~~~~~~~~
../core_c/../core/enki_object.h:44:13: note: declared here
   44 | EnkiObject* ciptakan_kosong(int mode_dinamis);
      |             ^~~~~~~~~~~~~~~
../core_c/enki_interpreter.c:3082:27: error: too few arguments to function ‘hancurkan_objek’; expected 2, have 1
 3082 |             if (arg_gaya) hancurkan_objek(arg_gaya);
      |                           ^~~~~~~~~~~~~~~
../core_c/../core/enki_object.h:47:6: note: declared here
   47 | void hancurkan_objek(EnkiObject* obj, int mode_dinamis);
      |      ^~~~~~~~~~~~~~~
../core_c/enki_interpreter.c:3085:41: error: too few arguments to function ‘ciptakan_objek_peta’; expected 2, have 1
 3085 |             EnkiObject* obj_kembalian = ciptakan_objek_peta(2);
      |                                         ^~~~~~~~~~~~~~~~~~~
../core_c/../core/enki_object.h:41:13: note: declared here
   41 | EnkiObject* ciptakan_objek_peta(int kapasitas, int mode_dinamis);
      |             ^~~~~~~~~~~~~~~~~~~
../core_c/enki_interpreter.c:3089:56: error: too few arguments to function ‘ciptakan_teks’; expected 2, have 1
 3089 |             obj_kembalian->nilai.objek_peta.kunci[0] = ciptakan_teks("aksi");
      |                                                        ^~~~~~~~~~~~~
../core_c/../core/enki_object.h:39:13: note: declared here
   39 | EnkiObject* ciptakan_teks(const char* nilai, int mode_dinamis);
      |             ^~~~~~~~~~~~~
../core_c/enki_interpreter.c:3090:57: error: too few arguments to function ‘ciptakan_teks’; expected 2, have 1
 3090 |             obj_kembalian->nilai.objek_peta.konten[0] = ciptakan_teks(id_hasil);
      |                                                         ^~~~~~~~~~~~~
../core_c/../core/enki_object.h:39:13: note: declared here
   39 | EnkiObject* ciptakan_teks(const char* nilai, int mode_dinamis);
      |             ^~~~~~~~~~~~~
../core_c/enki_interpreter.c:3093:56: error: too few arguments to function ‘ciptakan_teks’; expected 2, have 1
 3093 |             obj_kembalian->nilai.objek_peta.kunci[1] = ciptakan_teks("ui");
      |                                                        ^~~~~~~~~~~~~
../core_c/../core/enki_object.h:39:13: note: declared here
   39 | EnkiObject* ciptakan_teks(const char* nilai, int mode_dinamis);
      |             ^~~~~~~~~~~~~
../core_c/enki_interpreter.c:3105:47: error: too few arguments to function ‘ciptakan_kosong’; expected 1, have 0
 3105 |             if (node->jumlah_anak < 1) return ciptakan_kosong();
      |                                               ^~~~~~~~~~~~~~~
../core_c/../core/enki_object.h:44:13: note: declared here
   44 | EnkiObject* ciptakan_kosong(int mode_dinamis);
      |             ^~~~~~~~~~~~~~~
../core_c/enki_interpreter.c:3116:27: error: too few arguments to function ‘hancurkan_objek’; expected 2, have 1
 3116 |             if (arg_gaya) hancurkan_objek(arg_gaya);
      |                           ^~~~~~~~~~~~~~~
../core_c/../core/enki_object.h:47:6: note: declared here
   47 | void hancurkan_objek(EnkiObject* obj, int mode_dinamis);
      |      ^~~~~~~~~~~~~~~
../core_c/enki_interpreter.c:3118:41: error: too few arguments to function ‘ciptakan_objek_peta’; expected 2, have 1
 3118 |             EnkiObject* obj_kembalian = ciptakan_objek_peta(2);
      |                                         ^~~~~~~~~~~~~~~~~~~
../core_c/../core/enki_object.h:41:13: note: declared here
   41 | EnkiObject* ciptakan_objek_peta(int kapasitas, int mode_dinamis);
      |             ^~~~~~~~~~~~~~~~~~~
../core_c/enki_interpreter.c:3120:56: error: too few arguments to function ‘ciptakan_teks’; expected 2, have 1
 3120 |             obj_kembalian->nilai.objek_peta.kunci[0] = ciptakan_teks("aksi");
      |                                                        ^~~~~~~~~~~~~
../core_c/../core/enki_object.h:39:13: note: declared here
   39 | EnkiObject* ciptakan_teks(const char* nilai, int mode_dinamis);
      |             ^~~~~~~~~~~~~
../core_c/enki_interpreter.c:3121:57: error: too few arguments to function ‘ciptakan_teks’; expected 2, have 1
 3121 |             obj_kembalian->nilai.objek_peta.konten[0] = ciptakan_teks(id_hasil);
      |                                                         ^~~~~~~~~~~~~
../core_c/../core/enki_object.h:39:13: note: declared here
   39 | EnkiObject* ciptakan_teks(const char* nilai, int mode_dinamis);
      |             ^~~~~~~~~~~~~
../core_c/enki_interpreter.c:3124:56: error: too few arguments to function ‘ciptakan_teks’; expected 2, have 1
 3124 |             obj_kembalian->nilai.objek_peta.kunci[1] = ciptakan_teks("ui");
      |                                                        ^~~~~~~~~~~~~
../core_c/../core/enki_object.h:39:13: note: declared here
   39 | EnkiObject* ciptakan_teks(const char* nilai, int mode_dinamis);
      |             ^~~~~~~~~~~~~
../core_c/enki_interpreter.c:3135:47: error: too few arguments to function ‘ciptakan_kosong’; expected 1, have 0
 3135 |             if (node->jumlah_anak < 3) return ciptakan_kosong();
      |                                               ^~~~~~~~~~~~~~~
../core_c/../core/enki_object.h:44:13: note: declared here
   44 | EnkiObject* ciptakan_kosong(int mode_dinamis);
      |             ^~~~~~~~~~~~~~~
../core_c/enki_interpreter.c:3138:68: error: too few arguments to function ‘ciptakan_kosong’; expected 1, have 0
 3138 |             if (node->anak_anak[0]->jenis != AST_IDENTITAS) return ciptakan_kosong();
      |                                                                    ^~~~~~~~~~~~~~~
../core_c/../core/enki_object.h:44:13: note: declared here
   44 | EnkiObject* ciptakan_kosong(int mode_dinamis);
      |             ^~~~~~~~~~~~~~~
../core_c/enki_interpreter.c:3152:25: error: too few arguments to function ‘hancurkan_objek’; expected 2, have 1
 3152 |             if (obj_id) hancurkan_objek(obj_id);
      |                         ^~~~~~~~~~~~~~~
../core_c/../core/enki_object.h:47:6: note: declared here
   47 | void hancurkan_objek(EnkiObject* obj, int mode_dinamis);
      |      ^~~~~~~~~~~~~~~
../core_c/enki_interpreter.c:3153:27: error: too few arguments to function ‘hancurkan_objek’; expected 2, have 1
 3153 |             if (obj_teks) hancurkan_objek(obj_teks);
      |                           ^~~~~~~~~~~~~~~
../core_c/../core/enki_object.h:47:6: note: declared here
   47 | void hancurkan_objek(EnkiObject* obj, int mode_dinamis);
      |      ^~~~~~~~~~~~~~~
../core_c/enki_interpreter.c:3155:20: error: too few arguments to function ‘ciptakan_kosong’; expected 1, have 0
 3155 |             return ciptakan_kosong();
      |                    ^~~~~~~~~~~~~~~
../core_c/../core/enki_object.h:44:13: note: declared here
   44 | EnkiObject* ciptakan_kosong(int mode_dinamis);
      |             ^~~~~~~~~~~~~~~
../core_c/enki_interpreter.c:3162:47: error: too few arguments to function ‘ciptakan_kosong’; expected 1, have 0
 3162 |             if (node->jumlah_anak < 1) return ciptakan_kosong();
      |                                               ^~~~~~~~~~~~~~~
../core_c/../core/enki_object.h:44:13: note: declared here
   44 | EnkiObject* ciptakan_kosong(int mode_dinamis);
      |             ^~~~~~~~~~~~~~~
../core_c/enki_interpreter.c:3182:22: error: too few arguments to function ‘hancurkan_objek’; expected 2, have 1
 3182 |             if (obj) hancurkan_objek(obj);
      |                      ^~~~~~~~~~~~~~~
../core_c/../core/enki_object.h:47:6: note: declared here
   47 | void hancurkan_objek(EnkiObject* obj, int mode_dinamis);
      |      ^~~~~~~~~~~~~~~
../core_c/enki_interpreter.c:3183:20: error: too few arguments to function ‘ciptakan_kosong’; expected 1, have 0
 3183 |             return ciptakan_kosong();
      |                    ^~~~~~~~~~~~~~~
../core_c/../core/enki_object.h:44:13: note: declared here
   44 | EnkiObject* ciptakan_kosong(int mode_dinamis);
      |             ^~~~~~~~~~~~~~~
../core_c/enki_interpreter.c:3211:20: error: too few arguments to function ‘ciptakan_kosong’; expected 1, have 0
 3211 |             return ciptakan_kosong();
      |                    ^~~~~~~~~~~~~~~
../core_c/../core/enki_object.h:44:13: note: declared here
   44 | EnkiObject* ciptakan_kosong(int mode_dinamis);
      |             ^~~~~~~~~~~~~~~
../core_c/enki_interpreter.c:3241:31: error: too few arguments to function ‘ciptakan_kosong’; expected 1, have 0
 3241 |                 nilai_akhir = ciptakan_kosong();
      |                               ^~~~~~~~~~~~~~~
../core_c/../core/enki_object.h:44:13: note: declared here
   44 | EnkiObject* ciptakan_kosong(int mode_dinamis);
      |             ^~~~~~~~~~~~~~~
../core_c/enki_interpreter.c:3251:35: error: too few arguments to function ‘ciptakan_kosong’; expected 1, have 0
 3251 |         EnkiObject* hasil_akhir = ciptakan_kosong();
      |                                   ^~~~~~~~~~~~~~~
../core_c/../core/enki_object.h:44:13: note: declared here
   44 | EnkiObject* ciptakan_kosong(int mode_dinamis);
      |             ^~~~~~~~~~~~~~~
../core_c/enki_interpreter.c:3253:13: error: too few arguments to function ‘hancurkan_objek’; expected 2, have 1
 3253 |             hancurkan_objek(hasil_akhir);
      |             ^~~~~~~~~~~~~~~
../core_c/../core/enki_object.h:47:6: note: declared here
   47 | void hancurkan_objek(EnkiObject* obj, int mode_dinamis);
      |      ^~~~~~~~~~~~~~~
../core_c/enki_interpreter.c:3262:12: error: too few arguments to function ‘ciptakan_kosong’; expected 1, have 0
 3262 |     return ciptakan_kosong(); // Default return yang HALAL (berada di akhir evaluasi_ekspresi)
      |            ^~~~~~~~~~~~~~~
../core_c/../core/enki_object.h:44:13: note: declared here
   44 | EnkiObject* ciptakan_kosong(int mode_dinamis);
      |             ^~~~~~~~~~~~~~~
../core_c/enki_interpreter.c: In function ‘evaluasi_kondisi’:
../core_c/enki_interpreter.c:3323:19: error: too few arguments to function ‘hancurkan_objek’; expected 2, have 1
 3323 |     if (obj_kiri) hancurkan_objek(obj_kiri);
      |                   ^~~~~~~~~~~~~~~
../core_c/../core/enki_object.h:47:6: note: declared here
   47 | void hancurkan_objek(EnkiObject* obj, int mode_dinamis);
      |      ^~~~~~~~~~~~~~~
../core_c/enki_interpreter.c:3324:20: error: too few arguments to function ‘hancurkan_objek’; expected 2, have 1
 3324 |     if (obj_kanan) hancurkan_objek(obj_kanan);
      |                    ^~~~~~~~~~~~~~~
../core_c/../core/enki_object.h:47:6: note: declared here
   47 | void hancurkan_objek(EnkiObject* obj, int mode_dinamis);
      |      ^~~~~~~~~~~~~~~
../core_c/enki_interpreter.c: In function ‘salin_ram_untuk_utas’:
../core_c/enki_interpreter.c:3391:86: error: too few arguments to function ‘ciptakan_kosong’; expected 1, have 0
 3391 |         EnkiObject* obj_aman = sumber->kavling[i].objek ? sumber->kavling[i].objek : ciptakan_kosong();
      |                                                                                      ^~~~~~~~~~~~~~~
../core_c/../core/enki_object.h:44:13: note: declared here
   44 | EnkiObject* ciptakan_kosong(int mode_dinamis);
      |             ^~~~~~~~~~~~~~~
../core_c/enki_interpreter.c: In function ‘pelari_utas_gaib’:
../core_c/enki_interpreter.c:3405:16: error: too few arguments to function ‘hancurkan_objek’; expected 2, have 1
 3405 |     if (hasil) hancurkan_objek(hasil); // 🟢 Ganti free jadi hancurkan_objek
      |                ^~~~~~~~~~~~~~~
../core_c/../core/enki_object.h:47:6: note: declared here
   47 | void hancurkan_objek(EnkiObject* obj, int mode_dinamis);
      |      ^~~~~~~~~~~~~~~
../core_c/enki_interpreter.c: In function ‘eksekusi_node’:
../core_c/enki_interpreter.c:3443:17: error: too few arguments to function ‘hancurkan_objek’; expected 2, have 1
 3443 |                 hancurkan_objek(obj_hasil);
      |                 ^~~~~~~~~~~~~~~
../core_c/../core/enki_object.h:47:6: note: declared here
   47 | void hancurkan_objek(EnkiObject* obj, int mode_dinamis);
      |      ^~~~~~~~~~~~~~~
../core_c/enki_interpreter.c:3532:32: error: too few arguments to function ‘hancurkan_objek’; expected 2, have 1
 3532 |                 if (obj_kasus) hancurkan_objek(obj_kasus);
      |                                ^~~~~~~~~~~~~~~
../core_c/../core/enki_object.h:47:6: note: declared here
   47 | void hancurkan_objek(EnkiObject* obj, int mode_dinamis);
      |      ^~~~~~~~~~~~~~~
../core_c/enki_interpreter.c:3535:28: error: too few arguments to function ‘hancurkan_objek’; expected 2, have 1
 3535 |             if (obj_kasus) hancurkan_objek(obj_kasus);
      |                            ^~~~~~~~~~~~~~~
../core_c/../core/enki_object.h:47:6: note: declared here
   47 | void hancurkan_objek(EnkiObject* obj, int mode_dinamis);
      |      ^~~~~~~~~~~~~~~
../core_c/enki_interpreter.c:3538:25: error: too few arguments to function ‘hancurkan_objek’; expected 2, have 1
 3538 |         if (obj_target) hancurkan_objek(obj_target);
      |                         ^~~~~~~~~~~~~~~
../core_c/../core/enki_object.h:47:6: note: declared here
   47 | void hancurkan_objek(EnkiObject* obj, int mode_dinamis);
      |      ^~~~~~~~~~~~~~~
../core_c/enki_interpreter.c:3587:32: error: too few arguments to function ‘hancurkan_objek’; expected 2, have 1
 3587 |                 if (obj_batas) hancurkan_objek(obj_batas);
      |                                ^~~~~~~~~~~~~~~
../core_c/../core/enki_object.h:47:6: note: declared here
   47 | void hancurkan_objek(EnkiObject* obj, int mode_dinamis);
      |      ^~~~~~~~~~~~~~~
../core_c/enki_interpreter.c:3597:32: error: too few arguments to function ‘hancurkan_objek’; expected 2, have 1
 3597 |                 if (obj_batas) hancurkan_objek(obj_batas);
      |                                ^~~~~~~~~~~~~~~
../core_c/../core/enki_object.h:47:6: note: declared here
   47 | void hancurkan_objek(EnkiObject* obj, int mode_dinamis);
      |      ^~~~~~~~~~~~~~~
../core_c/enki_interpreter.c:3600:28: error: too few arguments to function ‘hancurkan_objek’; expected 2, have 1
 3600 |             if (obj_batas) hancurkan_objek(obj_batas);
      |                            ^~~~~~~~~~~~~~~
../core_c/../core/enki_object.h:47:6: note: declared here
   47 | void hancurkan_objek(EnkiObject* obj, int mode_dinamis);
      |      ^~~~~~~~~~~~~~~
../core_c/enki_interpreter.c:3607:52: error: too few arguments to function ‘hancurkan_objek’; expected 2, have 1
 3607 |                         if (ram->kavling[j].objek) hancurkan_objek(ram->kavling[j].objek);
      |                                                    ^~~~~~~~~~~~~~~
../core_c/../core/enki_object.h:47:6: note: declared here
   47 | void hancurkan_objek(EnkiObject* obj, int mode_dinamis);
      |      ^~~~~~~~~~~~~~~
../core_c/enki_interpreter.c:3608:49: error: too few arguments to function ‘ciptakan_angka’; expected 2, have 1
 3608 |                         ram->kavling[j].objek = ciptakan_angka((double)i);
      |                                                 ^~~~~~~~~~~~~~
../core_c/../core/enki_object.h:38:13: note: declared here
   38 | EnkiObject* ciptakan_angka(double nilai, int mode_dinamis);
      |             ^~~~~~~~~~~~~~
../core_c/enki_interpreter.c:3616:55: error: too few arguments to function ‘ciptakan_angka’; expected 2, have 1
 3616 |                     ram->kavling[ram->jumlah].objek = ciptakan_angka((double)i);
      |                                                       ^~~~~~~~~~~~~~
../core_c/../core/enki_object.h:38:13: note: declared here
   38 | EnkiObject* ciptakan_angka(double nilai, int mode_dinamis);
      |             ^~~~~~~~~~~~~~
../core_c/enki_interpreter.c:3662:25: error: too few arguments to function ‘hancurkan_objek’; expected 2, have 1
 3662 |         if (obj_target) hancurkan_objek(obj_target);
      |                         ^~~~~~~~~~~~~~~
../core_c/../core/enki_object.h:47:6: note: declared here
   47 | void hancurkan_objek(EnkiObject* obj, int mode_dinamis);
      |      ^~~~~~~~~~~~~~~
../core_c/enki_interpreter.c:3728:48: error: too few arguments to function ‘hancurkan_objek’; expected 2, have 1
 3728 |                     if (ram->kavling[i].objek) hancurkan_objek(ram->kavling[i].objek);
      |                                                ^~~~~~~~~~~~~~~
../core_c/../core/enki_object.h:47:6: note: declared here
   47 | void hancurkan_objek(EnkiObject* obj, int mode_dinamis);
      |      ^~~~~~~~~~~~~~~
../core_c/enki_interpreter.c:3731:45: error: too few arguments to function ‘ciptakan_kosong’; expected 1, have 0
 3731 |                     ram->kavling[i].objek = ciptakan_kosong();
      |                                             ^~~~~~~~~~~~~~~
../core_c/../core/enki_object.h:44:13: note: declared here
   44 | EnkiObject* ciptakan_kosong(int mode_dinamis);
      |             ^~~~~~~~~~~~~~~
../core_c/enki_interpreter.c:3752:13: error: too few arguments to function ‘hancurkan_objek’; expected 2, have 1
 3752 |             hancurkan_objek(obj_waktu);
      |             ^~~~~~~~~~~~~~~
../core_c/../core/enki_object.h:47:6: note: declared here
   47 | void hancurkan_objek(EnkiObject* obj, int mode_dinamis);
      |      ^~~~~~~~~~~~~~~
../core_c/enki_interpreter.c:3780:36: error: too few arguments to function ‘hancurkan_objek’; expected 2, have 1
 3780 |             if (akar_utama->objek) hancurkan_objek(akar_utama->objek);
      |                                    ^~~~~~~~~~~~~~~
../core_c/../core/enki_object.h:47:6: note: declared here
   47 | void hancurkan_objek(EnkiObject* obj, int mode_dinamis);
      |      ^~~~~~~~~~~~~~~
../core_c/enki_interpreter.c:3789:52: error: too few arguments to function ‘ciptakan_salinan_objek’; expected 2, have 1
 3789 |             akar_utama->objek = masa_lalu->objek ? ciptakan_salinan_objek(masa_lalu->objek) : NULL;
      |                                                    ^~~~~~~~~~~~~~~~~~~~~~
../core_c/../core/enki_object.h:43:13: note: declared here
   43 | EnkiObject* ciptakan_salinan_objek(EnkiObject* sumber, int mode_dinamis);
      |             ^~~~~~~~~~~~~~~~~~~~~~
../core_c/enki_interpreter.c:3807:83: error: too few arguments to function ‘ciptakan_teks’; expected 2, have 1
 3807 |                 if (ram->pesan_error_tabu) { simpan_ke_ram(ram, node->nilai_teks, ciptakan_teks(ram->pesan_error_tabu)); free(ram->pesan_error_tabu); ram->pesan_error_tabu = NULL; }
      |                                                                                   ^~~~~~~~~~~~~
../core_c/../core/enki_object.h:39:13: note: declared here
   39 | EnkiObject* ciptakan_teks(const char* nilai, int mode_dinamis);
      |             ^~~~~~~~~~~~~
../core_c/enki_interpreter.c:3808:59: error: too few arguments to function ‘ciptakan_teks’; expected 2, have 1
 3808 |                 else simpan_ke_ram(ram, node->nilai_teks, ciptakan_teks("Kiamat Tak Dikenal"));
      |                                                           ^~~~~~~~~~~~~
../core_c/../core/enki_object.h:39:13: note: declared here
   39 | EnkiObject* ciptakan_teks(const char* nilai, int mode_dinamis);
      |             ^~~~~~~~~~~~~
../core_c/enki_interpreter.c:3819:46: error: too few arguments to function ‘ciptakan_teks’; expected 2, have 1
 3819 |         simpan_ke_ram(ram, node->nilai_teks, ciptakan_teks("<fungsi_kustom>"));
      |                                              ^~~~~~~~~~~~~
../core_c/../core/enki_object.h:39:13: note: declared here
   39 | EnkiObject* ciptakan_teks(const char* nilai, int mode_dinamis);
      |             ^~~~~~~~~~~~~
../core_c/enki_interpreter.c:3828:37: error: too few arguments to function ‘hancurkan_objek’; expected 2, have 1
 3828 |         if (ram->nilai_kembalian) { hancurkan_objek(ram->nilai_kembalian); ram->nilai_kembalian = NULL; }
      |                                     ^~~~~~~~~~~~~~~
../core_c/../core/enki_object.h:47:6: note: declared here
   47 | void hancurkan_objek(EnkiObject* obj, int mode_dinamis);
      |      ^~~~~~~~~~~~~~~
../core_c/enki_interpreter.c:3833:36: error: too few arguments to function ‘ciptakan_kosong’; expected 1, have 0
 3833 |             ram->nilai_kembalian = ciptakan_kosong();
      |                                    ^~~~~~~~~~~~~~~
../core_c/../core/enki_object.h:44:13: note: declared here
   44 | EnkiObject* ciptakan_kosong(int mode_dinamis);
      |             ^~~~~~~~~~~~~~~
../core_c/enki_interpreter.c:3841:27: error: too few arguments to function ‘hancurkan_objek’; expected 2, have 1
 3841 |         if (hasil_mutasi) hancurkan_objek(hasil_mutasi);
      |                           ^~~~~~~~~~~~~~~
../core_c/../core/enki_object.h:47:6: note: declared here
   47 | void hancurkan_objek(EnkiObject* obj, int mode_dinamis);
      |      ^~~~~~~~~~~~~~~
../core_c/enki_scheduler.c: In function ‘pelari_jadwal’:
../core_c/enki_scheduler.c:46:21: error: too few arguments to function ‘hancurkan_objek’; expected 2, have 1
   46 |     if (target_obj) hancurkan_objek(target_obj);
      |                     ^~~~~~~~~~~~~~~
In file included from ../core_c/enki_interpreter.h:6,
                 from ../core_c/enki_scheduler.h:5,
                 from ../core_c/enki_scheduler.c:6:
../core_c/../core/enki_object.h:47:6: note: declared here
   47 | void hancurkan_objek(EnkiObject* obj, int mode_dinamis);
      |      ^~~~~~~~~~~~~~~
../core_c/enki_scheduler.c: In function ‘pelari_effort’:
../core_c/enki_scheduler.c:69:21: error: too few arguments to function ‘hancurkan_objek’; expected 2, have 1
   69 |     if (target_obj) hancurkan_objek(target_obj);
      |                     ^~~~~~~~~~~~~~~
../core_c/../core/enki_object.h:47:6: note: declared here
   47 | void hancurkan_objek(EnkiObject* obj, int mode_dinamis);
      |      ^~~~~~~~~~~~~~~
../otim/otim_parser.c: In function ‘parse_otim’:
../otim/otim_parser.c:44:27: error: too few arguments to function ‘ciptakan_objek_peta’; expected 2, have 1
   44 |     EnkiObject* root_ui = ciptakan_objek_peta(0);
      |                           ^~~~~~~~~~~~~~~~~~~
In file included from ../otim/otim_parser.h:5,
                 from ../otim/otim_parser.c:4:
../otim/../core/enki_object.h:41:13: note: declared here
   41 | EnkiObject* ciptakan_objek_peta(int kapasitas, int mode_dinamis);
      |             ^~~~~~~~~~~~~~~~~~~
../otim/otim_parser.c:45:30: error: too few arguments to function ‘ciptakan_array’; expected 2, have 1
   45 |     EnkiObject* array_anak = ciptakan_array(0);
      |                              ^~~~~~~~~~~~~~
../otim/../core/enki_object.h:40:13: note: declared here
   40 | EnkiObject* ciptakan_array(int kapasitas, int mode_dinamis);
      |             ^~~~~~~~~~~~~~
../otim/otim_parser.c:55:41: error: too few arguments to function ‘ciptakan_teks’; expected 2, have 1
   55 |     o_simpan_ke_objek(root_ui, "jenis", ciptakan_teks("akar_dokumen"), 1);
      |                                         ^~~~~~~~~~~~~
../otim/../core/enki_object.h:39:13: note: declared here
   39 | EnkiObject* ciptakan_teks(const char* nilai, int mode_dinamis);
      |             ^~~~~~~~~~~~~
../otim/otim_parser.c:55:5: error: too many arguments to function ‘o_simpan_ke_objek’; expected 3, have 4
   55 |     o_simpan_ke_objek(root_ui, "jenis", ciptakan_teks("akar_dokumen"), 1);
      |     ^~~~~~~~~~~~~~~~~                                                  ~
../otim/otim_parser.c:27:13: note: declared here
   27 | static void o_simpan_ke_objek(EnkiObject* obj, const char* kunci, EnkiObject* nilai) {
      |             ^~~~~~~~~~~~~~~~~
../otim/otim_parser.c: In function ‘parse_otim_elemen’:
../otim/otim_parser.c:64:33: error: too few arguments to function ‘ciptakan_objek_peta’; expected 2, have 1
   64 |         EnkiObject* node_teks = ciptakan_objek_peta(0);
      |                                 ^~~~~~~~~~~~~~~~~~~
../otim/../core/enki_object.h:41:13: note: declared here
   41 | EnkiObject* ciptakan_objek_peta(int kapasitas, int mode_dinamis);
      |             ^~~~~~~~~~~~~~~~~~~
../otim/otim_parser.c:72:35: error: too few arguments to function ‘ciptakan_objek_peta’; expected 2, have 1
   72 |         EnkiObject* node_elemen = ciptakan_objek_peta(0);
      |                                   ^~~~~~~~~~~~~~~~~~~
../otim/../core/enki_object.h:41:13: note: declared here
   41 | EnkiObject* ciptakan_objek_peta(int kapasitas, int mode_dinamis);
      |             ^~~~~~~~~~~~~~~~~~~
../otim/otim_parser.c:73:71: error: expected ‘)’ before ‘{’ token
   73 |         o_simpan_ke_objek(node_elemen, "jenis", ciptakan_teks("tag", 1
      |                                                              ~        ^
      |                                                                       )
   74 |         {}));
      |         ~                                                              
../otim/otim_parser.c:78:92: error: expected expression before ‘)’ token
   78 |         if (t.atribut) o_simpan_ke_objek(node_elemen, "atribut", ciptakan_teks(t.atribut, !));
      |                                                                                            ^
../otim/otim_parser.c:80:34: error: too few arguments to function ‘ciptakan_array’; expected 2, have 1
   80 |         EnkiObject* array_anak = ciptakan_array(0);
      |                                  ^~~~~~~~~~~~~~
../otim/../core/enki_object.h:40:13: note: declared here
   40 | EnkiObject* ciptakan_array(int kapasitas, int mode_dinamis);
      |             ^~~~~~~~~~~~~~
../otim/otim_parser.c:104:66: error: too few arguments to function ‘ciptakan_teks’; expected 2, have 1
  104 |                     o_simpan_ke_objek(node_elemen, "teks_dalam", ciptakan_teks(anak_pertama->nilai.objek_peta.konten[j]->nilai.teks), 1);
      |                                                                  ^~~~~~~~~~~~~
../otim/../core/enki_object.h:39:13: note: declared here
   39 | EnkiObject* ciptakan_teks(const char* nilai, int mode_dinamis);
      |             ^~~~~~~~~~~~~
../otim/otim_parser.c:104:21: error: too many arguments to function ‘o_simpan_ke_objek’; expected 3, have 4
  104 |                     o_simpan_ke_objek(node_elemen, "teks_dalam", ciptakan_teks(anak_pertama->nilai.objek_peta.konten[j]->nilai.teks), 1);
      |                     ^~~~~~~~~~~~~~~~~                                                                                                 ~
../otim/otim_parser.c:27:13: note: declared here
   27 | static void o_simpan_ke_objek(EnkiObject* obj, const char* kunci, EnkiObject* nilai) {
      |             ^~~~~~~~~~~~~~~~~
make: *** [Makefile:35: build] Error 1
