gcc -Wall -Wextra -g main.c tui_renderer.c ../core_c/enki_os.c ../core_c/enki_lexer.c ../core_c/enki_parser.c ../core_c/enki_interpreter.c ../core_c/enki_scheduler.c ../core_c/enki_network.c ../core_c/enki_file_system.c ../core/enki_object.c ../core/array/ku.c ../core/array/ko.c ../core/array/panjang.c ../otim/otim_lexer.c ../otim/otim_parser.c ../snul/snul_lexer.c ../snul/snul_parser.c ../gui/gui_renderer.c ../core/enki_memory.c    -o ../../bin/unul -lm -lreadline -pthread -lcurl -lraylib
../core_c/enki_interpreter.c: In function ‘sihir_temukan_alamat_memori’:
../core_c/enki_interpreter.c:683:33: error: too few arguments to function ‘hancurkan_objek’; expected 2, have 1
  683 |                 if (obj_indeks) hancurkan_objek(obj_indeks);
      |                                 ^~~~~~~~~~~~~~~
In file included from ../core_c/enki_interpreter.h:6,
                 from ../core_c/enki_interpreter.c:15:
../core_c/../core/enki_object.h:47:6: note: declared here
   47 | void hancurkan_objek(EnkiObject* obj, int mode_dinamis);
      |      ^~~~~~~~~~~~~~~
../core_c/enki_interpreter.c:690:41: error: too few arguments to function ‘hancurkan_objek’; expected 2, have 1
  690 |                         if (obj_indeks) hancurkan_objek(obj_indeks);
      |                                         ^~~~~~~~~~~~~~~
../core_c/../core/enki_object.h:47:6: note: declared here
   47 | void hancurkan_objek(EnkiObject* obj, int mode_dinamis);
      |      ^~~~~~~~~~~~~~~
../core_c/enki_interpreter.c:694:33: error: too few arguments to function ‘hancurkan_objek’; expected 2, have 1
  694 |                 if (obj_indeks) hancurkan_objek(obj_indeks);
      |                                 ^~~~~~~~~~~~~~~
../core_c/../core/enki_object.h:47:6: note: declared here
   47 | void hancurkan_objek(EnkiObject* obj, int mode_dinamis);
      |      ^~~~~~~~~~~~~~~
../core_c/enki_interpreter.c:696:33: error: too few arguments to function ‘hancurkan_objek’; expected 2, have 1
  696 |                 if (obj_indeks) hancurkan_objek(obj_indeks);
      |                                 ^~~~~~~~~~~~~~~
../core_c/../core/enki_object.h:47:6: note: declared here
   47 | void hancurkan_objek(EnkiObject* obj, int mode_dinamis);
      |      ^~~~~~~~~~~~~~~
../core_c/enki_interpreter.c: In function ‘evaluasi_ekspresi’:
../core_c/enki_interpreter.c:999:23: error: too few arguments to function ‘ciptakan_kosong’; expected 1, have 0
  999 |     if (!node) return ciptakan_kosong();
      |                       ^~~~~~~~~~~~~~~
../core_c/../core/enki_object.h:44:13: note: declared here
   44 | EnkiObject* ciptakan_kosong(int mode_dinamis);
      |             ^~~~~~~~~~~~~~~
../core_c/enki_interpreter.c:1014:34: error: too few arguments to function ‘ciptakan_kosong’; expected 1, have 0
 1014 |         if (!teks_mentah) return ciptakan_kosong();
      |                                  ^~~~~~~~~~~~~~~
../core_c/../core/enki_object.h:44:13: note: declared here
   44 | EnkiObject* ciptakan_kosong(int mode_dinamis);
      |             ^~~~~~~~~~~~~~~
../core_c/enki_interpreter.c:1019:20: error: too few arguments to function ‘ciptakan_angka’; expected 2, have 1
 1019 |             return ciptakan_angka(atof(teks_mentah)); // 🪄 Ubah string "2.0" jadi double 2.0
      |                    ^~~~~~~~~~~~~~
../core_c/../core/enki_object.h:38:13: note: declared here
   38 | EnkiObject* ciptakan_angka(double nilai, int mode_dinamis);
      |             ^~~~~~~~~~~~~~
../core_c/enki_interpreter.c:1035:34: error: too few arguments to function ‘ciptakan_teks’; expected 2, have 1
 1035 |         EnkiObject* hasil_teks = ciptakan_teks(teks_final);
      |                                  ^~~~~~~~~~~~~
../core_c/../core/enki_object.h:39:13: note: declared here
   39 | EnkiObject* ciptakan_teks(const char* nilai, int mode_dinamis);
      |             ^~~~~~~~~~~~~
../core_c/enki_interpreter.c:1060:39: error: too few arguments to function ‘ciptakan_teks’; expected 2, have 1
 1060 |         simpan_ke_ram(ram, nama_anon, ciptakan_teks("<fungsi_panah>"));
      |                                       ^~~~~~~~~~~~~
../core_c/../core/enki_object.h:39:13: note: declared here
   39 | EnkiObject* ciptakan_teks(const char* nilai, int mode_dinamis);
      |             ^~~~~~~~~~~~~
../core_c/enki_interpreter.c:1067:16: error: too few arguments to function ‘ciptakan_teks’; expected 2, have 1
 1067 |         return ciptakan_teks(nama_anon); // Kembalikan nama gaibnya ke pemanggil
      |                ^~~~~~~~~~~~~
../core_c/../core/enki_object.h:39:13: note: declared here
   39 | EnkiObject* ciptakan_teks(const char* nilai, int mode_dinamis);
      |             ^~~~~~~~~~~~~
../core_c/enki_interpreter.c:1121:20: error: too few arguments to function ‘ciptakan_kosong’; expected 1, have 0
 1121 |             return ciptakan_kosong();
      |                    ^~~~~~~~~~~~~~~
../core_c/../core/enki_object.h:44:13: note: declared here
   44 | EnkiObject* ciptakan_kosong(int mode_dinamis);
      |             ^~~~~~~~~~~~~~~
../core_c/enki_interpreter.c:1148:41: error: too few arguments to function ‘ciptakan_kosong’; expected 1, have 0
 1148 |                     EnkiObject* hasil = ciptakan_kosong();
      |                                         ^~~~~~~~~~~~~~~
../core_c/../core/enki_object.h:44:13: note: declared here
   44 | EnkiObject* ciptakan_kosong(int mode_dinamis);
      |             ^~~~~~~~~~~~~~~
../core_c/enki_interpreter.c:1149:56: error: too few arguments to function ‘ciptakan_angka’; expected 2, have 1
 1149 |                     if (v->tipe == ENKI_ANGKA) hasil = ciptakan_angka(v->nilai.angka);
      |                                                        ^~~~~~~~~~~~~~
../core_c/../core/enki_object.h:38:13: note: declared here
   38 | EnkiObject* ciptakan_angka(double nilai, int mode_dinamis);
      |             ^~~~~~~~~~~~~~
../core_c/enki_interpreter.c:1150:60: error: too few arguments to function ‘ciptakan_teks’; expected 2, have 1
 1150 |                     else if (v->tipe == ENKI_TEKS) hasil = ciptakan_teks(v->nilai.teks);
      |                                                            ^~~~~~~~~~~~~
../core_c/../core/enki_object.h:39:13: note: declared here
   39 | EnkiObject* ciptakan_teks(const char* nilai, int mode_dinamis);
      |             ^~~~~~~~~~~~~
../core_c/enki_interpreter.c:1151:86: error: too few arguments to function ‘ciptakan_salinan_objek’; expected 2, have 1
 1151 |                     else if (v->tipe == ENKI_OBJEK || v->tipe == ENKI_ARRAY) hasil = ciptakan_salinan_objek(v);
      |                                                                                      ^~~~~~~~~~~~~~~~~~~~~~
../core_c/../core/enki_object.h:43:13: note: declared here
   43 | EnkiObject* ciptakan_salinan_objek(EnkiObject* sumber, int mode_dinamis);
      |             ^~~~~~~~~~~~~~~~~~~~~~
../core_c/enki_interpreter.c:1153:21: error: too few arguments to function ‘hancurkan_objek’; expected 2, have 1
 1153 |                     hancurkan_objek(induk);
      |                     ^~~~~~~~~~~~~~~
../core_c/../core/enki_object.h:47:6: note: declared here
   47 | void hancurkan_objek(EnkiObject* obj, int mode_dinamis);
      |      ^~~~~~~~~~~~~~~
../core_c/enki_interpreter.c:1160:20: error: too few arguments to function ‘hancurkan_objek’; expected 2, have 1
 1160 |         if (induk) hancurkan_objek(induk);
      |                    ^~~~~~~~~~~~~~~
../core_c/../core/enki_object.h:47:6: note: declared here
   47 | void hancurkan_objek(EnkiObject* obj, int mode_dinamis);
      |      ^~~~~~~~~~~~~~~
../core_c/enki_interpreter.c:1173:16: error: too few arguments to function ‘ciptakan_kosong’; expected 1, have 0
 1173 |         return ciptakan_kosong();
      |                ^~~~~~~~~~~~~~~
../core_c/../core/enki_object.h:44:13: note: declared here
   44 | EnkiObject* ciptakan_kosong(int mode_dinamis);
      |             ^~~~~~~~~~~~~~~
../core_c/enki_interpreter.c:1195:24: error: too few arguments to function ‘ciptakan_kosong’; expected 1, have 0
 1195 |                 return ciptakan_kosong();
      |                        ^~~~~~~~~~~~~~~
../core_c/../core/enki_object.h:44:13: note: declared here
   44 | EnkiObject* ciptakan_kosong(int mode_dinamis);
      |             ^~~~~~~~~~~~~~~
../core_c/enki_interpreter.c:1207:37: error: too few arguments to function ‘hancurkan_objek’; expected 2, have 1
 1207 |                 if (*alamat_target) hancurkan_objek(*alamat_target);
      |                                     ^~~~~~~~~~~~~~~
../core_c/../core/enki_object.h:47:6: note: declared here
   47 | void hancurkan_objek(EnkiObject* obj, int mode_dinamis);
      |      ^~~~~~~~~~~~~~~
../core_c/enki_interpreter.c:1215:32: error: too few arguments to function ‘ciptakan_kosong’; expected 1, have 0
 1215 |                         return ciptakan_kosong();
      |                                ^~~~~~~~~~~~~~~
../core_c/../core/enki_object.h:44:13: note: declared here
   44 | EnkiObject* ciptakan_kosong(int mode_dinamis);
      |             ^~~~~~~~~~~~~~~
../core_c/enki_interpreter.c:1217:48: error: too few arguments to function ‘hancurkan_objek’; expected 2, have 1
 1217 |                     if (target_kavling->objek) hancurkan_objek(target_kavling->objek);
      |                                                ^~~~~~~~~~~~~~~
../core_c/../core/enki_object.h:47:6: note: declared here
   47 | void hancurkan_objek(EnkiObject* obj, int mode_dinamis);
      |      ^~~~~~~~~~~~~~~
../core_c/enki_interpreter.c:1224:43: error: too few arguments to function ‘hancurkan_objek’; expected 2, have 1
 1224 |                     if (hasil_masa_depan) hancurkan_objek(hasil_masa_depan);
      |                                           ^~~~~~~~~~~~~~~
../core_c/../core/enki_object.h:47:6: note: declared here
   47 | void hancurkan_objek(EnkiObject* obj, int mode_dinamis);
      |      ^~~~~~~~~~~~~~~
../core_c/enki_interpreter.c:1227:20: error: too few arguments to function ‘ciptakan_kosong’; expected 1, have 0
 1227 |             return ciptakan_kosong();
      |                    ^~~~~~~~~~~~~~~
../core_c/../core/enki_object.h:44:13: note: declared here
   44 | EnkiObject* ciptakan_kosong(int mode_dinamis);
      |             ^~~~~~~~~~~~~~~
../core_c/enki_interpreter.c:1259:35: error: too few arguments to function ‘hancurkan_objek’; expected 2, have 1
 1259 |                     if (obj_kiri) hancurkan_objek(obj_kiri);
      |                                   ^~~~~~~~~~~~~~~
../core_c/../core/enki_object.h:47:6: note: declared here
   47 | void hancurkan_objek(EnkiObject* obj, int mode_dinamis);
      |      ^~~~~~~~~~~~~~~
../core_c/enki_interpreter.c:1260:36: error: too few arguments to function ‘hancurkan_objek’; expected 2, have 1
 1260 |                     if (obj_kanan) hancurkan_objek(obj_kanan);
      |                                    ^~~~~~~~~~~~~~~
../core_c/../core/enki_object.h:47:6: note: declared here
   47 | void hancurkan_objek(EnkiObject* obj, int mode_dinamis);
      |      ^~~~~~~~~~~~~~~
../core_c/enki_interpreter.c:1261:28: error: too few arguments to function ‘ciptakan_teks’; expected 2, have 1
 1261 |                     return ciptakan_teks(gabungan);
      |                            ^~~~~~~~~~~~~
../core_c/../core/enki_object.h:39:13: note: declared here
   39 | EnkiObject* ciptakan_teks(const char* nilai, int mode_dinamis);
      |             ^~~~~~~~~~~~~
../core_c/enki_interpreter.c:1282:23: error: too few arguments to function ‘hancurkan_objek’; expected 2, have 1
 1282 |         if (obj_kiri) hancurkan_objek(obj_kiri);
      |                       ^~~~~~~~~~~~~~~
../core_c/../core/enki_object.h:47:6: note: declared here
   47 | void hancurkan_objek(EnkiObject* obj, int mode_dinamis);
      |      ^~~~~~~~~~~~~~~
../core_c/enki_interpreter.c:1283:24: error: too few arguments to function ‘hancurkan_objek’; expected 2, have 1
 1283 |         if (obj_kanan) hancurkan_objek(obj_kanan);
      |                        ^~~~~~~~~~~~~~~
../core_c/../core/enki_object.h:47:6: note: declared here
   47 | void hancurkan_objek(EnkiObject* obj, int mode_dinamis);
      |      ^~~~~~~~~~~~~~~
../core_c/enki_interpreter.c:1284:16: error: too few arguments to function ‘ciptakan_angka’; expected 2, have 1
 1284 |         return ciptakan_angka(hasil_akhir);
      |                ^~~~~~~~~~~~~~
../core_c/../core/enki_object.h:38:13: note: declared here
   38 | EnkiObject* ciptakan_angka(double nilai, int mode_dinamis);
      |             ^~~~~~~~~~~~~~
../core_c/enki_interpreter.c:1289:33: error: too few arguments to function ‘ciptakan_array’; expected 2, have 1
 1289 |         EnkiObject* obj_array = ciptakan_array(node->jumlah_anak);
      |                                 ^~~~~~~~~~~~~~
../core_c/../core/enki_object.h:40:13: note: declared here
   40 | EnkiObject* ciptakan_array(int kapasitas, int mode_dinamis);
      |             ^~~~~~~~~~~~~~
../core_c/enki_interpreter.c:1296:83: error: too few arguments to function ‘ciptakan_teks’; expected 2, have 1
 1296 |                 if (elemen->tipe == ENKI_TEKS) obj_array->nilai.array_elemen[i] = ciptakan_teks(elemen->nilai.teks);
      |                                                                                   ^~~~~~~~~~~~~
../core_c/../core/enki_object.h:39:13: note: declared here
   39 | EnkiObject* ciptakan_teks(const char* nilai, int mode_dinamis);
      |             ^~~~~~~~~~~~~
../core_c/enki_interpreter.c:1297:89: error: too few arguments to function ‘ciptakan_angka’; expected 2, have 1
 1297 |                 else if (elemen->tipe == ENKI_ANGKA) obj_array->nilai.array_elemen[i] = ciptakan_angka(elemen->nilai.angka);
      |                                                                                         ^~~~~~~~~~~~~~
../core_c/../core/enki_object.h:38:13: note: declared here
   38 | EnkiObject* ciptakan_angka(double nilai, int mode_dinamis);
      |             ^~~~~~~~~~~~~~
../core_c/enki_interpreter.c:1301:56: error: too few arguments to function ‘ciptakan_salinan_objek’; expected 2, have 1
 1301 |                     obj_array->nilai.array_elemen[i] = ciptakan_salinan_objek(elemen);
      |                                                        ^~~~~~~~~~~~~~~~~~~~~~
../core_c/../core/enki_object.h:43:13: note: declared here
   43 | EnkiObject* ciptakan_salinan_objek(EnkiObject* sumber, int mode_dinamis);
      |             ^~~~~~~~~~~~~~~~~~~~~~
../core_c/enki_interpreter.c:1303:57: error: too few arguments to function ‘ciptakan_kosong’; expected 1, have 0
 1303 |                 else obj_array->nilai.array_elemen[i] = ciptakan_kosong();
      |                                                         ^~~~~~~~~~~~~~~
../core_c/../core/enki_object.h:44:13: note: declared here
   44 | EnkiObject* ciptakan_kosong(int mode_dinamis);
      |             ^~~~~~~~~~~~~~~
../core_c/enki_interpreter.c:1305:17: error: too few arguments to function ‘hancurkan_objek’; expected 2, have 1
 1305 |                 hancurkan_objek(elemen);
      |                 ^~~~~~~~~~~~~~~
../core_c/../core/enki_object.h:47:6: note: declared here
   47 | void hancurkan_objek(EnkiObject* obj, int mode_dinamis);
      |      ^~~~~~~~~~~~~~~
../core_c/enki_interpreter.c:1307:52: error: too few arguments to function ‘ciptakan_kosong’; expected 1, have 0
 1307 |                 obj_array->nilai.array_elemen[i] = ciptakan_kosong();
      |                                                    ^~~~~~~~~~~~~~~
../core_c/../core/enki_object.h:44:13: note: declared here
   44 | EnkiObject* ciptakan_kosong(int mode_dinamis);
      |             ^~~~~~~~~~~~~~~
../core_c/enki_interpreter.c:1316:32: error: too few arguments to function ‘ciptakan_objek_peta’; expected 2, have 1
 1316 |         EnkiObject* obj_peta = ciptakan_objek_peta(jumlah_pasangan);
      |                                ^~~~~~~~~~~~~~~~~~~
../core_c/../core/enki_object.h:41:13: note: declared here
   41 | EnkiObject* ciptakan_objek_peta(int kapasitas, int mode_dinamis);
      |             ^~~~~~~~~~~~~~~~~~~
../core_c/enki_interpreter.c:1324:55: error: too few arguments to function ‘ciptakan_teks’; expected 2, have 1
 1324 |                 obj_peta->nilai.objek_peta.kunci[i] = ciptakan_teks(obj_kunci->nilai.teks);
      |                                                       ^~~~~~~~~~~~~
../core_c/../core/enki_object.h:39:13: note: declared here
   39 | EnkiObject* ciptakan_teks(const char* nilai, int mode_dinamis);
      |             ^~~~~~~~~~~~~
../core_c/enki_interpreter.c:1325:56: error: too few arguments to function ‘ciptakan_salinan_objek’; expected 2, have 1
 1325 |                 obj_peta->nilai.objek_peta.konten[i] = ciptakan_salinan_objek(obj_konten);
      |                                                        ^~~~~~~~~~~~~~~~~~~~~~
../core_c/../core/enki_object.h:43:13: note: declared here
   43 | EnkiObject* ciptakan_salinan_objek(EnkiObject* sumber, int mode_dinamis);
      |             ^~~~~~~~~~~~~~~~~~~~~~
../core_c/enki_interpreter.c:1328:28: error: too few arguments to function ‘hancurkan_objek’; expected 2, have 1
 1328 |             if (obj_kunci) hancurkan_objek(obj_kunci);
      |                            ^~~~~~~~~~~~~~~
../core_c/../core/enki_object.h:47:6: note: declared here
   47 | void hancurkan_objek(EnkiObject* obj, int mode_dinamis);
      |      ^~~~~~~~~~~~~~~
../core_c/enki_interpreter.c:1329:29: error: too few arguments to function ‘hancurkan_objek’; expected 2, have 1
 1329 |             if (obj_konten) hancurkan_objek(obj_konten);
      |                             ^~~~~~~~~~~~~~~
../core_c/../core/enki_object.h:47:6: note: declared here
   47 | void hancurkan_objek(EnkiObject* obj, int mode_dinamis);
      |      ^~~~~~~~~~~~~~~
../core_c/enki_interpreter.c:1344:29: error: too few arguments to function ‘hancurkan_objek’; expected 2, have 1
 1344 |             if (obj_target) hancurkan_objek(obj_target);
      |                             ^~~~~~~~~~~~~~~
../core_c/../core/enki_object.h:47:6: note: declared here
   47 | void hancurkan_objek(EnkiObject* obj, int mode_dinamis);
      |      ^~~~~~~~~~~~~~~
../core_c/enki_interpreter.c:1345:20: error: too few arguments to function ‘ciptakan_kosong’; expected 1, have 0
 1345 |             return ciptakan_kosong();
      |                    ^~~~~~~~~~~~~~~
../core_c/../core/enki_object.h:44:13: note: declared here
   44 | EnkiObject* ciptakan_kosong(int mode_dinamis);
      |             ^~~~~~~~~~~~~~~
../core_c/enki_interpreter.c:1349:29: error: too few arguments to function ‘ciptakan_kosong’; expected 1, have 0
 1349 |         EnkiObject* hasil = ciptakan_kosong();
      |                             ^~~~~~~~~~~~~~~
../core_c/../core/enki_object.h:44:13: note: declared here
   44 | EnkiObject* ciptakan_kosong(int mode_dinamis);
      |             ^~~~~~~~~~~~~~~
../core_c/enki_interpreter.c:1380:61: error: too few arguments to function ‘ciptakan_angka’; expected 2, have 1
 1380 |                     if (elemen->tipe == ENKI_ANGKA) hasil = ciptakan_angka(elemen->nilai.angka);
      |                                                             ^~~~~~~~~~~~~~
../core_c/../core/enki_object.h:38:13: note: declared here
   38 | EnkiObject* ciptakan_angka(double nilai, int mode_dinamis);
      |             ^~~~~~~~~~~~~~
../core_c/enki_interpreter.c:1381:65: error: too few arguments to function ‘ciptakan_teks’; expected 2, have 1
 1381 |                     else if (elemen->tipe == ENKI_TEKS) hasil = ciptakan_teks(elemen->nilai.teks);
      |                                                                 ^~~~~~~~~~~~~
../core_c/../core/enki_object.h:39:13: note: declared here
   39 | EnkiObject* ciptakan_teks(const char* nilai, int mode_dinamis);
      |             ^~~~~~~~~~~~~
../core_c/enki_interpreter.c:1383:96: error: too few arguments to function ‘ciptakan_salinan_objek’; expected 2, have 1
 1383 |                     else if (elemen->tipe == ENKI_OBJEK || elemen->tipe == ENKI_ARRAY) hasil = ciptakan_salinan_objek(elemen);
      |                                                                                                ^~~~~~~~~~~~~~~~~~~~~~
../core_c/../core/enki_object.h:43:13: note: declared here
   43 | EnkiObject* ciptakan_salinan_objek(EnkiObject* sumber, int mode_dinamis);
      |             ^~~~~~~~~~~~~~~~~~~~~~
../core_c/enki_interpreter.c:1411:65: error: too few arguments to function ‘ciptakan_angka’; expected 2, have 1
 1411 |                         if (elemen->tipe == ENKI_ANGKA) hasil = ciptakan_angka(elemen->nilai.angka);
      |                                                                 ^~~~~~~~~~~~~~
../core_c/../core/enki_object.h:38:13: note: declared here
   38 | EnkiObject* ciptakan_angka(double nilai, int mode_dinamis);
      |             ^~~~~~~~~~~~~~
../core_c/enki_interpreter.c:1412:69: error: too few arguments to function ‘ciptakan_teks’; expected 2, have 1
 1412 |                         else if (elemen->tipe == ENKI_TEKS) hasil = ciptakan_teks(elemen->nilai.teks);
      |                                                                     ^~~~~~~~~~~~~
../core_c/../core/enki_object.h:39:13: note: declared here
   39 | EnkiObject* ciptakan_teks(const char* nilai, int mode_dinamis);
      |             ^~~~~~~~~~~~~
../core_c/enki_interpreter.c:1414:100: error: too few arguments to function ‘ciptakan_salinan_objek’; expected 2, have 1
 1414 |                         else if (elemen->tipe == ENKI_OBJEK || elemen->tipe == ENKI_ARRAY) hasil = ciptakan_salinan_objek(elemen);
      |                                                                                                    ^~~~~~~~~~~~~~~~~~~~~~
../core_c/../core/enki_object.h:43:13: note: declared here
   43 | EnkiObject* ciptakan_salinan_objek(EnkiObject* sumber, int mode_dinamis);
      |             ^~~~~~~~~~~~~~~~~~~~~~
../core_c/enki_interpreter.c:1434:25: error: too few arguments to function ‘hancurkan_objek’; expected 2, have 1
 1434 |         if (obj_target) hancurkan_objek(obj_target);
      |                         ^~~~~~~~~~~~~~~
../core_c/../core/enki_object.h:47:6: note: declared here
   47 | void hancurkan_objek(EnkiObject* obj, int mode_dinamis);
      |      ^~~~~~~~~~~~~~~
../core_c/enki_interpreter.c:1435:25: error: too few arguments to function ‘hancurkan_objek’; expected 2, have 1
 1435 |         if (obj_indeks) hancurkan_objek(obj_indeks);
      |                         ^~~~~~~~~~~~~~~
../core_c/../core/enki_object.h:47:6: note: declared here
   47 | void hancurkan_objek(EnkiObject* obj, int mode_dinamis);
      |      ^~~~~~~~~~~~~~~
../core_c/enki_interpreter.c:1448:20: error: too few arguments to function ‘ciptakan_kosong’; expected 1, have 0
 1448 |             return ciptakan_kosong(); // Mengembalikan ENKI_KOSONG
      |                    ^~~~~~~~~~~~~~~
../core_c/../core/enki_object.h:44:13: note: declared here
   44 | EnkiObject* ciptakan_kosong(int mode_dinamis);
      |             ^~~~~~~~~~~~~~~
../core_c/enki_interpreter.c:1462:32: error: too few arguments to function ‘hancurkan_objek’; expected 2, have 1
 1462 |                 if (obj_hasil) hancurkan_objek(obj_hasil);
      |                                ^~~~~~~~~~~~~~~
../core_c/../core/enki_object.h:47:6: note: declared here
   47 | void hancurkan_objek(EnkiObject* obj, int mode_dinamis);
      |      ^~~~~~~~~~~~~~~
../core_c/enki_interpreter.c:1466:20: error: too few arguments to function ‘ciptakan_kosong’; expected 1, have 0
 1466 |             return ciptakan_kosong();
      |                    ^~~~~~~~~~~~~~~
../core_c/../core/enki_object.h:44:13: note: declared here
   44 | EnkiObject* ciptakan_kosong(int mode_dinamis);
      |             ^~~~~~~~~~~~~~~
../core_c/enki_interpreter.c:1479:26: error: too few arguments to function ‘hancurkan_objek’; expected 2, have 1
 1479 |             if (str_min) hancurkan_objek(str_min);
      |                          ^~~~~~~~~~~~~~~
../core_c/../core/enki_object.h:47:6: note: declared here
   47 | void hancurkan_objek(EnkiObject* obj, int mode_dinamis);
      |      ^~~~~~~~~~~~~~~
../core_c/enki_interpreter.c:1480:26: error: too few arguments to function ‘hancurkan_objek’; expected 2, have 1
 1480 |             if (str_max) hancurkan_objek(str_max);
      |                          ^~~~~~~~~~~~~~~
../core_c/../core/enki_object.h:47:6: note: declared here
   47 | void hancurkan_objek(EnkiObject* obj, int mode_dinamis);
      |      ^~~~~~~~~~~~~~~
../core_c/enki_interpreter.c:1483:20: error: too few arguments to function ‘ciptakan_angka’; expected 2, have 1
 1483 |             return ciptakan_angka((double)hasil);
      |                    ^~~~~~~~~~~~~~
../core_c/../core/enki_object.h:38:13: note: declared here
   38 | EnkiObject* ciptakan_angka(double nilai, int mode_dinamis);
      |             ^~~~~~~~~~~~~~
../core_c/enki_interpreter.c:1491:22: error: too few arguments to function ‘hancurkan_objek’; expected 2, have 1
 1491 |             if (isi) hancurkan_objek(isi);
      |                      ^~~~~~~~~~~~~~~
../core_c/../core/enki_object.h:47:6: note: declared here
   47 | void hancurkan_objek(EnkiObject* obj, int mode_dinamis);
      |      ^~~~~~~~~~~~~~~
../core_c/enki_interpreter.c:1492:20: error: too few arguments to function ‘ciptakan_angka’; expected 2, have 1
 1492 |             return ciptakan_angka((double)panjang_karakter);
      |                    ^~~~~~~~~~~~~~
../core_c/../core/enki_object.h:38:13: note: declared here
   38 | EnkiObject* ciptakan_angka(double nilai, int mode_dinamis);
      |             ^~~~~~~~~~~~~~
../core_c/enki_interpreter.c:1509:20: error: too few arguments to function ‘ciptakan_teks’; expected 2, have 1
 1509 |             return ciptakan_teks(buffer);
      |                    ^~~~~~~~~~~~~
../core_c/../core/enki_object.h:39:13: note: declared here
   39 | EnkiObject* ciptakan_teks(const char* nilai, int mode_dinamis);
      |             ^~~~~~~~~~~~~
../core_c/enki_interpreter.c:1520:24: error: too few arguments to function ‘ciptakan_kosong’; expected 1, have 0
 1520 |                 return ciptakan_kosong();
      |                        ^~~~~~~~~~~~~~~
../core_c/../core/enki_object.h:44:13: note: declared here
   44 | EnkiObject* ciptakan_kosong(int mode_dinamis);
      |             ^~~~~~~~~~~~~~~
../core_c/enki_interpreter.c:1525:37: error: too few arguments to function ‘ciptakan_kosong’; expected 1, have 0
 1525 |                 EnkiObject* hasil = ciptakan_kosong();
      |                                     ^~~~~~~~~~~~~~~
../core_c/../core/enki_object.h:44:13: note: declared here
   44 | EnkiObject* ciptakan_kosong(int mode_dinamis);
      |             ^~~~~~~~~~~~~~~
../core_c/enki_interpreter.c:1529:29: error: too few arguments to function ‘hancurkan_objek’; expected 2, have 1
 1529 |                             hancurkan_objek(hasil);
      |                             ^~~~~~~~~~~~~~~
../core_c/../core/enki_object.h:47:6: note: declared here
   47 | void hancurkan_objek(EnkiObject* obj, int mode_dinamis);
      |      ^~~~~~~~~~~~~~~
../core_c/enki_interpreter.c:1530:37: error: too few arguments to function ‘ciptakan_salinan_objek’; expected 2, have 1
 1530 |                             hasil = ciptakan_salinan_objek(target->nilai.objek_peta.konten[i]);
      |                                     ^~~~~~~~~~~~~~~~~~~~~~
../core_c/../core/enki_object.h:43:13: note: declared here
   43 | EnkiObject* ciptakan_salinan_objek(EnkiObject* sumber, int mode_dinamis);
      |             ^~~~~~~~~~~~~~~~~~~~~~
../core_c/enki_interpreter.c:1535:29: error: too few arguments to function ‘hancurkan_objek’; expected 2, have 1
 1535 |                 if (target) hancurkan_objek(target);
      |                             ^~~~~~~~~~~~~~~
../core_c/../core/enki_object.h:47:6: note: declared here
   47 | void hancurkan_objek(EnkiObject* obj, int mode_dinamis);
      |      ^~~~~~~~~~~~~~~
../core_c/enki_interpreter.c:1536:28: error: too few arguments to function ‘hancurkan_objek’; expected 2, have 1
 1536 |                 if (kunci) hancurkan_objek(kunci);
      |                            ^~~~~~~~~~~~~~~
../core_c/../core/enki_object.h:47:6: note: declared here
   47 | void hancurkan_objek(EnkiObject* obj, int mode_dinamis);
      |      ^~~~~~~~~~~~~~~
../core_c/enki_interpreter.c:1542:35: error: too few arguments to function ‘ciptakan_array’; expected 2, have 1
 1542 |                 EnkiObject* arr = ciptakan_array(mini->jumlah);
      |                                   ^~~~~~~~~~~~~~
../core_c/../core/enki_object.h:40:13: note: declared here
   40 | EnkiObject* ciptakan_array(int kapasitas, int mode_dinamis);
      |             ^~~~~~~~~~~~~~
../core_c/enki_interpreter.c:1545:50: error: too few arguments to function ‘ciptakan_salinan_objek’; expected 2, have 1
 1545 |                     arr->nilai.array_elemen[i] = ciptakan_salinan_objek(mini->kavling[i].objek);
      |                                                  ^~~~~~~~~~~~~~~~~~~~~~
../core_c/../core/enki_object.h:43:13: note: declared here
   43 | EnkiObject* ciptakan_salinan_objek(EnkiObject* sumber, int mode_dinamis);
      |             ^~~~~~~~~~~~~~~~~~~~~~
../core_c/enki_interpreter.c:1551:25: error: too few arguments to function ‘hancurkan_objek’; expected 2, have 1
 1551 |             if (target) hancurkan_objek(target);
      |                         ^~~~~~~~~~~~~~~
../core_c/../core/enki_object.h:47:6: note: declared here
   47 | void hancurkan_objek(EnkiObject* obj, int mode_dinamis);
      |      ^~~~~~~~~~~~~~~
../core_c/enki_interpreter.c:1559:24: error: too few arguments to function ‘ciptakan_kosong’; expected 1, have 0
 1559 |                 return ciptakan_kosong();
      |                        ^~~~~~~~~~~~~~~
../core_c/../core/enki_object.h:44:13: note: declared here
   44 | EnkiObject* ciptakan_kosong(int mode_dinamis);
      |             ^~~~~~~~~~~~~~~
../core_c/enki_interpreter.c:1573:29: error: too few arguments to function ‘hancurkan_objek’; expected 2, have 1
 1573 |                 if (target) hancurkan_objek(target);
      |                             ^~~~~~~~~~~~~~~
../core_c/../core/enki_object.h:47:6: note: declared here
   47 | void hancurkan_objek(EnkiObject* obj, int mode_dinamis);
      |      ^~~~~~~~~~~~~~~
../core_c/enki_interpreter.c:1574:28: error: too few arguments to function ‘hancurkan_objek’; expected 2, have 1
 1574 |                 if (kunci) hancurkan_objek(kunci);
      |                            ^~~~~~~~~~~~~~~
../core_c/../core/enki_object.h:47:6: note: declared here
   47 | void hancurkan_objek(EnkiObject* obj, int mode_dinamis);
      |      ^~~~~~~~~~~~~~~
../core_c/enki_interpreter.c:1575:24: error: too few arguments to function ‘ciptakan_angka’; expected 2, have 1
 1575 |                 return ciptakan_angka(ada);
      |                        ^~~~~~~~~~~~~~
../core_c/../core/enki_object.h:38:13: note: declared here
   38 | EnkiObject* ciptakan_angka(double nilai, int mode_dinamis);
      |             ^~~~~~~~~~~~~~
../core_c/enki_interpreter.c:1580:35: error: too few arguments to function ‘ciptakan_array’; expected 2, have 1
 1580 |                 EnkiObject* arr = ciptakan_array(mini->jumlah);
      |                                   ^~~~~~~~~~~~~~
../core_c/../core/enki_object.h:40:13: note: declared here
   40 | EnkiObject* ciptakan_array(int kapasitas, int mode_dinamis);
      |             ^~~~~~~~~~~~~~
../core_c/enki_interpreter.c:1583:50: error: too few arguments to function ‘ciptakan_teks’; expected 2, have 1
 1583 |                     arr->nilai.array_elemen[i] = ciptakan_teks(mini->kavling[i].nama);
      |                                                  ^~~~~~~~~~~~~
../core_c/../core/enki_object.h:39:13: note: declared here
   39 | EnkiObject* ciptakan_teks(const char* nilai, int mode_dinamis);
      |             ^~~~~~~~~~~~~
../core_c/enki_interpreter.c:1589:25: error: too few arguments to function ‘hancurkan_objek’; expected 2, have 1
 1589 |             if (target) hancurkan_objek(target);
      |                         ^~~~~~~~~~~~~~~
../core_c/../core/enki_object.h:47:6: note: declared here
   47 | void hancurkan_objek(EnkiObject* obj, int mode_dinamis);
      |      ^~~~~~~~~~~~~~~
../core_c/enki_interpreter.c:1598:24: error: too few arguments to function ‘ciptakan_kosong’; expected 1, have 0
 1598 |                 return ciptakan_kosong();
      |                        ^~~~~~~~~~~~~~~
../core_c/../core/enki_object.h:44:13: note: declared here
   44 | EnkiObject* ciptakan_kosong(int mode_dinamis);
      |             ^~~~~~~~~~~~~~~
../core_c/enki_interpreter.c:1612:17: error: too few arguments to function ‘hancurkan_objek’; expected 2, have 1
 1612 |                 hancurkan_objek(obj_teks);
      |                 ^~~~~~~~~~~~~~~
../core_c/../core/enki_object.h:47:6: note: declared here
   47 | void hancurkan_objek(EnkiObject* obj, int mode_dinamis);
      |      ^~~~~~~~~~~~~~~
../core_c/enki_interpreter.c:1613:37: error: too few arguments to function ‘ciptakan_teks’; expected 2, have 1
 1613 |                 EnkiObject* hasil = ciptakan_teks(teks);
      |                                     ^~~~~~~~~~~~~
../core_c/../core/enki_object.h:39:13: note: declared here
   39 | EnkiObject* ciptakan_teks(const char* nilai, int mode_dinamis);
      |             ^~~~~~~~~~~~~
../core_c/enki_interpreter.c:1617:27: error: too few arguments to function ‘hancurkan_objek’; expected 2, have 1
 1617 |             if (obj_teks) hancurkan_objek(obj_teks);
      |                           ^~~~~~~~~~~~~~~
../core_c/../core/enki_object.h:47:6: note: declared here
   47 | void hancurkan_objek(EnkiObject* obj, int mode_dinamis);
      |      ^~~~~~~~~~~~~~~
../core_c/enki_interpreter.c:1618:20: error: too few arguments to function ‘ciptakan_kosong’; expected 1, have 0
 1618 |             return ciptakan_kosong();
      |                    ^~~~~~~~~~~~~~~
../core_c/../core/enki_object.h:44:13: note: declared here
   44 | EnkiObject* ciptakan_kosong(int mode_dinamis);
      |             ^~~~~~~~~~~~~~~
../core_c/enki_interpreter.c:1627:24: error: too few arguments to function ‘ciptakan_kosong’; expected 1, have 0
 1627 |                 return ciptakan_kosong();
      |                        ^~~~~~~~~~~~~~~
../core_c/../core/enki_object.h:44:13: note: declared here
   44 | EnkiObject* ciptakan_kosong(int mode_dinamis);
      |             ^~~~~~~~~~~~~~~
../core_c/enki_interpreter.c:1640:37: error: too few arguments to function ‘ciptakan_teks’; expected 2, have 1
 1640 |                 EnkiObject* hasil = ciptakan_teks(teks_terbalik);
      |                                     ^~~~~~~~~~~~~
../core_c/../core/enki_object.h:39:13: note: declared here
   39 | EnkiObject* ciptakan_teks(const char* nilai, int mode_dinamis);
      |             ^~~~~~~~~~~~~
../core_c/enki_interpreter.c:1642:17: error: too few arguments to function ‘hancurkan_objek’; expected 2, have 1
 1642 |                 hancurkan_objek(obj_arg);
      |                 ^~~~~~~~~~~~~~~
../core_c/../core/enki_object.h:47:6: note: declared here
   47 | void hancurkan_objek(EnkiObject* obj, int mode_dinamis);
      |      ^~~~~~~~~~~~~~~
../core_c/enki_interpreter.c:1646:26: error: too few arguments to function ‘hancurkan_objek’; expected 2, have 1
 1646 |             if (obj_arg) hancurkan_objek(obj_arg);
      |                          ^~~~~~~~~~~~~~~
../core_c/../core/enki_object.h:47:6: note: declared here
   47 | void hancurkan_objek(EnkiObject* obj, int mode_dinamis);
      |      ^~~~~~~~~~~~~~~
../core_c/enki_interpreter.c:1647:20: error: too few arguments to function ‘ciptakan_kosong’; expected 1, have 0
 1647 |             return ciptakan_kosong();
      |                    ^~~~~~~~~~~~~~~
../core_c/../core/enki_object.h:44:13: note: declared here
   44 | EnkiObject* ciptakan_kosong(int mode_dinamis);
      |             ^~~~~~~~~~~~~~~
../core_c/enki_interpreter.c:1655:162: error: too few arguments to function ‘ciptakan_kosong’; expected 1, have 0
 1655 |             if (node->jumlah_anak < 1) { pemicu_kiamat_presisi(node, ram, "Fungsi ke_hex() butuh angka!", "Contoh: ke_hex(255) atau ke_hex(\"0b1111\")"); return ciptakan_kosong(); }
      |                                                                                                                                                                  ^~~~~~~~~~~~~~~
../core_c/../core/enki_object.h:44:13: note: declared here
   44 | EnkiObject* ciptakan_kosong(int mode_dinamis);
      |             ^~~~~~~~~~~~~~~
../core_c/enki_interpreter.c:1659:22: error: too few arguments to function ‘hancurkan_objek’; expected 2, have 1
 1659 |             if (arg) hancurkan_objek(arg);
      |                      ^~~~~~~~~~~~~~~
../core_c/../core/enki_object.h:47:6: note: declared here
   47 | void hancurkan_objek(EnkiObject* obj, int mode_dinamis);
      |      ^~~~~~~~~~~~~~~
../core_c/enki_interpreter.c:1662:20: error: too few arguments to function ‘ciptakan_teks’; expected 2, have 1
 1662 |             return ciptakan_teks(buffer);
      |                    ^~~~~~~~~~~~~
../core_c/../core/enki_object.h:39:13: note: declared here
   39 | EnkiObject* ciptakan_teks(const char* nilai, int mode_dinamis);
      |             ^~~~~~~~~~~~~
../core_c/enki_interpreter.c:1665:140: error: too few arguments to function ‘ciptakan_kosong’; expected 1, have 0
 1665 |             if (node->jumlah_anak < 1) { pemicu_kiamat_presisi(node, ram, "Fungsi ke_oktal() butuh angka!", "Contoh: ke_oktal(8)"); return ciptakan_kosong(); }
      |                                                                                                                                            ^~~~~~~~~~~~~~~
../core_c/../core/enki_object.h:44:13: note: declared here
   44 | EnkiObject* ciptakan_kosong(int mode_dinamis);
      |             ^~~~~~~~~~~~~~~
../core_c/enki_interpreter.c:1669:22: error: too few arguments to function ‘hancurkan_objek’; expected 2, have 1
 1669 |             if (arg) hancurkan_objek(arg);
      |                      ^~~~~~~~~~~~~~~
../core_c/../core/enki_object.h:47:6: note: declared here
   47 | void hancurkan_objek(EnkiObject* obj, int mode_dinamis);
      |      ^~~~~~~~~~~~~~~
../core_c/enki_interpreter.c:1672:20: error: too few arguments to function ‘ciptakan_teks’; expected 2, have 1
 1672 |             return ciptakan_teks(buffer);
      |                    ^~~~~~~~~~~~~
../core_c/../core/enki_object.h:39:13: note: declared here
   39 | EnkiObject* ciptakan_teks(const char* nilai, int mode_dinamis);
      |             ^~~~~~~~~~~~~
../core_c/enki_interpreter.c:1675:153: error: too few arguments to function ‘ciptakan_kosong’; expected 1, have 0
 1675 |             if (node->jumlah_anak < 1) { pemicu_kiamat_presisi(node, ram, "Fungsi ke_desimal() butuh argumen!", "Contoh: ke_desimal(\"0xFF\")"); return ciptakan_kosong(); }
      |                                                                                                                                                         ^~~~~~~~~~~~~~~
../core_c/../core/enki_object.h:44:13: note: declared here
   44 | EnkiObject* ciptakan_kosong(int mode_dinamis);
      |             ^~~~~~~~~~~~~~~
../core_c/enki_interpreter.c:1679:22: error: too few arguments to function ‘hancurkan_objek’; expected 2, have 1
 1679 |             if (arg) hancurkan_objek(arg);
      |                      ^~~~~~~~~~~~~~~
../core_c/../core/enki_object.h:47:6: note: declared here
   47 | void hancurkan_objek(EnkiObject* obj, int mode_dinamis);
      |      ^~~~~~~~~~~~~~~
../core_c/enki_interpreter.c:1681:20: error: too few arguments to function ‘ciptakan_angka’; expected 2, have 1
 1681 |             return ciptakan_angka((double)angka); // 🟢 Langsung jadi angka murni!
      |                    ^~~~~~~~~~~~~~
../core_c/../core/enki_object.h:38:13: note: declared here
   38 | EnkiObject* ciptakan_angka(double nilai, int mode_dinamis);
      |             ^~~~~~~~~~~~~~
../core_c/enki_interpreter.c:1684:141: error: too few arguments to function ‘ciptakan_kosong’; expected 1, have 0
 1684 |             if (node->jumlah_anak < 1) { pemicu_kiamat_presisi(node, ram, "Fungsi ke_biner() butuh angka!", "Contoh: ke_biner(10)"); return ciptakan_kosong(); }
      |                                                                                                                                             ^~~~~~~~~~~~~~~
../core_c/../core/enki_object.h:44:13: note: declared here
   44 | EnkiObject* ciptakan_kosong(int mode_dinamis);
      |             ^~~~~~~~~~~~~~~
../core_c/enki_interpreter.c:1688:22: error: too few arguments to function ‘hancurkan_objek’; expected 2, have 1
 1688 |             if (arg) hancurkan_objek(arg);
      |                      ^~~~~~~~~~~~~~~
../core_c/../core/enki_object.h:47:6: note: declared here
   47 | void hancurkan_objek(EnkiObject* obj, int mode_dinamis);
      |      ^~~~~~~~~~~~~~~
../core_c/enki_interpreter.c:1698:20: error: too few arguments to function ‘ciptakan_teks’; expected 2, have 1
 1698 |             return ciptakan_teks(buffer);
      |                    ^~~~~~~~~~~~~
../core_c/../core/enki_object.h:39:13: note: declared here
   39 | EnkiObject* ciptakan_teks(const char* nilai, int mode_dinamis);
      |             ^~~~~~~~~~~~~
../core_c/enki_interpreter.c:1703:143: error: too few arguments to function ‘ciptakan_kosong’; expected 1, have 0
 1703 |             if (node->jumlah_anak < 1) { pemicu_kiamat_presisi(node, ram, "Fungsi bulatkan() butuh angka!", "Contoh: bulatkan(3.14)"); return ciptakan_kosong(); }
      |                                                                                                                                               ^~~~~~~~~~~~~~~
../core_c/../core/enki_object.h:44:13: note: declared here
   44 | EnkiObject* ciptakan_kosong(int mode_dinamis);
      |             ^~~~~~~~~~~~~~~
../core_c/enki_interpreter.c:1706:22: error: too few arguments to function ‘hancurkan_objek’; expected 2, have 1
 1706 |             if (arg) hancurkan_objek(arg);
      |                      ^~~~~~~~~~~~~~~
../core_c/../core/enki_object.h:47:6: note: declared here
   47 | void hancurkan_objek(EnkiObject* obj, int mode_dinamis);
      |      ^~~~~~~~~~~~~~~
../core_c/enki_interpreter.c:1710:20: error: too few arguments to function ‘ciptakan_angka’; expected 2, have 1
 1710 |             return ciptakan_angka(round(angka));
      |                    ^~~~~~~~~~~~~~
../core_c/../core/enki_object.h:38:13: note: declared here
   38 | EnkiObject* ciptakan_angka(double nilai, int mode_dinamis);
      |             ^~~~~~~~~~~~~~
../core_c/enki_interpreter.c:1715:147: error: too few arguments to function ‘ciptakan_kosong’; expected 1, have 0
 1715 |             if (node->jumlah_anak < 1) { pemicu_kiamat_presisi(node, ram, "Fungsi ke_ascii() butuh karakter!", "Contoh: ke_ascii(\"A\")"); return ciptakan_kosong(); }
      |                                                                                                                                                   ^~~~~~~~~~~~~~~
../core_c/../core/enki_object.h:44:13: note: declared here
   44 | EnkiObject* ciptakan_kosong(int mode_dinamis);
      |             ^~~~~~~~~~~~~~~
../core_c/enki_interpreter.c:1721:22: error: too few arguments to function ‘hancurkan_objek’; expected 2, have 1
 1721 |             if (arg) hancurkan_objek(arg);
      |                      ^~~~~~~~~~~~~~~
../core_c/../core/enki_object.h:47:6: note: declared here
   47 | void hancurkan_objek(EnkiObject* obj, int mode_dinamis);
      |      ^~~~~~~~~~~~~~~
../core_c/enki_interpreter.c:1722:20: error: too few arguments to function ‘ciptakan_angka’; expected 2, have 1
 1722 |             return ciptakan_angka(nilai_ascii);
      |                    ^~~~~~~~~~~~~~
../core_c/../core/enki_object.h:38:13: note: declared here
   38 | EnkiObject* ciptakan_angka(double nilai, int mode_dinamis);
      |             ^~~~~~~~~~~~~~
../core_c/enki_interpreter.c:1725:170: error: too few arguments to function ‘ciptakan_kosong’; expected 1, have 0
 1725 |             if (node->jumlah_anak < 1) { pemicu_kiamat_presisi(node, ram, "Fungsi dari_ascii() butuh kode!", "Contoh: dari_ascii(65) atau dari_ascii(\"0x41\")"); return ciptakan_kosong(); }
      |                                                                                                                                                                          ^~~~~~~~~~~~~~~
../core_c/../core/enki_object.h:44:13: note: declared here
   44 | EnkiObject* ciptakan_kosong(int mode_dinamis);
      |             ^~~~~~~~~~~~~~~
../core_c/enki_interpreter.c:1728:22: error: too few arguments to function ‘hancurkan_objek’; expected 2, have 1
 1728 |             if (arg) hancurkan_objek(arg);
      |                      ^~~~~~~~~~~~~~~
../core_c/../core/enki_object.h:47:6: note: declared here
   47 | void hancurkan_objek(EnkiObject* obj, int mode_dinamis);
      |      ^~~~~~~~~~~~~~~
../core_c/enki_interpreter.c:1731:20: error: too few arguments to function ‘ciptakan_teks’; expected 2, have 1
 1731 |             return ciptakan_teks(buffer);
      |                    ^~~~~~~~~~~~~
../core_c/../core/enki_object.h:39:13: note: declared here
   39 | EnkiObject* ciptakan_teks(const char* nilai, int mode_dinamis);
      |             ^~~~~~~~~~~~~
../core_c/enki_interpreter.c:1739:24: error: too few arguments to function ‘ciptakan_angka’; expected 2, have 1
 1739 |                 return ciptakan_angka(0);
      |                        ^~~~~~~~~~~~~~
../core_c/../core/enki_object.h:38:13: note: declared here
   38 | EnkiObject* ciptakan_angka(double nilai, int mode_dinamis);
      |             ^~~~~~~~~~~~~~
../core_c/enki_interpreter.c:1768:27: error: too few arguments to function ‘hancurkan_objek’; expected 2, have 1
 1768 |             if (obj_teks) hancurkan_objek(obj_teks);
      |                           ^~~~~~~~~~~~~~~
../core_c/../core/enki_object.h:47:6: note: declared here
   47 | void hancurkan_objek(EnkiObject* obj, int mode_dinamis);
      |      ^~~~~~~~~~~~~~~
../core_c/enki_interpreter.c:1769:27: error: too few arguments to function ‘hancurkan_objek’; expected 2, have 1
 1769 |             if (obj_pola) hancurkan_objek(obj_pola);
      |                           ^~~~~~~~~~~~~~~
../core_c/../core/enki_object.h:47:6: note: declared here
   47 | void hancurkan_objek(EnkiObject* obj, int mode_dinamis);
      |      ^~~~~~~~~~~~~~~
../core_c/enki_interpreter.c:1770:20: error: too few arguments to function ‘ciptakan_angka’; expected 2, have 1
 1770 |             return ciptakan_angka((double)hasil_akhir);
      |                    ^~~~~~~~~~~~~~
../core_c/../core/enki_object.h:38:13: note: declared here
   38 | EnkiObject* ciptakan_angka(double nilai, int mode_dinamis);
      |             ^~~~~~~~~~~~~~
../core_c/enki_interpreter.c:1793:27: error: too few arguments to function ‘hancurkan_objek’; expected 2, have 1
 1793 |             if (obj_kode) hancurkan_objek(obj_kode);
      |                           ^~~~~~~~~~~~~~~
../core_c/../core/enki_object.h:47:6: note: declared here
   47 | void hancurkan_objek(EnkiObject* obj, int mode_dinamis);
      |      ^~~~~~~~~~~~~~~
../core_c/enki_interpreter.c:1804:24: error: too few arguments to function ‘ciptakan_kosong’; expected 1, have 0
 1804 |                 return ciptakan_kosong();
      |                        ^~~~~~~~~~~~~~~
../core_c/../core/enki_object.h:44:13: note: declared here
   44 | EnkiObject* ciptakan_kosong(int mode_dinamis);
      |             ^~~~~~~~~~~~~~~
../core_c/enki_interpreter.c:1808:33: error: too few arguments to function ‘ciptakan_teks’; expected 2, have 1
 1808 |             EnkiObject* hasil = ciptakan_teks(input);
      |                                 ^~~~~~~~~~~~~
../core_c/../core/enki_object.h:39:13: note: declared here
   39 | EnkiObject* ciptakan_teks(const char* nilai, int mode_dinamis);
      |             ^~~~~~~~~~~~~
../core_c/enki_interpreter.c:1820:24: error: too few arguments to function ‘ciptakan_kosong’; expected 1, have 0
 1820 |                 return ciptakan_kosong();
      |                        ^~~~~~~~~~~~~~~
../core_c/../core/enki_object.h:44:13: note: declared here
   44 | EnkiObject* ciptakan_kosong(int mode_dinamis);
      |             ^~~~~~~~~~~~~~~
../core_c/enki_interpreter.c:1827:28: error: too few arguments to function ‘hancurkan_objek’; expected 2, have 1
 1827 |             if (obj_pesan) hancurkan_objek(obj_pesan);
      |                            ^~~~~~~~~~~~~~~
../core_c/../core/enki_object.h:47:6: note: declared here
   47 | void hancurkan_objek(EnkiObject* obj, int mode_dinamis);
      |      ^~~~~~~~~~~~~~~
../core_c/enki_interpreter.c:1828:33: error: too few arguments to function ‘ciptakan_teks’; expected 2, have 1
 1828 |             EnkiObject* hasil = ciptakan_teks(input);
      |                                 ^~~~~~~~~~~~~
../core_c/../core/enki_object.h:39:13: note: declared here
   39 | EnkiObject* ciptakan_teks(const char* nilai, int mode_dinamis);
      |             ^~~~~~~~~~~~~
../core_c/enki_interpreter.c:1853:28: error: too few arguments to function ‘hancurkan_objek’; expected 2, have 1
 1853 |             if (obj_pesan) hancurkan_objek(obj_pesan);
      |                            ^~~~~~~~~~~~~~~
../core_c/../core/enki_object.h:47:6: note: declared here
   47 | void hancurkan_objek(EnkiObject* obj, int mode_dinamis);
      |      ^~~~~~~~~~~~~~~
../core_c/enki_interpreter.c:1854:33: error: too few arguments to function ‘ciptakan_teks’; expected 2, have 1
 1854 |             EnkiObject* hasil = ciptakan_teks(hasil_bisik);
      |                                 ^~~~~~~~~~~~~
../core_c/../core/enki_object.h:39:13: note: declared here
   39 | EnkiObject* ciptakan_teks(const char* nilai, int mode_dinamis);
      |             ^~~~~~~~~~~~~
../core_c/enki_interpreter.c:1863:47: error: too few arguments to function ‘ciptakan_kosong’; expected 1, have 0
 1863 |             if (node->jumlah_anak < 1) return ciptakan_kosong();
      |                                               ^~~~~~~~~~~~~~~
../core_c/../core/enki_object.h:44:13: note: declared here
   44 | EnkiObject* ciptakan_kosong(int mode_dinamis);
      |             ^~~~~~~~~~~~~~~
../core_c/enki_interpreter.c:1866:33: error: too few arguments to function ‘ciptakan_kosong’; expected 1, have 0
 1866 |             EnkiObject* hasil = ciptakan_kosong();
      |                                 ^~~~~~~~~~~~~~~
../core_c/../core/enki_object.h:44:13: note: declared here
   44 | EnkiObject* ciptakan_kosong(int mode_dinamis);
      |             ^~~~~~~~~~~~~~~
../core_c/enki_interpreter.c:1881:33: error: too few arguments to function ‘ciptakan_salinan_objek’; expected 2, have 1
 1881 |                         hasil = ciptakan_salinan_objek(ram->kavling[i].objek);
      |                                 ^~~~~~~~~~~~~~~~~~~~~~
../core_c/../core/enki_object.h:43:13: note: declared here
   43 | EnkiObject* ciptakan_salinan_objek(EnkiObject* sumber, int mode_dinamis);
      |             ^~~~~~~~~~~~~~~~~~~~~~
../core_c/enki_interpreter.c:1894:28: error: too few arguments to function ‘hancurkan_objek’; expected 2, have 1
 1894 |             if (obj_kunci) hancurkan_objek(obj_kunci);
      |                            ^~~~~~~~~~~~~~~
../core_c/../core/enki_object.h:47:6: note: declared here
   47 | void hancurkan_objek(EnkiObject* obj, int mode_dinamis);
      |      ^~~~~~~~~~~~~~~
../core_c/enki_interpreter.c:1907:24: error: too few arguments to function ‘ciptakan_kosong’; expected 1, have 0
 1907 |                 return ciptakan_kosong();
      |                        ^~~~~~~~~~~~~~~
../core_c/../core/enki_object.h:44:13: note: declared here
   44 | EnkiObject* ciptakan_kosong(int mode_dinamis);
      |             ^~~~~~~~~~~~~~~
../core_c/enki_interpreter.c:1928:47: error: too few arguments to function ‘ciptakan_teks’; expected 2, have 1
 1928 |                     EnkiObject* hasil_akhir = ciptakan_teks(respon_mentah);
      |                                               ^~~~~~~~~~~~~
../core_c/../core/enki_object.h:39:13: note: declared here
   39 | EnkiObject* ciptakan_teks(const char* nilai, int mode_dinamis);
      |             ^~~~~~~~~~~~~
../core_c/enki_interpreter.c:1933:21: error: too few arguments to function ‘hancurkan_objek’; expected 2, have 1
 1933 |                     hancurkan_objek(obj_tautan);
      |                     ^~~~~~~~~~~~~~~
../core_c/../core/enki_object.h:47:6: note: declared here
   47 | void hancurkan_objek(EnkiObject* obj, int mode_dinamis);
      |      ^~~~~~~~~~~~~~~
../core_c/enki_interpreter.c:1944:29: error: too few arguments to function ‘hancurkan_objek’; expected 2, have 1
 1944 |             if (obj_tautan) hancurkan_objek(obj_tautan);
      |                             ^~~~~~~~~~~~~~~
../core_c/../core/enki_object.h:47:6: note: declared here
   47 | void hancurkan_objek(EnkiObject* obj, int mode_dinamis);
      |      ^~~~~~~~~~~~~~~
../core_c/enki_interpreter.c:1945:20: error: too few arguments to function ‘ciptakan_kosong’; expected 1, have 0
 1945 |             return ciptakan_kosong();
      |                    ^~~~~~~~~~~~~~~
../core_c/../core/enki_object.h:44:13: note: declared here
   44 | EnkiObject* ciptakan_kosong(int mode_dinamis);
      |             ^~~~~~~~~~~~~~~
../core_c/enki_interpreter.c:1954:24: error: too few arguments to function ‘ciptakan_kosong’; expected 1, have 0
 1954 |                 return ciptakan_kosong();
      |                        ^~~~~~~~~~~~~~~
../core_c/../core/enki_object.h:44:13: note: declared here
   44 | EnkiObject* ciptakan_kosong(int mode_dinamis);
      |             ^~~~~~~~~~~~~~~
../core_c/enki_interpreter.c:1977:51: error: too few arguments to function ‘ciptakan_teks’; expected 2, have 1
 1977 |                         EnkiObject* hasil_akhir = ciptakan_teks(respon_mentah);
      |                                                   ^~~~~~~~~~~~~
../core_c/../core/enki_object.h:39:13: note: declared here
   39 | EnkiObject* ciptakan_teks(const char* nilai, int mode_dinamis);
      |             ^~~~~~~~~~~~~
../core_c/enki_interpreter.c:1981:25: error: too few arguments to function ‘hancurkan_objek’; expected 2, have 1
 1981 |                         hancurkan_objek(obj_tautan);
      |                         ^~~~~~~~~~~~~~~
../core_c/../core/enki_object.h:47:6: note: declared here
   47 | void hancurkan_objek(EnkiObject* obj, int mode_dinamis);
      |      ^~~~~~~~~~~~~~~
../core_c/enki_interpreter.c:1982:25: error: too few arguments to function ‘hancurkan_objek’; expected 2, have 1
 1982 |                         hancurkan_objek(obj_data);
      |                         ^~~~~~~~~~~~~~~
../core_c/../core/enki_object.h:47:6: note: declared here
   47 | void hancurkan_objek(EnkiObject* obj, int mode_dinamis);
      |      ^~~~~~~~~~~~~~~
../core_c/enki_interpreter.c:1996:29: error: too few arguments to function ‘hancurkan_objek’; expected 2, have 1
 1996 |             if (obj_tautan) hancurkan_objek(obj_tautan);
      |                             ^~~~~~~~~~~~~~~
../core_c/../core/enki_object.h:47:6: note: declared here
   47 | void hancurkan_objek(EnkiObject* obj, int mode_dinamis);
      |      ^~~~~~~~~~~~~~~
../core_c/enki_interpreter.c:1997:27: error: too few arguments to function ‘hancurkan_objek’; expected 2, have 1
 1997 |             if (obj_data) hancurkan_objek(obj_data);
      |                           ^~~~~~~~~~~~~~~
../core_c/../core/enki_object.h:47:6: note: declared here
   47 | void hancurkan_objek(EnkiObject* obj, int mode_dinamis);
      |      ^~~~~~~~~~~~~~~
../core_c/enki_interpreter.c:1998:20: error: too few arguments to function ‘ciptakan_kosong’; expected 1, have 0
 1998 |             return ciptakan_kosong();
      |                    ^~~~~~~~~~~~~~~
../core_c/../core/enki_object.h:44:13: note: declared here
   44 | EnkiObject* ciptakan_kosong(int mode_dinamis);
      |             ^~~~~~~~~~~~~~~
../core_c/enki_interpreter.c:2005:47: error: too few arguments to function ‘ciptakan_kosong’; expected 1, have 0
 2005 |             if (node->jumlah_anak < 3) return ciptakan_kosong();
      |                                               ^~~~~~~~~~~~~~~
../core_c/../core/enki_object.h:44:13: note: declared here
   44 | EnkiObject* ciptakan_kosong(int mode_dinamis);
      |             ^~~~~~~~~~~~~~~
../core_c/enki_interpreter.c:2017:25: error: too few arguments to function ‘hancurkan_objek’; expected 2, have 1
 2017 |                         hancurkan_objek(obj_target->nilai.objek_peta.konten[i]);
      |                         ^~~~~~~~~~~~~~~
../core_c/../core/enki_object.h:47:6: note: declared here
   47 | void hancurkan_objek(EnkiObject* obj, int mode_dinamis);
      |      ^~~~~~~~~~~~~~~
../core_c/enki_interpreter.c:2018:66: error: too few arguments to function ‘ciptakan_salinan_objek’; expected 2, have 1
 2018 |                         obj_target->nilai.objek_peta.konten[i] = ciptakan_salinan_objek(elemen_baru);
      |                                                                  ^~~~~~~~~~~~~~~~~~~~~~
../core_c/../core/enki_object.h:43:13: note: declared here
   43 | EnkiObject* ciptakan_salinan_objek(EnkiObject* sumber, int mode_dinamis);
      |             ^~~~~~~~~~~~~~~~~~~~~~
../core_c/enki_interpreter.c:2026:79: error: too few arguments to function ‘ciptakan_salinan_objek’; expected 2, have 1
 2026 |                     obj_target->nilai.objek_peta.kunci[obj_target->panjang] = ciptakan_salinan_objek(obj_kunci);
      |                                                                               ^~~~~~~~~~~~~~~~~~~~~~
../core_c/../core/enki_object.h:43:13: note: declared here
   43 | EnkiObject* ciptakan_salinan_objek(EnkiObject* sumber, int mode_dinamis);
      |             ^~~~~~~~~~~~~~~~~~~~~~
../core_c/enki_interpreter.c:2027:80: error: too few arguments to function ‘ciptakan_salinan_objek’; expected 2, have 1
 2027 |                     obj_target->nilai.objek_peta.konten[obj_target->panjang] = ciptakan_salinan_objek(elemen_baru);
      |                                                                                ^~~~~~~~~~~~~~~~~~~~~~
../core_c/../core/enki_object.h:43:13: note: declared here
   43 | EnkiObject* ciptakan_salinan_objek(EnkiObject* sumber, int mode_dinamis);
      |             ^~~~~~~~~~~~~~~~~~~~~~
../core_c/enki_interpreter.c:2034:28: error: too few arguments to function ‘hancurkan_objek’; expected 2, have 1
 2034 |             if (obj_kunci) hancurkan_objek(obj_kunci);
      |                            ^~~~~~~~~~~~~~~
../core_c/../core/enki_object.h:47:6: note: declared here
   47 | void hancurkan_objek(EnkiObject* obj, int mode_dinamis);
      |      ^~~~~~~~~~~~~~~
../core_c/enki_interpreter.c:2035:30: error: too few arguments to function ‘hancurkan_objek’; expected 2, have 1
 2035 |             if (elemen_baru) hancurkan_objek(elemen_baru);
      |                              ^~~~~~~~~~~~~~~
../core_c/../core/enki_object.h:47:6: note: declared here
   47 | void hancurkan_objek(EnkiObject* obj, int mode_dinamis);
      |      ^~~~~~~~~~~~~~~
../core_c/enki_interpreter.c:2036:20: error: too few arguments to function ‘ciptakan_kosong’; expected 1, have 0
 2036 |             return ciptakan_kosong();
      |                    ^~~~~~~~~~~~~~~
../core_c/../core/enki_object.h:44:13: note: declared here
   44 | EnkiObject* ciptakan_kosong(int mode_dinamis);
      |             ^~~~~~~~~~~~~~~
../core_c/enki_interpreter.c:2043:150: error: too few arguments to function ‘ciptakan_kosong’; expected 1, have 0
 2043 |             if (ram->status_array_statis == 0) { pemicu_kiamat_presisi(node, ram, "Sihir Statis Tertidur!", "Gunakan 'untuk array.statis'."); return ciptakan_kosong(); }
      |                                                                                                                                                      ^~~~~~~~~~~~~~~
../core_c/../core/enki_object.h:44:13: note: declared here
   44 | EnkiObject* ciptakan_kosong(int mode_dinamis);
      |             ^~~~~~~~~~~~~~~
../core_c/enki_interpreter.c:2045:20: error: too few arguments to function ‘ciptakan_kosong’; expected 1, have 0
 2045 |             return ciptakan_kosong();
      |                    ^~~~~~~~~~~~~~~
../core_c/../core/enki_object.h:44:13: note: declared here
   44 | EnkiObject* ciptakan_kosong(int mode_dinamis);
      |             ^~~~~~~~~~~~~~~
../core_c/enki_interpreter.c:2058:24: error: too few arguments to function ‘ciptakan_kosong’; expected 1, have 0
 2058 |                 return ciptakan_kosong();
      |                        ^~~~~~~~~~~~~~~
../core_c/../core/enki_object.h:44:13: note: declared here
   44 | EnkiObject* ciptakan_kosong(int mode_dinamis);
      |             ^~~~~~~~~~~~~~~
../core_c/enki_interpreter.c:2074:27: error: too few arguments to function ‘hancurkan_objek’; expected 2, have 1
 2074 |             if (obj_kode) hancurkan_objek(obj_kode);
      |                           ^~~~~~~~~~~~~~~
../core_c/../core/enki_object.h:47:6: note: declared here
   47 | void hancurkan_objek(EnkiObject* obj, int mode_dinamis);
      |      ^~~~~~~~~~~~~~~
../core_c/enki_interpreter.c:2075:20: error: too few arguments to function ‘ciptakan_kosong’; expected 1, have 0
 2075 |             return ciptakan_kosong();
      |                    ^~~~~~~~~~~~~~~
../core_c/../core/enki_object.h:44:13: note: declared here
   44 | EnkiObject* ciptakan_kosong(int mode_dinamis);
      |             ^~~~~~~~~~~~~~~
../core_c/enki_interpreter.c:2085:24: error: too few arguments to function ‘ciptakan_kosong’; expected 1, have 0
 2085 |                 return ciptakan_kosong();
      |                        ^~~~~~~~~~~~~~~
../core_c/../core/enki_object.h:44:13: note: declared here
   44 | EnkiObject* ciptakan_kosong(int mode_dinamis);
      |             ^~~~~~~~~~~~~~~
../core_c/enki_interpreter.c:2091:37: error: too few arguments to function ‘ciptakan_teks’; expected 2, have 1
 2091 |                 EnkiObject* hasil = ciptakan_teks(output ? output : "");
      |                                     ^~~~~~~~~~~~~
../core_c/../core/enki_object.h:39:13: note: declared here
   39 | EnkiObject* ciptakan_teks(const char* nilai, int mode_dinamis);
      |             ^~~~~~~~~~~~~
../core_c/enki_interpreter.c:2093:17: error: too few arguments to function ‘hancurkan_objek’; expected 2, have 1
 2093 |                 hancurkan_objek(obj_arg);
      |                 ^~~~~~~~~~~~~~~
../core_c/../core/enki_object.h:47:6: note: declared here
   47 | void hancurkan_objek(EnkiObject* obj, int mode_dinamis);
      |      ^~~~~~~~~~~~~~~
../core_c/enki_interpreter.c:2096:26: error: too few arguments to function ‘hancurkan_objek’; expected 2, have 1
 2096 |             if (obj_arg) hancurkan_objek(obj_arg);
      |                          ^~~~~~~~~~~~~~~
../core_c/../core/enki_object.h:47:6: note: declared here
   47 | void hancurkan_objek(EnkiObject* obj, int mode_dinamis);
      |      ^~~~~~~~~~~~~~~
../core_c/enki_interpreter.c:2097:20: error: too few arguments to function ‘ciptakan_kosong’; expected 1, have 0
 2097 |             return ciptakan_kosong();
      |                    ^~~~~~~~~~~~~~~
../core_c/../core/enki_object.h:44:13: note: declared here
   44 | EnkiObject* ciptakan_kosong(int mode_dinamis);
      |             ^~~~~~~~~~~~~~~
../core_c/enki_interpreter.c:2108:24: error: too few arguments to function ‘ciptakan_kosong’; expected 1, have 0
 2108 |                 return ciptakan_kosong();
      |                        ^~~~~~~~~~~~~~~
../core_c/../core/enki_object.h:44:13: note: declared here
   44 | EnkiObject* ciptakan_kosong(int mode_dinamis);
      |             ^~~~~~~~~~~~~~~
../core_c/enki_interpreter.c:2117:45: error: too few arguments to function ‘ciptakan_teks’; expected 2, have 1
 2117 |                 EnkiObject* obj_kembalian = ciptakan_teks(hasil_hash);
      |                                             ^~~~~~~~~~~~~
../core_c/../core/enki_object.h:39:13: note: declared here
   39 | EnkiObject* ciptakan_teks(const char* nilai, int mode_dinamis);
      |             ^~~~~~~~~~~~~
../core_c/enki_interpreter.c:2119:17: error: too few arguments to function ‘hancurkan_objek’; expected 2, have 1
 2119 |                 hancurkan_objek(arg_teks);
      |                 ^~~~~~~~~~~~~~~
../core_c/../core/enki_object.h:47:6: note: declared here
   47 | void hancurkan_objek(EnkiObject* obj, int mode_dinamis);
      |      ^~~~~~~~~~~~~~~
../core_c/enki_interpreter.c:2124:27: error: too few arguments to function ‘hancurkan_objek’; expected 2, have 1
 2124 |             if (arg_teks) hancurkan_objek(arg_teks);
      |                           ^~~~~~~~~~~~~~~
../core_c/../core/enki_object.h:47:6: note: declared here
   47 | void hancurkan_objek(EnkiObject* obj, int mode_dinamis);
      |      ^~~~~~~~~~~~~~~
../core_c/enki_interpreter.c:2125:20: error: too few arguments to function ‘ciptakan_kosong’; expected 1, have 0
 2125 |             return ciptakan_kosong();
      |                    ^~~~~~~~~~~~~~~
../core_c/../core/enki_object.h:44:13: note: declared here
   44 | EnkiObject* ciptakan_kosong(int mode_dinamis);
      |             ^~~~~~~~~~~~~~~
../core_c/enki_interpreter.c:2134:24: error: too few arguments to function ‘ciptakan_kosong’; expected 1, have 0
 2134 |                 return ciptakan_kosong();
      |                        ^~~~~~~~~~~~~~~
../core_c/../core/enki_object.h:44:13: note: declared here
   44 | EnkiObject* ciptakan_kosong(int mode_dinamis);
      |             ^~~~~~~~~~~~~~~
../core_c/enki_interpreter.c:2141:37: error: too few arguments to function ‘ciptakan_kosong’; expected 1, have 0
 2141 |                 EnkiObject* hasil = ciptakan_kosong();
      |                                     ^~~~~~~~~~~~~~~
../core_c/../core/enki_object.h:44:13: note: declared here
   44 | EnkiObject* ciptakan_kosong(int mode_dinamis);
      |             ^~~~~~~~~~~~~~~
../core_c/enki_interpreter.c:2154:29: error: too few arguments to function ‘ciptakan_teks’; expected 2, have 1
 2154 |                     hasil = ciptakan_teks(b64_mentah);
      |                             ^~~~~~~~~~~~~
../core_c/../core/enki_object.h:39:13: note: declared here
   39 | EnkiObject* ciptakan_teks(const char* nilai, int mode_dinamis);
      |             ^~~~~~~~~~~~~
../core_c/enki_interpreter.c:2172:33: error: too few arguments to function ‘ciptakan_teks’; expected 2, have 1
 2172 |                         hasil = ciptakan_teks(teks_pulih);
      |                                 ^~~~~~~~~~~~~
../core_c/../core/enki_object.h:39:13: note: declared here
   39 | EnkiObject* ciptakan_teks(const char* nilai, int mode_dinamis);
      |             ^~~~~~~~~~~~~
../core_c/enki_interpreter.c:2177:17: error: too few arguments to function ‘hancurkan_objek’; expected 2, have 1
 2177 |                 hancurkan_objek(obj_teks); hancurkan_objek(obj_kunci);
      |                 ^~~~~~~~~~~~~~~
../core_c/../core/enki_object.h:47:6: note: declared here
   47 | void hancurkan_objek(EnkiObject* obj, int mode_dinamis);
      |      ^~~~~~~~~~~~~~~
../core_c/enki_interpreter.c:2177:44: error: too few arguments to function ‘hancurkan_objek’; expected 2, have 1
 2177 |                 hancurkan_objek(obj_teks); hancurkan_objek(obj_kunci);
      |                                            ^~~~~~~~~~~~~~~
../core_c/../core/enki_object.h:47:6: note: declared here
   47 | void hancurkan_objek(EnkiObject* obj, int mode_dinamis);
      |      ^~~~~~~~~~~~~~~
../core_c/enki_interpreter.c:2180:27: error: too few arguments to function ‘hancurkan_objek’; expected 2, have 1
 2180 |             if (obj_teks) hancurkan_objek(obj_teks);
      |                           ^~~~~~~~~~~~~~~
../core_c/../core/enki_object.h:47:6: note: declared here
   47 | void hancurkan_objek(EnkiObject* obj, int mode_dinamis);
      |      ^~~~~~~~~~~~~~~
../core_c/enki_interpreter.c:2181:28: error: too few arguments to function ‘hancurkan_objek’; expected 2, have 1
 2181 |             if (obj_kunci) hancurkan_objek(obj_kunci);
      |                            ^~~~~~~~~~~~~~~
../core_c/../core/enki_object.h:47:6: note: declared here
   47 | void hancurkan_objek(EnkiObject* obj, int mode_dinamis);
      |      ^~~~~~~~~~~~~~~
../core_c/enki_interpreter.c:2182:20: error: too few arguments to function ‘ciptakan_kosong’; expected 1, have 0
 2182 |             return ciptakan_kosong();
      |                    ^~~~~~~~~~~~~~~
../core_c/../core/enki_object.h:44:13: note: declared here
   44 | EnkiObject* ciptakan_kosong(int mode_dinamis);
      |             ^~~~~~~~~~~~~~~
../core_c/enki_interpreter.c:2194:24: error: too few arguments to function ‘ciptakan_kosong’; expected 1, have 0
 2194 |                 return ciptakan_kosong();
      |                        ^~~~~~~~~~~~~~~
../core_c/../core/enki_object.h:44:13: note: declared here
   44 | EnkiObject* ciptakan_kosong(int mode_dinamis);
      |             ^~~~~~~~~~~~~~~
../core_c/enki_interpreter.c:2237:13: error: too few arguments to function ‘hancurkan_objek’; expected 2, have 1
 2237 |             hancurkan_objek(obj_sumber); hancurkan_objek(obj_kunci); hancurkan_objek(obj_target);
      |             ^~~~~~~~~~~~~~~
../core_c/../core/enki_object.h:47:6: note: declared here
   47 | void hancurkan_objek(EnkiObject* obj, int mode_dinamis);
      |      ^~~~~~~~~~~~~~~
../core_c/enki_interpreter.c:2237:42: error: too few arguments to function ‘hancurkan_objek’; expected 2, have 1
 2237 |             hancurkan_objek(obj_sumber); hancurkan_objek(obj_kunci); hancurkan_objek(obj_target);
      |                                          ^~~~~~~~~~~~~~~
../core_c/../core/enki_object.h:47:6: note: declared here
   47 | void hancurkan_objek(EnkiObject* obj, int mode_dinamis);
      |      ^~~~~~~~~~~~~~~
../core_c/enki_interpreter.c:2237:70: error: too few arguments to function ‘hancurkan_objek’; expected 2, have 1
 2237 |             hancurkan_objek(obj_sumber); hancurkan_objek(obj_kunci); hancurkan_objek(obj_target);
      |                                                                      ^~~~~~~~~~~~~~~
../core_c/../core/enki_object.h:47:6: note: declared here
   47 | void hancurkan_objek(EnkiObject* obj, int mode_dinamis);
      |      ^~~~~~~~~~~~~~~
../core_c/enki_interpreter.c:2238:20: error: too few arguments to function ‘ciptakan_kosong’; expected 1, have 0
 2238 |             return ciptakan_kosong();
      |                    ^~~~~~~~~~~~~~~
../core_c/../core/enki_object.h:44:13: note: declared here
   44 | EnkiObject* ciptakan_kosong(int mode_dinamis);
      |             ^~~~~~~~~~~~~~~
../core_c/enki_interpreter.c:2248:24: error: too few arguments to function ‘ciptakan_kosong’; expected 1, have 0
 2248 |                 return ciptakan_kosong();
      |                        ^~~~~~~~~~~~~~~
../core_c/../core/enki_object.h:44:13: note: declared here
   44 | EnkiObject* ciptakan_kosong(int mode_dinamis);
      |             ^~~~~~~~~~~~~~~
../core_c/enki_interpreter.c:2255:39: error: too few arguments to function ‘ciptakan_kosong’; expected 1, have 0
 2255 |             EnkiObject* hasil_final = ciptakan_kosong();
      |                                       ^~~~~~~~~~~~~~~
../core_c/../core/enki_object.h:44:13: note: declared here
   44 | EnkiObject* ciptakan_kosong(int mode_dinamis);
      |             ^~~~~~~~~~~~~~~
../core_c/enki_interpreter.c:2277:35: error: too few arguments to function ‘ciptakan_teks’; expected 2, have 1
 2277 |                     hasil_final = ciptakan_teks(buffer_hasil);
      |                                   ^~~~~~~~~~~~~
../core_c/../core/enki_object.h:39:13: note: declared here
   39 | EnkiObject* ciptakan_teks(const char* nilai, int mode_dinamis);
      |             ^~~~~~~~~~~~~
../core_c/enki_interpreter.c:2279:35: error: too few arguments to function ‘ciptakan_salinan_objek’; expected 2, have 1
 2279 |                     hasil_final = ciptakan_salinan_objek(obj_sumber);
      |                                   ^~~~~~~~~~~~~~~~~~~~~~
../core_c/../core/enki_object.h:43:13: note: declared here
   43 | EnkiObject* ciptakan_salinan_objek(EnkiObject* sumber, int mode_dinamis);
      |             ^~~~~~~~~~~~~~~~~~~~~~
../core_c/enki_interpreter.c:2284:13: error: too few arguments to function ‘hancurkan_objek’; expected 2, have 1
 2284 |             hancurkan_objek(obj_sumber);
      |             ^~~~~~~~~~~~~~~
../core_c/../core/enki_object.h:47:6: note: declared here
   47 | void hancurkan_objek(EnkiObject* obj, int mode_dinamis);
      |      ^~~~~~~~~~~~~~~
../core_c/enki_interpreter.c:2285:13: error: too few arguments to function ‘hancurkan_objek’; expected 2, have 1
 2285 |             hancurkan_objek(obj_dicari);
      |             ^~~~~~~~~~~~~~~
../core_c/../core/enki_object.h:47:6: note: declared here
   47 | void hancurkan_objek(EnkiObject* obj, int mode_dinamis);
      |      ^~~~~~~~~~~~~~~
../core_c/enki_interpreter.c:2286:13: error: too few arguments to function ‘hancurkan_objek’; expected 2, have 1
 2286 |             hancurkan_objek(obj_ganti);
      |             ^~~~~~~~~~~~~~~
../core_c/../core/enki_object.h:47:6: note: declared here
   47 | void hancurkan_objek(EnkiObject* obj, int mode_dinamis);
      |      ^~~~~~~~~~~~~~~
../core_c/enki_interpreter.c:2297:24: error: too few arguments to function ‘ciptakan_kosong’; expected 1, have 0
 2297 |                 return ciptakan_kosong();
      |                        ^~~~~~~~~~~~~~~
../core_c/../core/enki_object.h:44:13: note: declared here
   44 | EnkiObject* ciptakan_kosong(int mode_dinamis);
      |             ^~~~~~~~~~~~~~~
../core_c/enki_interpreter.c:2314:39: error: too few arguments to function ‘ciptakan_array’; expected 2, have 1
 2314 |             EnkiObject* array_hasil = ciptakan_array(jumlah);
      |                                       ^~~~~~~~~~~~~~
../core_c/../core/enki_object.h:40:13: note: declared here
   40 | EnkiObject* ciptakan_array(int kapasitas, int mode_dinamis);
      |             ^~~~~~~~~~~~~~
../core_c/enki_interpreter.c:2320:58: error: too few arguments to function ‘ciptakan_teks’; expected 2, have 1
 2320 |                 array_hasil->nilai.array_elemen[idx++] = ciptakan_teks(token);
      |                                                          ^~~~~~~~~~~~~
../core_c/../core/enki_object.h:39:13: note: declared here
   39 | EnkiObject* ciptakan_teks(const char* nilai, int mode_dinamis);
      |             ^~~~~~~~~~~~~
../core_c/enki_interpreter.c:2325:27: error: too few arguments to function ‘hancurkan_objek’; expected 2, have 1
 2325 |             if (obj_teks) hancurkan_objek(obj_teks);
      |                           ^~~~~~~~~~~~~~~
../core_c/../core/enki_object.h:47:6: note: declared here
   47 | void hancurkan_objek(EnkiObject* obj, int mode_dinamis);
      |      ^~~~~~~~~~~~~~~
../core_c/enki_interpreter.c:2326:30: error: too few arguments to function ‘hancurkan_objek’; expected 2, have 1
 2326 |             if (obj_pemisah) hancurkan_objek(obj_pemisah);
      |                              ^~~~~~~~~~~~~~~
../core_c/../core/enki_object.h:47:6: note: declared here
   47 | void hancurkan_objek(EnkiObject* obj, int mode_dinamis);
      |      ^~~~~~~~~~~~~~~
../core_c/enki_interpreter.c:2336:24: error: too few arguments to function ‘ciptakan_kosong’; expected 1, have 0
 2336 |                 return ciptakan_kosong();
      |                        ^~~~~~~~~~~~~~~
../core_c/../core/enki_object.h:44:13: note: declared here
   44 | EnkiObject* ciptakan_kosong(int mode_dinamis);
      |             ^~~~~~~~~~~~~~~
../core_c/enki_interpreter.c:2342:33: error: too few arguments to function ‘ciptakan_kosong’; expected 1, have 0
 2342 |             EnkiObject* hasil = ciptakan_kosong();
      |                                 ^~~~~~~~~~~~~~~
../core_c/../core/enki_object.h:44:13: note: declared here
   44 | EnkiObject* ciptakan_kosong(int mode_dinamis);
      |             ^~~~~~~~~~~~~~~
../core_c/enki_interpreter.c:2349:60: error: too few arguments to function ‘ciptakan_teks’; expected 2, have 1
 2349 |                     if (elemen->tipe == ENKI_TEKS) hasil = ciptakan_teks(elemen->nilai.teks);
      |                                                            ^~~~~~~~~~~~~
../core_c/../core/enki_object.h:39:13: note: declared here
   39 | EnkiObject* ciptakan_teks(const char* nilai, int mode_dinamis);
      |             ^~~~~~~~~~~~~
../core_c/enki_interpreter.c:2350:66: error: too few arguments to function ‘ciptakan_angka’; expected 2, have 1
 2350 |                     else if (elemen->tipe == ENKI_ANGKA) hasil = ciptakan_angka(elemen->nilai.angka);
      |                                                                  ^~~~~~~~~~~~~~
../core_c/../core/enki_object.h:38:13: note: declared here
   38 | EnkiObject* ciptakan_angka(double nilai, int mode_dinamis);
      |             ^~~~~~~~~~~~~~
../core_c/enki_interpreter.c:2356:28: error: too few arguments to function ‘hancurkan_objek’; expected 2, have 1
 2356 |             if (obj_array) hancurkan_objek(obj_array);
      |                            ^~~~~~~~~~~~~~~
../core_c/../core/enki_object.h:47:6: note: declared here
   47 | void hancurkan_objek(EnkiObject* obj, int mode_dinamis);
      |      ^~~~~~~~~~~~~~~
../core_c/enki_interpreter.c:2357:28: error: too few arguments to function ‘hancurkan_objek’; expected 2, have 1
 2357 |             if (obj_index) hancurkan_objek(obj_index);
      |                            ^~~~~~~~~~~~~~~
../core_c/../core/enki_object.h:47:6: note: declared here
   47 | void hancurkan_objek(EnkiObject* obj, int mode_dinamis);
      |      ^~~~~~~~~~~~~~~
../core_c/enki_interpreter.c:2367:24: error: too few arguments to function ‘ciptakan_kosong’; expected 1, have 0
 2367 |                 return ciptakan_kosong();
      |                        ^~~~~~~~~~~~~~~
../core_c/../core/enki_object.h:44:13: note: declared here
   44 | EnkiObject* ciptakan_kosong(int mode_dinamis);
      |             ^~~~~~~~~~~~~~~
../core_c/enki_interpreter.c:2389:73: error: too few arguments to function ‘ciptakan_salinan_objek’; expected 2, have 1
 2389 |                     obj_array->nilai.array_elemen[obj_array->panjang] = ciptakan_salinan_objek(elemen_baru);
      |                                                                         ^~~~~~~~~~~~~~~~~~~~~~
../core_c/../core/enki_object.h:43:13: note: declared here
   43 | EnkiObject* ciptakan_salinan_objek(EnkiObject* sumber, int mode_dinamis);
      |             ^~~~~~~~~~~~~~~~~~~~~~
../core_c/enki_interpreter.c:2401:34: error: too few arguments to function ‘hancurkan_objek’; expected 2, have 1
 2401 |                 if (elemen_baru) hancurkan_objek(elemen_baru);
      |                                  ^~~~~~~~~~~~~~~
../core_c/../core/enki_object.h:47:6: note: declared here
   47 | void hancurkan_objek(EnkiObject* obj, int mode_dinamis);
      |      ^~~~~~~~~~~~~~~
../core_c/enki_interpreter.c:2405:20: error: too few arguments to function ‘ciptakan_kosong’; expected 1, have 0
 2405 |             return ciptakan_kosong();
      |                    ^~~~~~~~~~~~~~~
../core_c/../core/enki_object.h:44:13: note: declared here
   44 | EnkiObject* ciptakan_kosong(int mode_dinamis);
      |             ^~~~~~~~~~~~~~~
../core_c/enki_interpreter.c:2414:24: error: too few arguments to function ‘ciptakan_kosong’; expected 1, have 0
 2414 |                 return ciptakan_kosong();
      |                        ^~~~~~~~~~~~~~~
../core_c/../core/enki_object.h:44:13: note: declared here
   44 | EnkiObject* ciptakan_kosong(int mode_dinamis);
      |             ^~~~~~~~~~~~~~~
../core_c/enki_interpreter.c:2422:27: error: too few arguments to function ‘hancurkan_objek’; expected 2, have 1
 2422 |             if (obj_pola) hancurkan_objek(obj_pola);
      |                           ^~~~~~~~~~~~~~~
../core_c/../core/enki_object.h:47:6: note: declared here
   47 | void hancurkan_objek(EnkiObject* obj, int mode_dinamis);
      |      ^~~~~~~~~~~~~~~
../core_c/enki_interpreter.c:2425:33: error: too few arguments to function ‘ciptakan_teks’; expected 2, have 1
 2425 |             EnkiObject* hasil = ciptakan_teks(hasil_mentah);
      |                                 ^~~~~~~~~~~~~
../core_c/../core/enki_object.h:39:13: note: declared here
   39 | EnkiObject* ciptakan_teks(const char* nilai, int mode_dinamis);
      |             ^~~~~~~~~~~~~
../core_c/enki_interpreter.c:2435:24: error: too few arguments to function ‘ciptakan_kosong’; expected 1, have 0
 2435 |                 return ciptakan_kosong();
      |                        ^~~~~~~~~~~~~~~
../core_c/../core/enki_object.h:44:13: note: declared here
   44 | EnkiObject* ciptakan_kosong(int mode_dinamis);
      |             ^~~~~~~~~~~~~~~
../core_c/enki_interpreter.c:2443:27: error: too few arguments to function ‘hancurkan_objek’; expected 2, have 1
 2443 |             if (obj_path) hancurkan_objek(obj_path);
      |                           ^~~~~~~~~~~~~~~
../core_c/../core/enki_object.h:47:6: note: declared here
   47 | void hancurkan_objek(EnkiObject* obj, int mode_dinamis);
      |      ^~~~~~~~~~~~~~~
../core_c/enki_interpreter.c:2446:33: error: too few arguments to function ‘ciptakan_teks’; expected 2, have 1
 2446 |             EnkiObject* hasil = ciptakan_teks(hasil_mentah);
      |                                 ^~~~~~~~~~~~~
../core_c/../core/enki_object.h:39:13: note: declared here
   39 | EnkiObject* ciptakan_teks(const char* nilai, int mode_dinamis);
      |             ^~~~~~~~~~~~~
../core_c/enki_interpreter.c:2454:24: error: too few arguments to function ‘ciptakan_kosong’; expected 1, have 0
 2454 |                 return ciptakan_kosong();
      |                        ^~~~~~~~~~~~~~~
../core_c/../core/enki_object.h:44:13: note: declared here
   44 | EnkiObject* ciptakan_kosong(int mode_dinamis);
      |             ^~~~~~~~~~~~~~~
../core_c/enki_interpreter.c:2473:27: error: too few arguments to function ‘hancurkan_objek’; expected 2, have 1
 2473 |             if (obj_path) hancurkan_objek(obj_path);
      |                           ^~~~~~~~~~~~~~~
../core_c/../core/enki_object.h:47:6: note: declared here
   47 | void hancurkan_objek(EnkiObject* obj, int mode_dinamis);
      |      ^~~~~~~~~~~~~~~
../core_c/enki_interpreter.c:2474:29: error: too few arguments to function ‘hancurkan_objek’; expected 2, have 1
 2474 |             if (obj_konten) hancurkan_objek(obj_konten);
      |                             ^~~~~~~~~~~~~~~
../core_c/../core/enki_object.h:47:6: note: declared here
   47 | void hancurkan_objek(EnkiObject* obj, int mode_dinamis);
      |      ^~~~~~~~~~~~~~~
../core_c/enki_interpreter.c:2476:20: error: too few arguments to function ‘ciptakan_kosong’; expected 1, have 0
 2476 |             return ciptakan_kosong();
      |                    ^~~~~~~~~~~~~~~
../core_c/../core/enki_object.h:44:13: note: declared here
   44 | EnkiObject* ciptakan_kosong(int mode_dinamis);
      |             ^~~~~~~~~~~~~~~
../core_c/enki_interpreter.c:2485:24: error: too few arguments to function ‘ciptakan_kosong’; expected 1, have 0
 2485 |                 return ciptakan_kosong();
      |                        ^~~~~~~~~~~~~~~
../core_c/../core/enki_object.h:44:13: note: declared here
   44 | EnkiObject* ciptakan_kosong(int mode_dinamis);
      |             ^~~~~~~~~~~~~~~
../core_c/enki_interpreter.c:2494:48: error: too few arguments to function ‘hancurkan_objek’; expected 2, have 1
 2494 |                 free(path_final); if(obj_path) hancurkan_objek(obj_path);
      |                                                ^~~~~~~~~~~~~~~
../core_c/../core/enki_object.h:47:6: note: declared here
   47 | void hancurkan_objek(EnkiObject* obj, int mode_dinamis);
      |      ^~~~~~~~~~~~~~~
../core_c/enki_interpreter.c:2495:24: error: too few arguments to function ‘ciptakan_kosong’; expected 1, have 0
 2495 |                 return ciptakan_kosong();
      |                        ^~~~~~~~~~~~~~~
../core_c/../core/enki_object.h:44:13: note: declared here
   44 | EnkiObject* ciptakan_kosong(int mode_dinamis);
      |             ^~~~~~~~~~~~~~~
../core_c/enki_interpreter.c:2506:33: error: too few arguments to function ‘ciptakan_blob’; expected 3, have 2
 2506 |             EnkiObject* hasil = ciptakan_blob(buffer_biner, ukuran); // 🟢 BUNGKUS JADI BLOB AMAN
      |                                 ^~~~~~~~~~~~~
../core_c/../core/enki_object.h:42:13: note: declared here
   42 | EnkiObject* ciptakan_blob(const unsigned char* data, size_t ukuran, int mode_dinamis);
      |             ^~~~~~~~~~~~~
../core_c/enki_interpreter.c:2507:65: error: too few arguments to function ‘hancurkan_objek’; expected 2, have 1
 2507 |             free(buffer_biner); free(path_final); if (obj_path) hancurkan_objek(obj_path);
      |                                                                 ^~~~~~~~~~~~~~~
../core_c/../core/enki_object.h:47:6: note: declared here
   47 | void hancurkan_objek(EnkiObject* obj, int mode_dinamis);
      |      ^~~~~~~~~~~~~~~
../core_c/enki_interpreter.c:2515:24: error: too few arguments to function ‘ciptakan_kosong’; expected 1, have 0
 2515 |                 return ciptakan_kosong();
      |                        ^~~~~~~~~~~~~~~
../core_c/../core/enki_object.h:44:13: note: declared here
   44 | EnkiObject* ciptakan_kosong(int mode_dinamis);
      |             ^~~~~~~~~~~~~~~
../core_c/enki_interpreter.c:2528:27: error: too few arguments to function ‘hancurkan_objek’; expected 2, have 1
 2528 |             if (obj_data) hancurkan_objek(obj_data);
      |                           ^~~~~~~~~~~~~~~
../core_c/../core/enki_object.h:47:6: note: declared here
   47 | void hancurkan_objek(EnkiObject* obj, int mode_dinamis);
      |      ^~~~~~~~~~~~~~~
../core_c/enki_interpreter.c:2530:37: error: too few arguments to function ‘ciptakan_teks’; expected 2, have 1
 2530 |                 EnkiObject* hasil = ciptakan_teks(hasil_b64);
      |                                     ^~~~~~~~~~~~~
../core_c/../core/enki_object.h:39:13: note: declared here
   39 | EnkiObject* ciptakan_teks(const char* nilai, int mode_dinamis);
      |             ^~~~~~~~~~~~~
../core_c/enki_interpreter.c:2533:20: error: too few arguments to function ‘ciptakan_kosong’; expected 1, have 0
 2533 |             return ciptakan_kosong();
      |                    ^~~~~~~~~~~~~~~
../core_c/../core/enki_object.h:44:13: note: declared here
   44 | EnkiObject* ciptakan_kosong(int mode_dinamis);
      |             ^~~~~~~~~~~~~~~
../core_c/enki_interpreter.c:2539:24: error: too few arguments to function ‘ciptakan_kosong’; expected 1, have 0
 2539 |                 return ciptakan_kosong();
      |                        ^~~~~~~~~~~~~~~
../core_c/../core/enki_object.h:44:13: note: declared here
   44 | EnkiObject* ciptakan_kosong(int mode_dinamis);
      |             ^~~~~~~~~~~~~~~
../core_c/enki_interpreter.c:2547:41: error: too few arguments to function ‘ciptakan_blob’; expected 3, have 2
 2547 |                     EnkiObject* hasil = ciptakan_blob(biner, ukuran_asli); // 🟢 KEMBALIKAN KE BLOB
      |                                         ^~~~~~~~~~~~~
../core_c/../core/enki_object.h:42:13: note: declared here
   42 | EnkiObject* ciptakan_blob(const unsigned char* data, size_t ukuran, int mode_dinamis);
      |             ^~~~~~~~~~~~~
../core_c/enki_interpreter.c:2548:34: error: too few arguments to function ‘hancurkan_objek’; expected 2, have 1
 2548 |                     free(biner); hancurkan_objek(obj_data); return hasil;
      |                                  ^~~~~~~~~~~~~~~
../core_c/../core/enki_object.h:47:6: note: declared here
   47 | void hancurkan_objek(EnkiObject* obj, int mode_dinamis);
      |      ^~~~~~~~~~~~~~~
../core_c/enki_interpreter.c:2556:27: error: too few arguments to function ‘hancurkan_objek’; expected 2, have 1
 2556 |             if (obj_data) hancurkan_objek(obj_data);
      |                           ^~~~~~~~~~~~~~~
../core_c/../core/enki_object.h:47:6: note: declared here
   47 | void hancurkan_objek(EnkiObject* obj, int mode_dinamis);
      |      ^~~~~~~~~~~~~~~
../core_c/enki_interpreter.c:2557:20: error: too few arguments to function ‘ciptakan_kosong’; expected 1, have 0
 2557 |             return ciptakan_kosong();
      |                    ^~~~~~~~~~~~~~~
../core_c/../core/enki_object.h:44:13: note: declared here
   44 | EnkiObject* ciptakan_kosong(int mode_dinamis);
      |             ^~~~~~~~~~~~~~~
../core_c/enki_interpreter.c:2563:25: error: too few arguments to function ‘ciptakan_kosong’; expected 1, have 0
 2563 |                  return ciptakan_kosong();
      |                         ^~~~~~~~~~~~~~~
../core_c/../core/enki_object.h:44:13: note: declared here
   44 | EnkiObject* ciptakan_kosong(int mode_dinamis);
      |             ^~~~~~~~~~~~~~~
../core_c/enki_interpreter.c:2583:28: error: too few arguments to function ‘hancurkan_objek’; expected 2, have 1
 2583 |              if (obj_path) hancurkan_objek(obj_path);
      |                            ^~~~~~~~~~~~~~~
../core_c/../core/enki_object.h:47:6: note: declared here
   47 | void hancurkan_objek(EnkiObject* obj, int mode_dinamis);
      |      ^~~~~~~~~~~~~~~
../core_c/enki_interpreter.c:2584:28: error: too few arguments to function ‘hancurkan_objek’; expected 2, have 1
 2584 |              if (obj_blob) hancurkan_objek(obj_blob);
      |                            ^~~~~~~~~~~~~~~
../core_c/../core/enki_object.h:47:6: note: declared here
   47 | void hancurkan_objek(EnkiObject* obj, int mode_dinamis);
      |      ^~~~~~~~~~~~~~~
../core_c/enki_interpreter.c:2585:21: error: too few arguments to function ‘ciptakan_kosong’; expected 1, have 0
 2585 |              return ciptakan_kosong();
      |                     ^~~~~~~~~~~~~~~
../core_c/../core/enki_object.h:44:13: note: declared here
   44 | EnkiObject* ciptakan_kosong(int mode_dinamis);
      |             ^~~~~~~~~~~~~~~
../core_c/enki_interpreter.c:2592:24: error: too few arguments to function ‘ciptakan_kosong’; expected 1, have 0
 2592 |                 return ciptakan_kosong();
      |                        ^~~~~~~~~~~~~~~
../core_c/../core/enki_object.h:44:13: note: declared here
   44 | EnkiObject* ciptakan_kosong(int mode_dinamis);
      |             ^~~~~~~~~~~~~~~
../core_c/enki_interpreter.c:2609:29: error: too few arguments to function ‘hancurkan_objek’; expected 2, have 1
 2609 |             if (obj_target) hancurkan_objek(obj_target);
      |                             ^~~~~~~~~~~~~~~
../core_c/../core/enki_object.h:47:6: note: declared here
   47 | void hancurkan_objek(EnkiObject* obj, int mode_dinamis);
      |      ^~~~~~~~~~~~~~~
../core_c/enki_interpreter.c:2610:27: error: too few arguments to function ‘hancurkan_objek’; expected 2, have 1
 2610 |             if (obj_path) hancurkan_objek(obj_path);
      |                           ^~~~~~~~~~~~~~~
../core_c/../core/enki_object.h:47:6: note: declared here
   47 | void hancurkan_objek(EnkiObject* obj, int mode_dinamis);
      |      ^~~~~~~~~~~~~~~
../core_c/enki_interpreter.c:2612:20: error: too few arguments to function ‘ciptakan_kosong’; expected 1, have 0
 2612 |             return ciptakan_kosong();
      |                    ^~~~~~~~~~~~~~~
../core_c/../core/enki_object.h:44:13: note: declared here
   44 | EnkiObject* ciptakan_kosong(int mode_dinamis);
      |             ^~~~~~~~~~~~~~~
../core_c/enki_interpreter.c:2619:24: error: too few arguments to function ‘ciptakan_kosong’; expected 1, have 0
 2619 |                 return ciptakan_kosong();
      |                        ^~~~~~~~~~~~~~~
../core_c/../core/enki_object.h:44:13: note: declared here
   44 | EnkiObject* ciptakan_kosong(int mode_dinamis);
      |             ^~~~~~~~~~~~~~~
../core_c/enki_interpreter.c:2626:41: error: too few arguments to function ‘ciptakan_kosong’; expected 1, have 0
 2626 |             EnkiObject* hasil_bangkit = ciptakan_kosong();
      |                                         ^~~~~~~~~~~~~~~
../core_c/../core/enki_object.h:44:13: note: declared here
   44 | EnkiObject* ciptakan_kosong(int mode_dinamis);
      |             ^~~~~~~~~~~~~~~
../core_c/enki_interpreter.c:2647:27: error: too few arguments to function ‘hancurkan_objek’; expected 2, have 1
 2647 |             if (obj_path) hancurkan_objek(obj_path);
      |                           ^~~~~~~~~~~~~~~
../core_c/../core/enki_object.h:47:6: note: declared here
   47 | void hancurkan_objek(EnkiObject* obj, int mode_dinamis);
      |      ^~~~~~~~~~~~~~~
../core_c/enki_interpreter.c:2658:24: error: too few arguments to function ‘ciptakan_kosong’; expected 1, have 0
 2658 |                 return ciptakan_kosong();
      |                        ^~~~~~~~~~~~~~~
../core_c/../core/enki_object.h:44:13: note: declared here
   44 | EnkiObject* ciptakan_kosong(int mode_dinamis);
      |             ^~~~~~~~~~~~~~~
../core_c/enki_interpreter.c:2665:43: error: too few arguments to function ‘ciptakan_kosong’; expected 1, have 0
 2665 |             EnkiObject* hasil_pencarian = ciptakan_kosong();
      |                                           ^~~~~~~~~~~~~~~
../core_c/../core/enki_object.h:44:13: note: declared here
   44 | EnkiObject* ciptakan_kosong(int mode_dinamis);
      |             ^~~~~~~~~~~~~~~
../core_c/enki_interpreter.c:2693:45: error: too few arguments to function ‘hancurkan_objek’; expected 2, have 1
 2693 |                                             hancurkan_objek(hasil_pencarian);
      |                                             ^~~~~~~~~~~~~~~
../core_c/../core/enki_object.h:47:6: note: declared here
   47 | void hancurkan_objek(EnkiObject* obj, int mode_dinamis);
      |      ^~~~~~~~~~~~~~~
../core_c/enki_interpreter.c:2694:63: error: too few arguments to function ‘ciptakan_salinan_objek’; expected 2, have 1
 2694 |                                             hasil_pencarian = ciptakan_salinan_objek(baris);
      |                                                               ^~~~~~~~~~~~~~~~~~~~~~
../core_c/../core/enki_object.h:43:13: note: declared here
   43 | EnkiObject* ciptakan_salinan_objek(EnkiObject* sumber, int mode_dinamis);
      |             ^~~~~~~~~~~~~~~~~~~~~~
../core_c/enki_interpreter.c:2709:37: error: too few arguments to function ‘hancurkan_objek’; expected 2, have 1
 2709 |                                     hancurkan_objek(hasil_pencarian);
      |                                     ^~~~~~~~~~~~~~~
../core_c/../core/enki_object.h:47:6: note: declared here
   47 | void hancurkan_objek(EnkiObject* obj, int mode_dinamis);
      |      ^~~~~~~~~~~~~~~
../core_c/enki_interpreter.c:2710:55: error: too few arguments to function ‘ciptakan_salinan_objek’; expected 2, have 1
 2710 |                                     hasil_pencarian = ciptakan_salinan_objek(db_sementara);
      |                                                       ^~~~~~~~~~~~~~~~~~~~~~
../core_c/../core/enki_object.h:43:13: note: declared here
   43 | EnkiObject* ciptakan_salinan_objek(EnkiObject* sumber, int mode_dinamis);
      |             ^~~~~~~~~~~~~~~~~~~~~~
../core_c/enki_interpreter.c:2719:39: error: too few arguments to function ‘hancurkan_objek’; expected 2, have 1
 2719 |                     if (db_sementara) hancurkan_objek(db_sementara);
      |                                       ^~~~~~~~~~~~~~~
../core_c/../core/enki_object.h:47:6: note: declared here
   47 | void hancurkan_objek(EnkiObject* obj, int mode_dinamis);
      |      ^~~~~~~~~~~~~~~
../core_c/enki_interpreter.c:2727:13: error: too few arguments to function ‘hancurkan_objek’; expected 2, have 1
 2727 |             hancurkan_objek(obj_path); hancurkan_objek(obj_kunci); hancurkan_objek(obj_nilai);
      |             ^~~~~~~~~~~~~~~
../core_c/../core/enki_object.h:47:6: note: declared here
   47 | void hancurkan_objek(EnkiObject* obj, int mode_dinamis);
      |      ^~~~~~~~~~~~~~~
../core_c/enki_interpreter.c:2727:40: error: too few arguments to function ‘hancurkan_objek’; expected 2, have 1
 2727 |             hancurkan_objek(obj_path); hancurkan_objek(obj_kunci); hancurkan_objek(obj_nilai);
      |                                        ^~~~~~~~~~~~~~~
../core_c/../core/enki_object.h:47:6: note: declared here
   47 | void hancurkan_objek(EnkiObject* obj, int mode_dinamis);
      |      ^~~~~~~~~~~~~~~
../core_c/enki_interpreter.c:2727:68: error: too few arguments to function ‘hancurkan_objek’; expected 2, have 1
 2727 |             hancurkan_objek(obj_path); hancurkan_objek(obj_kunci); hancurkan_objek(obj_nilai);
      |                                                                    ^~~~~~~~~~~~~~~
../core_c/../core/enki_object.h:47:6: note: declared here
   47 | void hancurkan_objek(EnkiObject* obj, int mode_dinamis);
      |      ^~~~~~~~~~~~~~~
../core_c/enki_interpreter.c:2731:17: error: too few arguments to function ‘hancurkan_objek’; expected 2, have 1
 2731 |                 hancurkan_objek(hasil_pencarian);
      |                 ^~~~~~~~~~~~~~~
../core_c/../core/enki_object.h:47:6: note: declared here
   47 | void hancurkan_objek(EnkiObject* obj, int mode_dinamis);
      |      ^~~~~~~~~~~~~~~
../core_c/enki_interpreter.c:2732:35: error: too few arguments to function ‘ciptakan_teks’; expected 2, have 1
 2732 |                 hasil_pencarian = ciptakan_teks("TIDAK_DITEMUKAN");
      |                                   ^~~~~~~~~~~~~
../core_c/../core/enki_object.h:39:13: note: declared here
   39 | EnkiObject* ciptakan_teks(const char* nilai, int mode_dinamis);
      |             ^~~~~~~~~~~~~
../core_c/enki_interpreter.c:2743:47: error: too few arguments to function ‘ciptakan_kosong’; expected 1, have 0
 2743 |             if (node->jumlah_anak < 3) return ciptakan_kosong();
      |                                               ^~~~~~~~~~~~~~~
../core_c/../core/enki_object.h:44:13: note: declared here
   44 | EnkiObject* ciptakan_kosong(int mode_dinamis);
      |             ^~~~~~~~~~~~~~~
../core_c/enki_interpreter.c:2754:34: error: too few arguments to function ‘ciptakan_objek_peta’; expected 2, have 1
 2754 |                 EnkiObject* db = ciptakan_objek_peta(0); // Default jika file kosong
      |                                  ^~~~~~~~~~~~~~~~~~~
../core_c/../core/enki_object.h:41:13: note: declared here
   41 | EnkiObject* ciptakan_objek_peta(int kapasitas, int mode_dinamis);
      |             ^~~~~~~~~~~~~~~~~~~
../core_c/enki_interpreter.c:2766:25: error: too few arguments to function ‘hancurkan_objek’; expected 2, have 1
 2766 |                         hancurkan_objek(db); db = parsed;
      |                         ^~~~~~~~~~~~~~~
../core_c/../core/enki_object.h:47:6: note: declared here
   47 | void hancurkan_objek(EnkiObject* obj, int mode_dinamis);
      |      ^~~~~~~~~~~~~~~
../core_c/enki_interpreter.c:2767:40: error: too few arguments to function ‘hancurkan_objek’; expected 2, have 1
 2767 |                     } else if (parsed) hancurkan_objek(parsed);
      |                                        ^~~~~~~~~~~~~~~
../core_c/../core/enki_object.h:47:6: note: declared here
   47 | void hancurkan_objek(EnkiObject* obj, int mode_dinamis);
      |      ^~~~~~~~~~~~~~~
../core_c/enki_interpreter.c:2782:33: error: too few arguments to function ‘hancurkan_objek’; expected 2, have 1
 2782 |                                 hancurkan_objek(saat_ini->nilai.objek_peta.konten[i]);
      |                                 ^~~~~~~~~~~~~~~
../core_c/../core/enki_object.h:47:6: note: declared here
   47 | void hancurkan_objek(EnkiObject* obj, int mode_dinamis);
      |      ^~~~~~~~~~~~~~~
../core_c/enki_interpreter.c:2783:72: error: too few arguments to function ‘ciptakan_salinan_objek’; expected 2, have 1
 2783 |                                 saat_ini->nilai.objek_peta.konten[i] = ciptakan_salinan_objek(obj_nilai);
      |                                                                        ^~~~~~~~~~~~~~~~~~~~~~
../core_c/../core/enki_object.h:43:13: note: declared here
   43 | EnkiObject* ciptakan_salinan_objek(EnkiObject* sumber, int mode_dinamis);
      |             ^~~~~~~~~~~~~~~~~~~~~~
../core_c/enki_interpreter.c:2790:83: error: too few arguments to function ‘ciptakan_teks’; expected 2, have 1
 2790 |                             saat_ini->nilai.objek_peta.kunci[saat_ini->panjang] = ciptakan_teks(token);
      |                                                                                   ^~~~~~~~~~~~~
../core_c/../core/enki_object.h:39:13: note: declared here
   39 | EnkiObject* ciptakan_teks(const char* nilai, int mode_dinamis);
      |             ^~~~~~~~~~~~~
../core_c/enki_interpreter.c:2791:84: error: too few arguments to function ‘ciptakan_salinan_objek’; expected 2, have 1
 2791 |                             saat_ini->nilai.objek_peta.konten[saat_ini->panjang] = ciptakan_salinan_objek(obj_nilai);
      |                                                                                    ^~~~~~~~~~~~~~~~~~~~~~
../core_c/../core/enki_object.h:43:13: note: declared here
   43 | EnkiObject* ciptakan_salinan_objek(EnkiObject* sumber, int mode_dinamis);
      |             ^~~~~~~~~~~~~~~~~~~~~~
../core_c/enki_interpreter.c:2805:83: error: too few arguments to function ‘ciptakan_teks’; expected 2, have 1
 2805 |                             saat_ini->nilai.objek_peta.kunci[saat_ini->panjang] = ciptakan_teks(token);
      |                                                                                   ^~~~~~~~~~~~~
../core_c/../core/enki_object.h:39:13: note: declared here
   39 | EnkiObject* ciptakan_teks(const char* nilai, int mode_dinamis);
      |             ^~~~~~~~~~~~~
../core_c/enki_interpreter.c:2806:55: error: too few arguments to function ‘ciptakan_objek_peta’; expected 2, have 1
 2806 |                             EnkiObject* cabang_baru = ciptakan_objek_peta(0);
      |                                                       ^~~~~~~~~~~~~~~~~~~
../core_c/../core/enki_object.h:41:13: note: declared here
   41 | EnkiObject* ciptakan_objek_peta(int kapasitas, int mode_dinamis);
      |             ^~~~~~~~~~~~~~~~~~~
../core_c/enki_interpreter.c:2824:17: error: too few arguments to function ‘hancurkan_objek’; expected 2, have 1
 2824 |                 hancurkan_objek(db);
      |                 ^~~~~~~~~~~~~~~
../core_c/../core/enki_object.h:47:6: note: declared here
   47 | void hancurkan_objek(EnkiObject* obj, int mode_dinamis);
      |      ^~~~~~~~~~~~~~~
../core_c/enki_interpreter.c:2828:13: error: too few arguments to function ‘hancurkan_objek’; expected 2, have 1
 2828 |             hancurkan_objek(obj_file);
      |             ^~~~~~~~~~~~~~~
../core_c/../core/enki_object.h:47:6: note: declared here
   47 | void hancurkan_objek(EnkiObject* obj, int mode_dinamis);
      |      ^~~~~~~~~~~~~~~
../core_c/enki_interpreter.c:2829:13: error: too few arguments to function ‘hancurkan_objek’; expected 2, have 1
 2829 |             hancurkan_objek(obj_path);
      |             ^~~~~~~~~~~~~~~
../core_c/../core/enki_object.h:47:6: note: declared here
   47 | void hancurkan_objek(EnkiObject* obj, int mode_dinamis);
      |      ^~~~~~~~~~~~~~~
../core_c/enki_interpreter.c:2830:13: error: too few arguments to function ‘hancurkan_objek’; expected 2, have 1
 2830 |             hancurkan_objek(obj_nilai);
      |             ^~~~~~~~~~~~~~~
../core_c/../core/enki_object.h:47:6: note: declared here
   47 | void hancurkan_objek(EnkiObject* obj, int mode_dinamis);
      |      ^~~~~~~~~~~~~~~
../core_c/enki_interpreter.c:2831:20: error: too few arguments to function ‘ciptakan_kosong’; expected 1, have 0
 2831 |             return ciptakan_kosong();
      |                    ^~~~~~~~~~~~~~~
../core_c/../core/enki_object.h:44:13: note: declared here
   44 | EnkiObject* ciptakan_kosong(int mode_dinamis);
      |             ^~~~~~~~~~~~~~~
../core_c/enki_interpreter.c:2839:47: error: too few arguments to function ‘ciptakan_kosong’; expected 1, have 0
 2839 |             if (node->jumlah_anak < 2) return ciptakan_kosong();
      |                                               ^~~~~~~~~~~~~~~
../core_c/../core/enki_object.h:44:13: note: declared here
   44 | EnkiObject* ciptakan_kosong(int mode_dinamis);
      |             ^~~~~~~~~~~~~~~
../core_c/enki_interpreter.c:2842:33: error: too few arguments to function ‘ciptakan_kosong’; expected 1, have 0
 2842 |             EnkiObject* hasil = ciptakan_kosong();
      |                                 ^~~~~~~~~~~~~~~
../core_c/../core/enki_object.h:44:13: note: declared here
   44 | EnkiObject* ciptakan_kosong(int mode_dinamis);
      |             ^~~~~~~~~~~~~~~
../core_c/enki_interpreter.c:2870:41: error: too few arguments to function ‘hancurkan_objek’; expected 2, have 1
 2870 |                                         hancurkan_objek(hasil);
      |                                         ^~~~~~~~~~~~~~~
../core_c/../core/enki_object.h:47:6: note: declared here
   47 | void hancurkan_objek(EnkiObject* obj, int mode_dinamis);
      |      ^~~~~~~~~~~~~~~
../core_c/enki_interpreter.c:2871:49: error: too few arguments to function ‘ciptakan_salinan_objek’; expected 2, have 1
 2871 |                                         hasil = ciptakan_salinan_objek(saat_ini->nilai.objek_peta.konten[i]);
      |                                                 ^~~~~~~~~~~~~~~~~~~~~~
../core_c/../core/enki_object.h:43:13: note: declared here
   43 | EnkiObject* ciptakan_salinan_objek(EnkiObject* sumber, int mode_dinamis);
      |             ^~~~~~~~~~~~~~~~~~~~~~
../core_c/enki_interpreter.c:2882:29: error: too few arguments to function ‘hancurkan_objek’; expected 2, have 1
 2882 |                     if (db) hancurkan_objek(db);
      |                             ^~~~~~~~~~~~~~~
../core_c/../core/enki_object.h:47:6: note: declared here
   47 | void hancurkan_objek(EnkiObject* obj, int mode_dinamis);
      |      ^~~~~~~~~~~~~~~
../core_c/enki_interpreter.c:2889:13: error: too few arguments to function ‘hancurkan_objek’; expected 2, have 1
 2889 |             hancurkan_objek(obj_file);
      |             ^~~~~~~~~~~~~~~
../core_c/../core/enki_object.h:47:6: note: declared here
   47 | void hancurkan_objek(EnkiObject* obj, int mode_dinamis);
      |      ^~~~~~~~~~~~~~~
../core_c/enki_interpreter.c:2890:13: error: too few arguments to function ‘hancurkan_objek’; expected 2, have 1
 2890 |             hancurkan_objek(obj_path);
      |             ^~~~~~~~~~~~~~~
../core_c/../core/enki_object.h:47:6: note: declared here
   47 | void hancurkan_objek(EnkiObject* obj, int mode_dinamis);
      |      ^~~~~~~~~~~~~~~
../core_c/enki_interpreter.c:2902:24: error: too few arguments to function ‘ciptakan_kosong’; expected 1, have 0
 2902 |                 return ciptakan_kosong();
      |                        ^~~~~~~~~~~~~~~
../core_c/../core/enki_object.h:44:13: note: declared here
   44 | EnkiObject* ciptakan_kosong(int mode_dinamis);
      |             ^~~~~~~~~~~~~~~
../core_c/enki_interpreter.c:2908:24: error: too few arguments to function ‘ciptakan_kosong’; expected 1, have 0
 2908 |                 return ciptakan_kosong();
      |                        ^~~~~~~~~~~~~~~
../core_c/../core/enki_object.h:44:13: note: declared here
   44 | EnkiObject* ciptakan_kosong(int mode_dinamis);
      |             ^~~~~~~~~~~~~~~
../core_c/enki_interpreter.c:2917:24: error: too few arguments to function ‘ciptakan_kosong’; expected 1, have 0
 2917 |                 return ciptakan_kosong();
      |                        ^~~~~~~~~~~~~~~
../core_c/../core/enki_object.h:44:13: note: declared here
   44 | EnkiObject* ciptakan_kosong(int mode_dinamis);
      |             ^~~~~~~~~~~~~~~
../core_c/enki_interpreter.c:2940:24: error: too few arguments to function ‘ciptakan_kosong’; expected 1, have 0
 2940 |                 return ciptakan_kosong();
      |                        ^~~~~~~~~~~~~~~
../core_c/../core/enki_object.h:44:13: note: declared here
   44 | EnkiObject* ciptakan_kosong(int mode_dinamis);
      |             ^~~~~~~~~~~~~~~
../core_c/enki_interpreter.c:2954:24: error: too few arguments to function ‘ciptakan_kosong’; expected 1, have 0
 2954 |                 return ciptakan_kosong();
      |                        ^~~~~~~~~~~~~~~
../core_c/../core/enki_object.h:44:13: note: declared here
   44 | EnkiObject* ciptakan_kosong(int mode_dinamis);
      |             ^~~~~~~~~~~~~~~
../core_c/enki_interpreter.c:2960:24: error: too few arguments to function ‘ciptakan_kosong’; expected 1, have 0
 2960 |                 return ciptakan_kosong();
      |                        ^~~~~~~~~~~~~~~
../core_c/../core/enki_object.h:44:13: note: declared here
   44 | EnkiObject* ciptakan_kosong(int mode_dinamis);
      |             ^~~~~~~~~~~~~~~
../core_c/enki_interpreter.c:2969:24: error: too few arguments to function ‘ciptakan_kosong’; expected 1, have 0
 2969 |                 return ciptakan_kosong();
      |                        ^~~~~~~~~~~~~~~
../core_c/../core/enki_object.h:44:13: note: declared here
   44 | EnkiObject* ciptakan_kosong(int mode_dinamis);
      |             ^~~~~~~~~~~~~~~
../core_c/enki_interpreter.c:2992:24: error: too few arguments to function ‘ciptakan_kosong’; expected 1, have 0
 2992 |                 return ciptakan_kosong();
      |                        ^~~~~~~~~~~~~~~
../core_c/../core/enki_object.h:44:13: note: declared here
   44 | EnkiObject* ciptakan_kosong(int mode_dinamis);
      |             ^~~~~~~~~~~~~~~
../core_c/enki_interpreter.c:3002:47: error: too few arguments to function ‘ciptakan_kosong’; expected 1, have 0
 3002 |             if (node->jumlah_anak < 1) return ciptakan_kosong();
      |                                               ^~~~~~~~~~~~~~~
../core_c/../core/enki_object.h:44:13: note: declared here
   44 | EnkiObject* ciptakan_kosong(int mode_dinamis);
      |             ^~~~~~~~~~~~~~~
../core_c/enki_interpreter.c:3017:27: error: too few arguments to function ‘hancurkan_objek’; expected 2, have 1
 3017 |             if (arg_gaya) hancurkan_objek(arg_gaya);
      |                           ^~~~~~~~~~~~~~~
../core_c/../core/enki_object.h:47:6: note: declared here
   47 | void hancurkan_objek(EnkiObject* obj, int mode_dinamis);
      |      ^~~~~~~~~~~~~~~
../core_c/enki_interpreter.c:3020:41: error: too few arguments to function ‘ciptakan_objek_peta’; expected 2, have 1
 3020 |             EnkiObject* obj_kembalian = ciptakan_objek_peta(2);
      |                                         ^~~~~~~~~~~~~~~~~~~
../core_c/../core/enki_object.h:41:13: note: declared here
   41 | EnkiObject* ciptakan_objek_peta(int kapasitas, int mode_dinamis);
      |             ^~~~~~~~~~~~~~~~~~~
../core_c/enki_interpreter.c:3024:56: error: too few arguments to function ‘ciptakan_teks’; expected 2, have 1
 3024 |             obj_kembalian->nilai.objek_peta.kunci[0] = ciptakan_teks("aksi");
      |                                                        ^~~~~~~~~~~~~
../core_c/../core/enki_object.h:39:13: note: declared here
   39 | EnkiObject* ciptakan_teks(const char* nilai, int mode_dinamis);
      |             ^~~~~~~~~~~~~
../core_c/enki_interpreter.c:3025:57: error: too few arguments to function ‘ciptakan_teks’; expected 2, have 1
 3025 |             obj_kembalian->nilai.objek_peta.konten[0] = ciptakan_teks(id_hasil);
      |                                                         ^~~~~~~~~~~~~
../core_c/../core/enki_object.h:39:13: note: declared here
   39 | EnkiObject* ciptakan_teks(const char* nilai, int mode_dinamis);
      |             ^~~~~~~~~~~~~
../core_c/enki_interpreter.c:3028:56: error: too few arguments to function ‘ciptakan_teks’; expected 2, have 1
 3028 |             obj_kembalian->nilai.objek_peta.kunci[1] = ciptakan_teks("ui");
      |                                                        ^~~~~~~~~~~~~
../core_c/../core/enki_object.h:39:13: note: declared here
   39 | EnkiObject* ciptakan_teks(const char* nilai, int mode_dinamis);
      |             ^~~~~~~~~~~~~
../core_c/enki_interpreter.c:3040:47: error: too few arguments to function ‘ciptakan_kosong’; expected 1, have 0
 3040 |             if (node->jumlah_anak < 1) return ciptakan_kosong();
      |                                               ^~~~~~~~~~~~~~~
../core_c/../core/enki_object.h:44:13: note: declared here
   44 | EnkiObject* ciptakan_kosong(int mode_dinamis);
      |             ^~~~~~~~~~~~~~~
../core_c/enki_interpreter.c:3051:27: error: too few arguments to function ‘hancurkan_objek’; expected 2, have 1
 3051 |             if (arg_gaya) hancurkan_objek(arg_gaya);
      |                           ^~~~~~~~~~~~~~~
../core_c/../core/enki_object.h:47:6: note: declared here
   47 | void hancurkan_objek(EnkiObject* obj, int mode_dinamis);
      |      ^~~~~~~~~~~~~~~
../core_c/enki_interpreter.c:3053:41: error: too few arguments to function ‘ciptakan_objek_peta’; expected 2, have 1
 3053 |             EnkiObject* obj_kembalian = ciptakan_objek_peta(2);
      |                                         ^~~~~~~~~~~~~~~~~~~
../core_c/../core/enki_object.h:41:13: note: declared here
   41 | EnkiObject* ciptakan_objek_peta(int kapasitas, int mode_dinamis);
      |             ^~~~~~~~~~~~~~~~~~~
../core_c/enki_interpreter.c:3055:56: error: too few arguments to function ‘ciptakan_teks’; expected 2, have 1
 3055 |             obj_kembalian->nilai.objek_peta.kunci[0] = ciptakan_teks("aksi");
      |                                                        ^~~~~~~~~~~~~
../core_c/../core/enki_object.h:39:13: note: declared here
   39 | EnkiObject* ciptakan_teks(const char* nilai, int mode_dinamis);
      |             ^~~~~~~~~~~~~
../core_c/enki_interpreter.c:3056:57: error: too few arguments to function ‘ciptakan_teks’; expected 2, have 1
 3056 |             obj_kembalian->nilai.objek_peta.konten[0] = ciptakan_teks(id_hasil);
      |                                                         ^~~~~~~~~~~~~
../core_c/../core/enki_object.h:39:13: note: declared here
   39 | EnkiObject* ciptakan_teks(const char* nilai, int mode_dinamis);
      |             ^~~~~~~~~~~~~
../core_c/enki_interpreter.c:3059:56: error: too few arguments to function ‘ciptakan_teks’; expected 2, have 1
 3059 |             obj_kembalian->nilai.objek_peta.kunci[1] = ciptakan_teks("ui");
      |                                                        ^~~~~~~~~~~~~
../core_c/../core/enki_object.h:39:13: note: declared here
   39 | EnkiObject* ciptakan_teks(const char* nilai, int mode_dinamis);
      |             ^~~~~~~~~~~~~
../core_c/enki_interpreter.c:3070:47: error: too few arguments to function ‘ciptakan_kosong’; expected 1, have 0
 3070 |             if (node->jumlah_anak < 3) return ciptakan_kosong();
      |                                               ^~~~~~~~~~~~~~~
../core_c/../core/enki_object.h:44:13: note: declared here
   44 | EnkiObject* ciptakan_kosong(int mode_dinamis);
      |             ^~~~~~~~~~~~~~~
../core_c/enki_interpreter.c:3073:68: error: too few arguments to function ‘ciptakan_kosong’; expected 1, have 0
 3073 |             if (node->anak_anak[0]->jenis != AST_IDENTITAS) return ciptakan_kosong();
      |                                                                    ^~~~~~~~~~~~~~~
../core_c/../core/enki_object.h:44:13: note: declared here
   44 | EnkiObject* ciptakan_kosong(int mode_dinamis);
      |             ^~~~~~~~~~~~~~~
../core_c/enki_interpreter.c:3087:25: error: too few arguments to function ‘hancurkan_objek’; expected 2, have 1
 3087 |             if (obj_id) hancurkan_objek(obj_id);
      |                         ^~~~~~~~~~~~~~~
../core_c/../core/enki_object.h:47:6: note: declared here
   47 | void hancurkan_objek(EnkiObject* obj, int mode_dinamis);
      |      ^~~~~~~~~~~~~~~
../core_c/enki_interpreter.c:3088:27: error: too few arguments to function ‘hancurkan_objek’; expected 2, have 1
 3088 |             if (obj_teks) hancurkan_objek(obj_teks);
      |                           ^~~~~~~~~~~~~~~
../core_c/../core/enki_object.h:47:6: note: declared here
   47 | void hancurkan_objek(EnkiObject* obj, int mode_dinamis);
      |      ^~~~~~~~~~~~~~~
../core_c/enki_interpreter.c:3090:20: error: too few arguments to function ‘ciptakan_kosong’; expected 1, have 0
 3090 |             return ciptakan_kosong();
      |                    ^~~~~~~~~~~~~~~
../core_c/../core/enki_object.h:44:13: note: declared here
   44 | EnkiObject* ciptakan_kosong(int mode_dinamis);
      |             ^~~~~~~~~~~~~~~
../core_c/enki_interpreter.c:3097:47: error: too few arguments to function ‘ciptakan_kosong’; expected 1, have 0
 3097 |             if (node->jumlah_anak < 1) return ciptakan_kosong();
      |                                               ^~~~~~~~~~~~~~~
../core_c/../core/enki_object.h:44:13: note: declared here
   44 | EnkiObject* ciptakan_kosong(int mode_dinamis);
      |             ^~~~~~~~~~~~~~~
../core_c/enki_interpreter.c:3117:22: error: too few arguments to function ‘hancurkan_objek’; expected 2, have 1
 3117 |             if (obj) hancurkan_objek(obj);
      |                      ^~~~~~~~~~~~~~~
../core_c/../core/enki_object.h:47:6: note: declared here
   47 | void hancurkan_objek(EnkiObject* obj, int mode_dinamis);
      |      ^~~~~~~~~~~~~~~
../core_c/enki_interpreter.c:3118:20: error: too few arguments to function ‘ciptakan_kosong’; expected 1, have 0
 3118 |             return ciptakan_kosong();
      |                    ^~~~~~~~~~~~~~~
../core_c/../core/enki_object.h:44:13: note: declared here
   44 | EnkiObject* ciptakan_kosong(int mode_dinamis);
      |             ^~~~~~~~~~~~~~~
../core_c/enki_interpreter.c:3146:20: error: too few arguments to function ‘ciptakan_kosong’; expected 1, have 0
 3146 |             return ciptakan_kosong();
      |                    ^~~~~~~~~~~~~~~
../core_c/../core/enki_object.h:44:13: note: declared here
   44 | EnkiObject* ciptakan_kosong(int mode_dinamis);
      |             ^~~~~~~~~~~~~~~
../core_c/enki_interpreter.c:3176:31: error: too few arguments to function ‘ciptakan_kosong’; expected 1, have 0
 3176 |                 nilai_akhir = ciptakan_kosong();
      |                               ^~~~~~~~~~~~~~~
../core_c/../core/enki_object.h:44:13: note: declared here
   44 | EnkiObject* ciptakan_kosong(int mode_dinamis);
      |             ^~~~~~~~~~~~~~~
../core_c/enki_interpreter.c:3186:35: error: too few arguments to function ‘ciptakan_kosong’; expected 1, have 0
 3186 |         EnkiObject* hasil_akhir = ciptakan_kosong();
      |                                   ^~~~~~~~~~~~~~~
../core_c/../core/enki_object.h:44:13: note: declared here
   44 | EnkiObject* ciptakan_kosong(int mode_dinamis);
      |             ^~~~~~~~~~~~~~~
../core_c/enki_interpreter.c:3188:13: error: too few arguments to function ‘hancurkan_objek’; expected 2, have 1
 3188 |             hancurkan_objek(hasil_akhir);
      |             ^~~~~~~~~~~~~~~
../core_c/../core/enki_object.h:47:6: note: declared here
   47 | void hancurkan_objek(EnkiObject* obj, int mode_dinamis);
      |      ^~~~~~~~~~~~~~~
../core_c/enki_interpreter.c:3197:12: error: too few arguments to function ‘ciptakan_kosong’; expected 1, have 0
 3197 |     return ciptakan_kosong(); // Default return yang HALAL (berada di akhir evaluasi_ekspresi)
      |            ^~~~~~~~~~~~~~~
../core_c/../core/enki_object.h:44:13: note: declared here
   44 | EnkiObject* ciptakan_kosong(int mode_dinamis);
      |             ^~~~~~~~~~~~~~~
../core_c/enki_interpreter.c: In function ‘evaluasi_kondisi’:
../core_c/enki_interpreter.c:3258:19: error: too few arguments to function ‘hancurkan_objek’; expected 2, have 1
 3258 |     if (obj_kiri) hancurkan_objek(obj_kiri);
      |                   ^~~~~~~~~~~~~~~
../core_c/../core/enki_object.h:47:6: note: declared here
   47 | void hancurkan_objek(EnkiObject* obj, int mode_dinamis);
      |      ^~~~~~~~~~~~~~~
../core_c/enki_interpreter.c:3259:20: error: too few arguments to function ‘hancurkan_objek’; expected 2, have 1
 3259 |     if (obj_kanan) hancurkan_objek(obj_kanan);
      |                    ^~~~~~~~~~~~~~~
../core_c/../core/enki_object.h:47:6: note: declared here
   47 | void hancurkan_objek(EnkiObject* obj, int mode_dinamis);
      |      ^~~~~~~~~~~~~~~
../core_c/enki_interpreter.c: In function ‘salin_ram_untuk_utas’:
../core_c/enki_interpreter.c:3326:86: error: too few arguments to function ‘ciptakan_kosong’; expected 1, have 0
 3326 |         EnkiObject* obj_aman = sumber->kavling[i].objek ? sumber->kavling[i].objek : ciptakan_kosong();
      |                                                                                      ^~~~~~~~~~~~~~~
../core_c/../core/enki_object.h:44:13: note: declared here
   44 | EnkiObject* ciptakan_kosong(int mode_dinamis);
      |             ^~~~~~~~~~~~~~~
../core_c/enki_interpreter.c: In function ‘pelari_utas_gaib’:
../core_c/enki_interpreter.c:3340:16: error: too few arguments to function ‘hancurkan_objek’; expected 2, have 1
 3340 |     if (hasil) hancurkan_objek(hasil); // 🟢 Ganti free jadi hancurkan_objek
      |                ^~~~~~~~~~~~~~~
../core_c/../core/enki_object.h:47:6: note: declared here
   47 | void hancurkan_objek(EnkiObject* obj, int mode_dinamis);
      |      ^~~~~~~~~~~~~~~
../core_c/enki_interpreter.c: In function ‘eksekusi_node’:
../core_c/enki_interpreter.c:3378:17: error: too few arguments to function ‘hancurkan_objek’; expected 2, have 1
 3378 |                 hancurkan_objek(obj_hasil);
      |                 ^~~~~~~~~~~~~~~
../core_c/../core/enki_object.h:47:6: note: declared here
   47 | void hancurkan_objek(EnkiObject* obj, int mode_dinamis);
      |      ^~~~~~~~~~~~~~~
../core_c/enki_interpreter.c:3467:32: error: too few arguments to function ‘hancurkan_objek’; expected 2, have 1
 3467 |                 if (obj_kasus) hancurkan_objek(obj_kasus);
      |                                ^~~~~~~~~~~~~~~
../core_c/../core/enki_object.h:47:6: note: declared here
   47 | void hancurkan_objek(EnkiObject* obj, int mode_dinamis);
      |      ^~~~~~~~~~~~~~~
../core_c/enki_interpreter.c:3470:28: error: too few arguments to function ‘hancurkan_objek’; expected 2, have 1
 3470 |             if (obj_kasus) hancurkan_objek(obj_kasus);
      |                            ^~~~~~~~~~~~~~~
../core_c/../core/enki_object.h:47:6: note: declared here
   47 | void hancurkan_objek(EnkiObject* obj, int mode_dinamis);
      |      ^~~~~~~~~~~~~~~
../core_c/enki_interpreter.c:3473:25: error: too few arguments to function ‘hancurkan_objek’; expected 2, have 1
 3473 |         if (obj_target) hancurkan_objek(obj_target);
      |                         ^~~~~~~~~~~~~~~
../core_c/../core/enki_object.h:47:6: note: declared here
   47 | void hancurkan_objek(EnkiObject* obj, int mode_dinamis);
      |      ^~~~~~~~~~~~~~~
../core_c/enki_interpreter.c:3522:32: error: too few arguments to function ‘hancurkan_objek’; expected 2, have 1
 3522 |                 if (obj_batas) hancurkan_objek(obj_batas);
      |                                ^~~~~~~~~~~~~~~
../core_c/../core/enki_object.h:47:6: note: declared here
   47 | void hancurkan_objek(EnkiObject* obj, int mode_dinamis);
      |      ^~~~~~~~~~~~~~~
../core_c/enki_interpreter.c:3532:32: error: too few arguments to function ‘hancurkan_objek’; expected 2, have 1
 3532 |                 if (obj_batas) hancurkan_objek(obj_batas);
      |                                ^~~~~~~~~~~~~~~
../core_c/../core/enki_object.h:47:6: note: declared here
   47 | void hancurkan_objek(EnkiObject* obj, int mode_dinamis);
      |      ^~~~~~~~~~~~~~~
../core_c/enki_interpreter.c:3535:28: error: too few arguments to function ‘hancurkan_objek’; expected 2, have 1
 3535 |             if (obj_batas) hancurkan_objek(obj_batas);
      |                            ^~~~~~~~~~~~~~~
../core_c/../core/enki_object.h:47:6: note: declared here
   47 | void hancurkan_objek(EnkiObject* obj, int mode_dinamis);
      |      ^~~~~~~~~~~~~~~
../core_c/enki_interpreter.c:3542:52: error: too few arguments to function ‘hancurkan_objek’; expected 2, have 1
 3542 |                         if (ram->kavling[j].objek) hancurkan_objek(ram->kavling[j].objek);
      |                                                    ^~~~~~~~~~~~~~~
../core_c/../core/enki_object.h:47:6: note: declared here
   47 | void hancurkan_objek(EnkiObject* obj, int mode_dinamis);
      |      ^~~~~~~~~~~~~~~
../core_c/enki_interpreter.c:3543:49: error: too few arguments to function ‘ciptakan_angka’; expected 2, have 1
 3543 |                         ram->kavling[j].objek = ciptakan_angka((double)i);
      |                                                 ^~~~~~~~~~~~~~
../core_c/../core/enki_object.h:38:13: note: declared here
   38 | EnkiObject* ciptakan_angka(double nilai, int mode_dinamis);
      |             ^~~~~~~~~~~~~~
../core_c/enki_interpreter.c:3551:55: error: too few arguments to function ‘ciptakan_angka’; expected 2, have 1
 3551 |                     ram->kavling[ram->jumlah].objek = ciptakan_angka((double)i);
      |                                                       ^~~~~~~~~~~~~~
../core_c/../core/enki_object.h:38:13: note: declared here
   38 | EnkiObject* ciptakan_angka(double nilai, int mode_dinamis);
      |             ^~~~~~~~~~~~~~
../core_c/enki_interpreter.c:3597:25: error: too few arguments to function ‘hancurkan_objek’; expected 2, have 1
 3597 |         if (obj_target) hancurkan_objek(obj_target);
      |                         ^~~~~~~~~~~~~~~
../core_c/../core/enki_object.h:47:6: note: declared here
   47 | void hancurkan_objek(EnkiObject* obj, int mode_dinamis);
      |      ^~~~~~~~~~~~~~~
../core_c/enki_interpreter.c:3663:48: error: too few arguments to function ‘hancurkan_objek’; expected 2, have 1
 3663 |                     if (ram->kavling[i].objek) hancurkan_objek(ram->kavling[i].objek);
      |                                                ^~~~~~~~~~~~~~~
../core_c/../core/enki_object.h:47:6: note: declared here
   47 | void hancurkan_objek(EnkiObject* obj, int mode_dinamis);
      |      ^~~~~~~~~~~~~~~
../core_c/enki_interpreter.c:3666:45: error: too few arguments to function ‘ciptakan_kosong’; expected 1, have 0
 3666 |                     ram->kavling[i].objek = ciptakan_kosong();
      |                                             ^~~~~~~~~~~~~~~
../core_c/../core/enki_object.h:44:13: note: declared here
   44 | EnkiObject* ciptakan_kosong(int mode_dinamis);
      |             ^~~~~~~~~~~~~~~
../core_c/enki_interpreter.c:3687:13: error: too few arguments to function ‘hancurkan_objek’; expected 2, have 1
 3687 |             hancurkan_objek(obj_waktu);
      |             ^~~~~~~~~~~~~~~
../core_c/../core/enki_object.h:47:6: note: declared here
   47 | void hancurkan_objek(EnkiObject* obj, int mode_dinamis);
      |      ^~~~~~~~~~~~~~~
../core_c/enki_interpreter.c:3715:36: error: too few arguments to function ‘hancurkan_objek’; expected 2, have 1
 3715 |             if (akar_utama->objek) hancurkan_objek(akar_utama->objek);
      |                                    ^~~~~~~~~~~~~~~
../core_c/../core/enki_object.h:47:6: note: declared here
   47 | void hancurkan_objek(EnkiObject* obj, int mode_dinamis);
      |      ^~~~~~~~~~~~~~~
../core_c/enki_interpreter.c:3724:52: error: too few arguments to function ‘ciptakan_salinan_objek’; expected 2, have 1
 3724 |             akar_utama->objek = masa_lalu->objek ? ciptakan_salinan_objek(masa_lalu->objek) : NULL;
      |                                                    ^~~~~~~~~~~~~~~~~~~~~~
../core_c/../core/enki_object.h:43:13: note: declared here
   43 | EnkiObject* ciptakan_salinan_objek(EnkiObject* sumber, int mode_dinamis);
      |             ^~~~~~~~~~~~~~~~~~~~~~
../core_c/enki_interpreter.c:3742:83: error: too few arguments to function ‘ciptakan_teks’; expected 2, have 1
 3742 |                 if (ram->pesan_error_tabu) { simpan_ke_ram(ram, node->nilai_teks, ciptakan_teks(ram->pesan_error_tabu)); free(ram->pesan_error_tabu); ram->pesan_error_tabu = NULL; }
      |                                                                                   ^~~~~~~~~~~~~
../core_c/../core/enki_object.h:39:13: note: declared here
   39 | EnkiObject* ciptakan_teks(const char* nilai, int mode_dinamis);
      |             ^~~~~~~~~~~~~
../core_c/enki_interpreter.c:3743:59: error: too few arguments to function ‘ciptakan_teks’; expected 2, have 1
 3743 |                 else simpan_ke_ram(ram, node->nilai_teks, ciptakan_teks("Kiamat Tak Dikenal"));
      |                                                           ^~~~~~~~~~~~~
../core_c/../core/enki_object.h:39:13: note: declared here
   39 | EnkiObject* ciptakan_teks(const char* nilai, int mode_dinamis);
      |             ^~~~~~~~~~~~~
../core_c/enki_interpreter.c:3754:46: error: too few arguments to function ‘ciptakan_teks’; expected 2, have 1
 3754 |         simpan_ke_ram(ram, node->nilai_teks, ciptakan_teks("<fungsi_kustom>"));
      |                                              ^~~~~~~~~~~~~
../core_c/../core/enki_object.h:39:13: note: declared here
   39 | EnkiObject* ciptakan_teks(const char* nilai, int mode_dinamis);
      |             ^~~~~~~~~~~~~
../core_c/enki_interpreter.c:3763:37: error: too few arguments to function ‘hancurkan_objek’; expected 2, have 1
 3763 |         if (ram->nilai_kembalian) { hancurkan_objek(ram->nilai_kembalian); ram->nilai_kembalian = NULL; }
      |                                     ^~~~~~~~~~~~~~~
../core_c/../core/enki_object.h:47:6: note: declared here
   47 | void hancurkan_objek(EnkiObject* obj, int mode_dinamis);
      |      ^~~~~~~~~~~~~~~
../core_c/enki_interpreter.c:3768:36: error: too few arguments to function ‘ciptakan_kosong’; expected 1, have 0
 3768 |             ram->nilai_kembalian = ciptakan_kosong();
      |                                    ^~~~~~~~~~~~~~~
../core_c/../core/enki_object.h:44:13: note: declared here
   44 | EnkiObject* ciptakan_kosong(int mode_dinamis);
      |             ^~~~~~~~~~~~~~~
../core_c/enki_interpreter.c:3776:27: error: too few arguments to function ‘hancurkan_objek’; expected 2, have 1
 3776 |         if (hasil_mutasi) hancurkan_objek(hasil_mutasi);
      |                           ^~~~~~~~~~~~~~~
../core_c/../core/enki_object.h:47:6: note: declared here
   47 | void hancurkan_objek(EnkiObject* obj, int mode_dinamis);
      |      ^~~~~~~~~~~~~~~
../core_c/enki_scheduler.c: In function ‘pelari_jadwal’:
../core_c/enki_scheduler.c:46:21: error: too few arguments to function ‘hancurkan_objek’; expected 2, have 1
   46 |     if (target_obj) hancurkan_objek(target_obj);
      |                     ^~~~~~~~~~~~~~~
In file included from ../core_c/enki_interpreter.h:6,
                 from ../core_c/enki_scheduler.h:5,
                 from ../core_c/enki_scheduler.c:6:
../core_c/../core/enki_object.h:47:6: note: declared here
   47 | void hancurkan_objek(EnkiObject* obj, int mode_dinamis);
      |      ^~~~~~~~~~~~~~~
../core_c/enki_scheduler.c: In function ‘pelari_effort’:
../core_c/enki_scheduler.c:69:21: error: too few arguments to function ‘hancurkan_objek’; expected 2, have 1
   69 |     if (target_obj) hancurkan_objek(target_obj);
      |                     ^~~~~~~~~~~~~~~
../core_c/../core/enki_object.h:47:6: note: declared here
   47 | void hancurkan_objek(EnkiObject* obj, int mode_dinamis);
      |      ^~~~~~~~~~~~~~~
../otim/otim_parser.c: In function ‘parse_otim’:
../otim/otim_parser.c:44:27: error: too few arguments to function ‘ciptakan_objek_peta’; expected 2, have 1
   44 |     EnkiObject* root_ui = ciptakan_objek_peta(0);
      |                           ^~~~~~~~~~~~~~~~~~~
In file included from ../otim/otim_parser.h:5,
                 from ../otim/otim_parser.c:4:
../otim/../core/enki_object.h:41:13: note: declared here
   41 | EnkiObject* ciptakan_objek_peta(int kapasitas, int mode_dinamis);
      |             ^~~~~~~~~~~~~~~~~~~
../otim/otim_parser.c:45:30: error: too few arguments to function ‘ciptakan_array’; expected 2, have 1
   45 |     EnkiObject* array_anak = ciptakan_array(0);
      |                              ^~~~~~~~~~~~~~
../otim/../core/enki_object.h:40:13: note: declared here
   40 | EnkiObject* ciptakan_array(int kapasitas, int mode_dinamis);
      |             ^~~~~~~~~~~~~~
../otim/otim_parser.c:55:41: error: too few arguments to function ‘ciptakan_teks’; expected 2, have 1
   55 |     o_simpan_ke_objek(root_ui, "jenis", ciptakan_teks("akar_dokumen"), 1);
      |                                         ^~~~~~~~~~~~~
../otim/../core/enki_object.h:39:13: note: declared here
   39 | EnkiObject* ciptakan_teks(const char* nilai, int mode_dinamis);
      |             ^~~~~~~~~~~~~
../otim/otim_parser.c:55:5: error: too many arguments to function ‘o_simpan_ke_objek’; expected 3, have 4
   55 |     o_simpan_ke_objek(root_ui, "jenis", ciptakan_teks("akar_dokumen"), 1);
      |     ^~~~~~~~~~~~~~~~~                                                  ~
../otim/otim_parser.c:27:13: note: declared here
   27 | static void o_simpan_ke_objek(EnkiObject* obj, const char* kunci, EnkiObject* nilai) {
      |             ^~~~~~~~~~~~~~~~~
../otim/otim_parser.c: In function ‘parse_otim_elemen’:
../otim/otim_parser.c:64:33: error: too few arguments to function ‘ciptakan_objek_peta’; expected 2, have 1
   64 |         EnkiObject* node_teks = ciptakan_objek_peta(0);
      |                                 ^~~~~~~~~~~~~~~~~~~
../otim/../core/enki_object.h:41:13: note: declared here
   41 | EnkiObject* ciptakan_objek_peta(int kapasitas, int mode_dinamis);
      |             ^~~~~~~~~~~~~~~~~~~
../otim/otim_parser.c:72:35: error: too few arguments to function ‘ciptakan_objek_peta’; expected 2, have 1
   72 |         EnkiObject* node_elemen = ciptakan_objek_peta(0);
      |                                   ^~~~~~~~~~~~~~~~~~~
../otim/../core/enki_object.h:41:13: note: declared here
   41 | EnkiObject* ciptakan_objek_peta(int kapasitas, int mode_dinamis);
      |             ^~~~~~~~~~~~~~~~~~~
../otim/otim_parser.c:73:71: error: expected ‘)’ before ‘{’ token
   73 |         o_simpan_ke_objek(node_elemen, "jenis", ciptakan_teks("tag", 1
      |                                                              ~        ^
      |                                                                       )
   74 |         {}));
      |         ~                                                              
../otim/otim_parser.c:78:92: error: expected expression before ‘)’ token
   78 |         if (t.atribut) o_simpan_ke_objek(node_elemen, "atribut", ciptakan_teks(t.atribut, !));
      |                                                                                            ^
../otim/otim_parser.c:80:34: error: too few arguments to function ‘ciptakan_array’; expected 2, have 1
   80 |         EnkiObject* array_anak = ciptakan_array(0);
      |                                  ^~~~~~~~~~~~~~
../otim/../core/enki_object.h:40:13: note: declared here
   40 | EnkiObject* ciptakan_array(int kapasitas, int mode_dinamis);
      |             ^~~~~~~~~~~~~~
../otim/otim_parser.c:104:66: error: too few arguments to function ‘ciptakan_teks’; expected 2, have 1
  104 |                     o_simpan_ke_objek(node_elemen, "teks_dalam", ciptakan_teks(anak_pertama->nilai.objek_peta.konten[j]->nilai.teks), 1);
      |                                                                  ^~~~~~~~~~~~~
../otim/../core/enki_object.h:39:13: note: declared here
   39 | EnkiObject* ciptakan_teks(const char* nilai, int mode_dinamis);
      |             ^~~~~~~~~~~~~
In file included from ../snul/snul_parser.h:5,
                 from ../snul/snul_parser.c:4:
../snul/../core/enki_object.h:59:13: error: conflicting types for ‘ciptakan_angka’; have ‘EnkiObject *(double,  int)’
   59 | EnkiObject* ciptakan_angka(double nilai, int mode_dinamis);
      |             ^~~~~~~~~~~~~~
../snul/../core/enki_object.h:48:13: note: previous declaration of ‘ciptakan_angka’ with type ‘EnkiObject *(double)’
   48 | EnkiObject* ciptakan_angka(double nilai);
      |             ^~~~~~~~~~~~~~
../snul/../core/enki_object.h:60:13: error: conflicting types for ‘ciptakan_teks’; have ‘EnkiObject *(const char *, int)’
   60 | EnkiObject* ciptakan_teks(const char* nilai, int mode_dinamis);
      |             ^~~~~~~~~~~~~
../snul/../core/enki_object.h:49:13: note: previous declaration of ‘ciptakan_teks’ with type ‘EnkiObject *(const char *)’
   49 | EnkiObject* ciptakan_teks(const char* nilai);
      |             ^~~~~~~~~~~~~
../snul/../core/enki_object.h:61:13: error: conflicting types for ‘ciptakan_array’; have ‘EnkiObject *(int,  int)’
   61 | EnkiObject* ciptakan_array(int kapasitas, int mode_dinamis);
      |             ^~~~~~~~~~~~~~
../snul/../core/enki_object.h:50:13: note: previous declaration of ‘ciptakan_array’ with type ‘EnkiObject *(int)’
   50 | EnkiObject* ciptakan_array(int kapasitas);
      |             ^~~~~~~~~~~~~~
../snul/../core/enki_object.h:62:13: error: conflicting types for ‘ciptakan_objek_peta’; have ‘EnkiObject *(int,  int)’
   62 | EnkiObject* ciptakan_objek_peta(int kapasitas, int mode_dinamis);
      |             ^~~~~~~~~~~~~~~~~~~
../snul/../core/enki_object.h:51:13: note: previous declaration of ‘ciptakan_objek_peta’ with type ‘EnkiObject *(int)’
   51 | EnkiObject* ciptakan_objek_peta(int kapasitas); // Untuk Dictionary/JSON
      |             ^~~~~~~~~~~~~~~~~~~
../snul/../core/enki_object.h:63:13: error: conflicting types for ‘ciptakan_blob’; have ‘EnkiObject *(const unsigned char *, size_t,  int)’ {aka ‘EnkiObject *(const unsigned char *, long unsigned int,  int)’}
   63 | EnkiObject* ciptakan_blob(const unsigned char* data, size_t ukuran, int mode_dinamis);
      |             ^~~~~~~~~~~~~
../snul/../core/enki_object.h:52:13: note: previous declaration of ‘ciptakan_blob’ with type ‘EnkiObject *(const unsigned char *, size_t)’ {aka ‘EnkiObject *(const unsigned char *, long unsigned int)’}
   52 | EnkiObject* ciptakan_blob(const unsigned char* data, size_t ukuran);
      |             ^~~~~~~~~~~~~
../snul/../core/enki_object.h:64:13: error: conflicting types for ‘ciptakan_salinan_objek’; have ‘EnkiObject *(EnkiObject *, int)’
   64 | EnkiObject* ciptakan_salinan_objek(EnkiObject* sumber, int mode_dinamis);
      |             ^~~~~~~~~~~~~~~~~~~~~~
../snul/../core/enki_object.h:53:13: note: previous declaration of ‘ciptakan_salinan_objek’ with type ‘EnkiObject *(EnkiObject *)’
   53 | EnkiObject* ciptakan_salinan_objek(EnkiObject* sumber);
      |             ^~~~~~~~~~~~~~~~~~~~~~
../snul/../core/enki_object.h:65:13: error: conflicting types for ‘ciptakan_kosong’; have ‘EnkiObject *(int)’
   65 | EnkiObject* ciptakan_kosong(int mode_dinamis);
      |             ^~~~~~~~~~~~~~~
../snul/../core/enki_object.h:54:13: note: previous declaration of ‘ciptakan_kosong’ with type ‘EnkiObject *(void)’
   54 | EnkiObject* ciptakan_kosong();
      |             ^~~~~~~~~~~~~~~
../snul/../core/enki_object.h:71:6: error: conflicting types for ‘hancurkan_objek’; have ‘void(EnkiObject *)’
   71 | void hancurkan_objek(EnkiObject* obj);
      |      ^~~~~~~~~~~~~~~
../snul/../core/enki_object.h:67:6: note: previous declaration of ‘hancurkan_objek’ with type ‘void(EnkiObject *, int)’
   67 | void hancurkan_objek(EnkiObject* obj, int mode_dinamis);
      |      ^~~~~~~~~~~~~~~
../snul/snul_parser.c: In function ‘o_simpan_ke_objek’:
../snul/snul_parser.c:28:53: error: too few arguments to function ‘ciptakan_teks’; expected 2, have 1
   28 |     obj->nilai.objek_peta.kunci[obj->panjang - 1] = ciptakan_teks(kunci);
      |                                                     ^~~~~~~~~~~~~
../snul/../core/enki_object.h:60:13: note: declared here
   60 | EnkiObject* ciptakan_teks(const char* nilai, int mode_dinamis);
      |             ^~~~~~~~~~~~~
../snul/snul_parser.c: In function ‘parse_snul’:
../snul/snul_parser.c:34:29: error: too few arguments to function ‘ciptakan_objek_peta’; expected 2, have 1
   34 |     EnkiObject* root_gaya = ciptakan_objek_peta(0); // Kamus Besar Kosmetik
      |                             ^~~~~~~~~~~~~~~~~~~
../snul/../core/enki_object.h:62:13: note: declared here
   62 | EnkiObject* ciptakan_objek_peta(int kapasitas, int mode_dinamis);
      |             ^~~~~~~~~~~~~~~~~~~
../snul/snul_parser.c:47:43: error: too few arguments to function ‘ciptakan_objek_peta’; expected 2, have 1
   47 |                 EnkiObject* aturan_gaya = ciptakan_objek_peta(0); // Kamus kecil untuk properti
      |                                           ^~~~~~~~~~~~~~~~~~~
../snul/../core/enki_object.h:62:13: note: declared here
   62 | EnkiObject* ciptakan_objek_peta(int kapasitas, int mode_dinamis);
      |             ^~~~~~~~~~~~~~~~~~~
../snul/snul_parser.c:58:71: error: too few arguments to function ‘ciptakan_teks’; expected 2, have 1
   58 |                             o_simpan_ke_objek(aturan_gaya, nama_prop, ciptakan_teks(t_sekarang(&p).teks));
      |                                                                       ^~~~~~~~~~~~~
../snul/../core/enki_object.h:60:13: note: declared here
   60 | EnkiObject* ciptakan_teks(const char* nilai, int mode_dinamis);
      |             ^~~~~~~~~~~~~
../snul/snul_parser.c:61:71: error: too few arguments to function ‘ciptakan_teks’; expected 2, have 1
   61 |                             o_simpan_ke_objek(aturan_gaya, nama_prop, ciptakan_teks(""));
      |                                                                       ^~~~~~~~~~~~~
../snul/../core/enki_object.h:60:13: note: declared here
   60 | EnkiObject* ciptakan_teks(const char* nilai, int mode_dinamis);
      |             ^~~~~~~~~~~~~
In file included from ../gui/gui_renderer.c:7:
../gui/../core/enki_object.h:59:13: error: conflicting types for ‘ciptakan_angka’; have ‘EnkiObject *(double,  int)’
   59 | EnkiObject* ciptakan_angka(double nilai, int mode_dinamis);
      |             ^~~~~~~~~~~~~~
../gui/../core/enki_object.h:48:13: note: previous declaration of ‘ciptakan_angka’ with type ‘EnkiObject *(double)’
   48 | EnkiObject* ciptakan_angka(double nilai);
      |             ^~~~~~~~~~~~~~
../gui/../core/enki_object.h:60:13: error: conflicting types for ‘ciptakan_teks’; have ‘EnkiObject *(const char *, int)’
   60 | EnkiObject* ciptakan_teks(const char* nilai, int mode_dinamis);
      |             ^~~~~~~~~~~~~
../gui/../core/enki_object.h:49:13: note: previous declaration of ‘ciptakan_teks’ with type ‘EnkiObject *(const char *)’
   49 | EnkiObject* ciptakan_teks(const char* nilai);
      |             ^~~~~~~~~~~~~
../gui/../core/enki_object.h:61:13: error: conflicting types for ‘ciptakan_array’; have ‘EnkiObject *(int,  int)’
   61 | EnkiObject* ciptakan_array(int kapasitas, int mode_dinamis);
      |             ^~~~~~~~~~~~~~
../gui/../core/enki_object.h:50:13: note: previous declaration of ‘ciptakan_array’ with type ‘EnkiObject *(int)’
   50 | EnkiObject* ciptakan_array(int kapasitas);
      |             ^~~~~~~~~~~~~~
../gui/../core/enki_object.h:62:13: error: conflicting types for ‘ciptakan_objek_peta’; have ‘EnkiObject *(int,  int)’
   62 | EnkiObject* ciptakan_objek_peta(int kapasitas, int mode_dinamis);
      |             ^~~~~~~~~~~~~~~~~~~
../gui/../core/enki_object.h:51:13: note: previous declaration of ‘ciptakan_objek_peta’ with type ‘EnkiObject *(int)’
   51 | EnkiObject* ciptakan_objek_peta(int kapasitas); // Untuk Dictionary/JSON
      |             ^~~~~~~~~~~~~~~~~~~
../gui/../core/enki_object.h:63:13: error: conflicting types for ‘ciptakan_blob’; have ‘EnkiObject *(const unsigned char *, size_t,  int)’ {aka ‘EnkiObject *(const unsigned char *, long unsigned int,  int)’}
   63 | EnkiObject* ciptakan_blob(const unsigned char* data, size_t ukuran, int mode_dinamis);
      |             ^~~~~~~~~~~~~
../gui/../core/enki_object.h:52:13: note: previous declaration of ‘ciptakan_blob’ with type ‘EnkiObject *(const unsigned char *, size_t)’ {aka ‘EnkiObject *(const unsigned char *, long unsigned int)’}
   52 | EnkiObject* ciptakan_blob(const unsigned char* data, size_t ukuran);
      |             ^~~~~~~~~~~~~
../gui/../core/enki_object.h:64:13: error: conflicting types for ‘ciptakan_salinan_objek’; have ‘EnkiObject *(EnkiObject *, int)’
   64 | EnkiObject* ciptakan_salinan_objek(EnkiObject* sumber, int mode_dinamis);
      |             ^~~~~~~~~~~~~~~~~~~~~~
../gui/../core/enki_object.h:53:13: note: previous declaration of ‘ciptakan_salinan_objek’ with type ‘EnkiObject *(EnkiObject *)’
   53 | EnkiObject* ciptakan_salinan_objek(EnkiObject* sumber);
      |             ^~~~~~~~~~~~~~~~~~~~~~
../gui/../core/enki_object.h:65:13: error: conflicting types for ‘ciptakan_kosong’; have ‘EnkiObject *(int)’
   65 | EnkiObject* ciptakan_kosong(int mode_dinamis);
      |             ^~~~~~~~~~~~~~~
../gui/../core/enki_object.h:54:13: note: previous declaration of ‘ciptakan_kosong’ with type ‘EnkiObject *(void)’
   54 | EnkiObject* ciptakan_kosong();
      |             ^~~~~~~~~~~~~~~
../gui/../core/enki_object.h:71:6: error: conflicting types for ‘hancurkan_objek’; have ‘void(EnkiObject *)’
   71 | void hancurkan_objek(EnkiObject* obj);
      |      ^~~~~~~~~~~~~~~
../gui/../core/enki_object.h:67:6: note: previous declaration of ‘hancurkan_objek’ with type ‘void(EnkiObject *, int)’
   67 | void hancurkan_objek(EnkiObject* obj, int mode_dinamis);
      |      ^~~~~~~~~~~~~~~
../gui/gui_renderer.c: In function ‘gambar_elemen_otim’:
../gui/gui_renderer.c:249:71: error: too few arguments to function ‘ciptakan_teks’; expected 2, have 1
  249 |                 elemen->nilai.objek_peta.kunci[elemen->panjang - 1] = ciptakan_teks("teks_input");
      |                                                                       ^~~~~~~~~~~~~
../gui/../core/enki_object.h:60:13: note: declared here
   60 | EnkiObject* ciptakan_teks(const char* nilai, int mode_dinamis);
      |             ^~~~~~~~~~~~~
../gui/gui_renderer.c:250:72: error: too few arguments to function ‘ciptakan_teks’; expected 2, have 1
  250 |                 elemen->nilai.objek_peta.konten[elemen->panjang - 1] = ciptakan_teks(daftar_nilai[indeks_saya]);
      |                                                                        ^~~~~~~~~~~~~
../gui/../core/enki_object.h:60:13: note: declared here
   60 | EnkiObject* ciptakan_teks(const char* nilai, int mode_dinamis);
      |             ^~~~~~~~~~~~~
make: *** [Makefile:35: build] Error 1
