gcc -Wall -Wextra -g main.c tui_renderer.c ../core_c/enki_os.c ../core_c/enki_lexer.c ../core_c/enki_parser.c ../core_c/enki_interpreter.c ../core_c/enki_scheduler.c ../core_c/enki_network.c ../core_c/enki_file_system.c ../core/enki_object.c ../core/array/ku.c ../core/array/ko.c ../core/array/panjang.c ../otim/otim_lexer.c ../otim/otim_parser.c ../snul/snul_lexer.c ../snul/snul_parser.c ../gui/gui_renderer.c ../core/enki_memory.c    -o ../../bin/unul -lm -lreadline -pthread -lcurl -lraylib
../core_c/enki_interpreter.c: In function ‘simpan_jejak_mesin_waktu’:
../core_c/enki_interpreter.c:547:37: error: too few arguments to function ‘ciptakan_salinan_objek’; expected 2, have 1
  547 |     jejak->objek = kavling->objek ? ciptakan_salinan_objek(kavling->objek) : NULL;
      |                                     ^~~~~~~~~~~~~~~~~~~~~~
In file included from ../core_c/enki_interpreter.h:6,
                 from ../core_c/enki_interpreter.c:15:
../core_c/../core/enki_object.h:43:13: note: declared here
   43 | EnkiObject* ciptakan_salinan_objek(EnkiObject* sumber, int mode_dinamis);
      |             ^~~~~~~~~~~~~~~~~~~~~~
../core_c/enki_interpreter.c: In function ‘pulihkan_jejak_mesin_waktu’:
../core_c/enki_interpreter.c:555:29: error: too few arguments to function ‘hancurkan_objek’; expected 2, have 1
  555 |         if (kavling->objek) hancurkan_objek(kavling->objek);
      |                             ^~~~~~~~~~~~~~~
../core_c/../core/enki_object.h:47:6: note: declared here
   47 | void hancurkan_objek(EnkiObject* obj, int mode_dinamis);
      |      ^~~~~~~~~~~~~~~
../core_c/enki_interpreter.c: In function ‘temukan_atau_ciptakan_kavling’:
../core_c/enki_interpreter.c:602:35: error: too few arguments to function ‘hancurkan_objek’; expected 2, have 1
  602 |                 if (induk->objek) hancurkan_objek(induk->objek);
      |                                   ^~~~~~~~~~~~~~~
../core_c/../core/enki_object.h:47:6: note: declared here
   47 | void hancurkan_objek(EnkiObject* obj, int mode_dinamis);
      |      ^~~~~~~~~~~~~~~
../core_c/enki_interpreter.c:603:32: error: too few arguments to function ‘ciptakan_objek_peta’; expected 2, have 1
  603 |                 induk->objek = ciptakan_objek_peta(10);
      |                                ^~~~~~~~~~~~~~~~~~~
../core_c/../core/enki_object.h:41:13: note: declared here
   41 | EnkiObject* ciptakan_objek_peta(int kapasitas, int mode_dinamis);
      |             ^~~~~~~~~~~~~~~~~~~
../core_c/enki_interpreter.c:610:55: error: too few arguments to function ‘ciptakan_teks’; expected 2, have 1
  610 |             simpan_ke_ram(ram_anak, node->nilai_teks, ciptakan_teks("[MUTASI]"));
      |                                                       ^~~~~~~~~~~~~
../core_c/../core/enki_object.h:39:13: note: declared here
   39 | EnkiObject* ciptakan_teks(const char* nilai, int mode_dinamis);
      |             ^~~~~~~~~~~~~
../core_c/enki_interpreter.c: In function ‘sihir_temukan_alamat_memori’:
../core_c/enki_interpreter.c:677:33: error: too few arguments to function ‘hancurkan_objek’; expected 2, have 1
  677 |                 if (obj_indeks) hancurkan_objek(obj_indeks);
      |                                 ^~~~~~~~~~~~~~~
../core_c/../core/enki_object.h:47:6: note: declared here
   47 | void hancurkan_objek(EnkiObject* obj, int mode_dinamis);
      |      ^~~~~~~~~~~~~~~
../core_c/enki_interpreter.c:684:41: error: too few arguments to function ‘hancurkan_objek’; expected 2, have 1
  684 |                         if (obj_indeks) hancurkan_objek(obj_indeks);
      |                                         ^~~~~~~~~~~~~~~
../core_c/../core/enki_object.h:47:6: note: declared here
   47 | void hancurkan_objek(EnkiObject* obj, int mode_dinamis);
      |      ^~~~~~~~~~~~~~~
../core_c/enki_interpreter.c:688:33: error: too few arguments to function ‘hancurkan_objek’; expected 2, have 1
  688 |                 if (obj_indeks) hancurkan_objek(obj_indeks);
      |                                 ^~~~~~~~~~~~~~~
../core_c/../core/enki_object.h:47:6: note: declared here
   47 | void hancurkan_objek(EnkiObject* obj, int mode_dinamis);
      |      ^~~~~~~~~~~~~~~
../core_c/enki_interpreter.c:690:33: error: too few arguments to function ‘hancurkan_objek’; expected 2, have 1
  690 |                 if (obj_indeks) hancurkan_objek(obj_indeks);
      |                                 ^~~~~~~~~~~~~~~
../core_c/../core/enki_object.h:47:6: note: declared here
   47 | void hancurkan_objek(EnkiObject* obj, int mode_dinamis);
      |      ^~~~~~~~~~~~~~~
../core_c/enki_interpreter.c: In function ‘bungkus_dimensi_ke_objek’:
../core_c/enki_interpreter.c:912:22: error: too few arguments to function ‘ciptakan_kosong’; expected 1, have 0
  912 |     if (!kav) return ciptakan_kosong();
      |                      ^~~~~~~~~~~~~~~
../core_c/../core/enki_object.h:44:13: note: declared here
   44 | EnkiObject* ciptakan_kosong(int mode_dinamis);
      |             ^~~~~~~~~~~~~~~
../core_c/enki_interpreter.c:916:32: error: too few arguments to function ‘ciptakan_objek_peta’; expected 2, have 1
  916 |         EnkiObject* obj_peta = ciptakan_objek_peta(kav->anak_anak->jumlah);
      |                                ^~~~~~~~~~~~~~~~~~~
../core_c/../core/enki_object.h:41:13: note: declared here
   41 | EnkiObject* ciptakan_objek_peta(int kapasitas, int mode_dinamis);
      |             ^~~~~~~~~~~~~~~~~~~
../core_c/enki_interpreter.c:923:51: error: too few arguments to function ‘ciptakan_teks’; expected 2, have 1
  923 |             obj_peta->nilai.objek_peta.kunci[i] = ciptakan_teks(anak->nama);
      |                                                   ^~~~~~~~~~~~~
../core_c/../core/enki_object.h:39:13: note: declared here
   39 | EnkiObject* ciptakan_teks(const char* nilai, int mode_dinamis);
      |             ^~~~~~~~~~~~~
../core_c/enki_interpreter.c:929:70: error: too few arguments to function ‘ciptakan_salinan_objek’; expected 2, have 1
  929 |                 obj_peta->nilai.objek_peta.konten[i] = anak->objek ? ciptakan_salinan_objek(anak->objek) : ciptakan_kosong();
      |                                                                      ^~~~~~~~~~~~~~~~~~~~~~
../core_c/../core/enki_object.h:43:13: note: declared here
   43 | EnkiObject* ciptakan_salinan_objek(EnkiObject* sumber, int mode_dinamis);
      |             ^~~~~~~~~~~~~~~~~~~~~~
../core_c/enki_interpreter.c:929:108: error: too few arguments to function ‘ciptakan_kosong’; expected 1, have 0
  929 |                 obj_peta->nilai.objek_peta.konten[i] = anak->objek ? ciptakan_salinan_objek(anak->objek) : ciptakan_kosong();
      |                                                                                                            ^~~~~~~~~~~~~~~
../core_c/../core/enki_object.h:44:13: note: declared here
   44 | EnkiObject* ciptakan_kosong(int mode_dinamis);
      |             ^~~~~~~~~~~~~~~
../core_c/enki_interpreter.c:936:25: error: too few arguments to function ‘ciptakan_salinan_objek’; expected 2, have 1
  936 |     return kav->objek ? ciptakan_salinan_objek(kav->objek) : ciptakan_kosong();
      |                         ^~~~~~~~~~~~~~~~~~~~~~
../core_c/../core/enki_object.h:43:13: note: declared here
   43 | EnkiObject* ciptakan_salinan_objek(EnkiObject* sumber, int mode_dinamis);
      |             ^~~~~~~~~~~~~~~~~~~~~~
../core_c/enki_interpreter.c:936:62: error: too few arguments to function ‘ciptakan_kosong’; expected 1, have 0
  936 |     return kav->objek ? ciptakan_salinan_objek(kav->objek) : ciptakan_kosong();
      |                                                              ^~~~~~~~~~~~~~~
../core_c/../core/enki_object.h:44:13: note: declared here
   44 | EnkiObject* ciptakan_kosong(int mode_dinamis);
      |             ^~~~~~~~~~~~~~~
../core_c/enki_interpreter.c: In function ‘muat_anu’:
../core_c/enki_interpreter.c:944:42: error: too few arguments to function ‘ciptakan_teks’; expected 2, have 1
  944 |     simpan_ke_ram(ram, "__STATUS_ANU__", ciptakan_teks("ADA"));
      |                                          ^~~~~~~~~~~~~
../core_c/../core/enki_object.h:39:13: note: declared here
   39 | EnkiObject* ciptakan_teks(const char* nilai, int mode_dinamis);
      |             ^~~~~~~~~~~~~
../core_c/enki_interpreter.c:962:44: error: too few arguments to function ‘ciptakan_teks’; expected 2, have 1
  962 |             simpan_ke_ram(ram, kunci_aman, ciptakan_teks(nilai));
      |                                            ^~~~~~~~~~~~~
../core_c/../core/enki_object.h:39:13: note: declared here
   39 | EnkiObject* ciptakan_teks(const char* nilai, int mode_dinamis);
      |             ^~~~~~~~~~~~~
../core_c/enki_interpreter.c: In function ‘evaluasi_ekspresi’:
../core_c/enki_interpreter.c:991:23: error: too few arguments to function ‘ciptakan_kosong’; expected 1, have 0
  991 |     if (!node) return ciptakan_kosong();
      |                       ^~~~~~~~~~~~~~~
../core_c/../core/enki_object.h:44:13: note: declared here
   44 | EnkiObject* ciptakan_kosong(int mode_dinamis);
      |             ^~~~~~~~~~~~~~~
../core_c/enki_interpreter.c:1006:34: error: too few arguments to function ‘ciptakan_kosong’; expected 1, have 0
 1006 |         if (!teks_mentah) return ciptakan_kosong();
      |                                  ^~~~~~~~~~~~~~~
../core_c/../core/enki_object.h:44:13: note: declared here
   44 | EnkiObject* ciptakan_kosong(int mode_dinamis);
      |             ^~~~~~~~~~~~~~~
../core_c/enki_interpreter.c:1011:20: error: too few arguments to function ‘ciptakan_angka’; expected 2, have 1
 1011 |             return ciptakan_angka(atof(teks_mentah)); // 🪄 Ubah string "2.0" jadi double 2.0
      |                    ^~~~~~~~~~~~~~
../core_c/../core/enki_object.h:38:13: note: declared here
   38 | EnkiObject* ciptakan_angka(double nilai, int mode_dinamis);
      |             ^~~~~~~~~~~~~~
../core_c/enki_interpreter.c:1027:34: error: too few arguments to function ‘ciptakan_teks’; expected 2, have 1
 1027 |         EnkiObject* hasil_teks = ciptakan_teks(teks_final);
      |                                  ^~~~~~~~~~~~~
../core_c/../core/enki_object.h:39:13: note: declared here
   39 | EnkiObject* ciptakan_teks(const char* nilai, int mode_dinamis);
      |             ^~~~~~~~~~~~~
../core_c/enki_interpreter.c:1052:39: error: too few arguments to function ‘ciptakan_teks’; expected 2, have 1
 1052 |         simpan_ke_ram(ram, nama_anon, ciptakan_teks("<fungsi_panah>"));
      |                                       ^~~~~~~~~~~~~
../core_c/../core/enki_object.h:39:13: note: declared here
   39 | EnkiObject* ciptakan_teks(const char* nilai, int mode_dinamis);
      |             ^~~~~~~~~~~~~
../core_c/enki_interpreter.c:1059:16: error: too few arguments to function ‘ciptakan_teks’; expected 2, have 1
 1059 |         return ciptakan_teks(nama_anon); // Kembalikan nama gaibnya ke pemanggil
      |                ^~~~~~~~~~~~~
../core_c/../core/enki_object.h:39:13: note: declared here
   39 | EnkiObject* ciptakan_teks(const char* nilai, int mode_dinamis);
      |             ^~~~~~~~~~~~~
../core_c/enki_interpreter.c:1113:20: error: too few arguments to function ‘ciptakan_kosong’; expected 1, have 0
 1113 |             return ciptakan_kosong();
      |                    ^~~~~~~~~~~~~~~
../core_c/../core/enki_object.h:44:13: note: declared here
   44 | EnkiObject* ciptakan_kosong(int mode_dinamis);
      |             ^~~~~~~~~~~~~~~
../core_c/enki_interpreter.c:1140:41: error: too few arguments to function ‘ciptakan_kosong’; expected 1, have 0
 1140 |                     EnkiObject* hasil = ciptakan_kosong();
      |                                         ^~~~~~~~~~~~~~~
../core_c/../core/enki_object.h:44:13: note: declared here
   44 | EnkiObject* ciptakan_kosong(int mode_dinamis);
      |             ^~~~~~~~~~~~~~~
../core_c/enki_interpreter.c:1141:56: error: too few arguments to function ‘ciptakan_angka’; expected 2, have 1
 1141 |                     if (v->tipe == ENKI_ANGKA) hasil = ciptakan_angka(v->nilai.angka);
      |                                                        ^~~~~~~~~~~~~~
../core_c/../core/enki_object.h:38:13: note: declared here
   38 | EnkiObject* ciptakan_angka(double nilai, int mode_dinamis);
      |             ^~~~~~~~~~~~~~
../core_c/enki_interpreter.c:1142:60: error: too few arguments to function ‘ciptakan_teks’; expected 2, have 1
 1142 |                     else if (v->tipe == ENKI_TEKS) hasil = ciptakan_teks(v->nilai.teks);
      |                                                            ^~~~~~~~~~~~~
../core_c/../core/enki_object.h:39:13: note: declared here
   39 | EnkiObject* ciptakan_teks(const char* nilai, int mode_dinamis);
      |             ^~~~~~~~~~~~~
../core_c/enki_interpreter.c:1143:86: error: too few arguments to function ‘ciptakan_salinan_objek’; expected 2, have 1
 1143 |                     else if (v->tipe == ENKI_OBJEK || v->tipe == ENKI_ARRAY) hasil = ciptakan_salinan_objek(v);
      |                                                                                      ^~~~~~~~~~~~~~~~~~~~~~
../core_c/../core/enki_object.h:43:13: note: declared here
   43 | EnkiObject* ciptakan_salinan_objek(EnkiObject* sumber, int mode_dinamis);
      |             ^~~~~~~~~~~~~~~~~~~~~~
../core_c/enki_interpreter.c:1145:21: error: too few arguments to function ‘hancurkan_objek’; expected 2, have 1
 1145 |                     hancurkan_objek(induk);
      |                     ^~~~~~~~~~~~~~~
../core_c/../core/enki_object.h:47:6: note: declared here
   47 | void hancurkan_objek(EnkiObject* obj, int mode_dinamis);
      |      ^~~~~~~~~~~~~~~
../core_c/enki_interpreter.c:1152:20: error: too few arguments to function ‘hancurkan_objek’; expected 2, have 1
 1152 |         if (induk) hancurkan_objek(induk);
      |                    ^~~~~~~~~~~~~~~
../core_c/../core/enki_object.h:47:6: note: declared here
   47 | void hancurkan_objek(EnkiObject* obj, int mode_dinamis);
      |      ^~~~~~~~~~~~~~~
../core_c/enki_interpreter.c:1165:16: error: too few arguments to function ‘ciptakan_kosong’; expected 1, have 0
 1165 |         return ciptakan_kosong();
      |                ^~~~~~~~~~~~~~~
../core_c/../core/enki_object.h:44:13: note: declared here
   44 | EnkiObject* ciptakan_kosong(int mode_dinamis);
      |             ^~~~~~~~~~~~~~~
../core_c/enki_interpreter.c:1187:24: error: too few arguments to function ‘ciptakan_kosong’; expected 1, have 0
 1187 |                 return ciptakan_kosong();
      |                        ^~~~~~~~~~~~~~~
../core_c/../core/enki_object.h:44:13: note: declared here
   44 | EnkiObject* ciptakan_kosong(int mode_dinamis);
      |             ^~~~~~~~~~~~~~~
../core_c/enki_interpreter.c:1199:37: error: too few arguments to function ‘hancurkan_objek’; expected 2, have 1
 1199 |                 if (*alamat_target) hancurkan_objek(*alamat_target);
      |                                     ^~~~~~~~~~~~~~~
../core_c/../core/enki_object.h:47:6: note: declared here
   47 | void hancurkan_objek(EnkiObject* obj, int mode_dinamis);
      |      ^~~~~~~~~~~~~~~
../core_c/enki_interpreter.c:1207:32: error: too few arguments to function ‘ciptakan_kosong’; expected 1, have 0
 1207 |                         return ciptakan_kosong();
      |                                ^~~~~~~~~~~~~~~
../core_c/../core/enki_object.h:44:13: note: declared here
   44 | EnkiObject* ciptakan_kosong(int mode_dinamis);
      |             ^~~~~~~~~~~~~~~
../core_c/enki_interpreter.c:1209:48: error: too few arguments to function ‘hancurkan_objek’; expected 2, have 1
 1209 |                     if (target_kavling->objek) hancurkan_objek(target_kavling->objek);
      |                                                ^~~~~~~~~~~~~~~
../core_c/../core/enki_object.h:47:6: note: declared here
   47 | void hancurkan_objek(EnkiObject* obj, int mode_dinamis);
      |      ^~~~~~~~~~~~~~~
../core_c/enki_interpreter.c:1216:43: error: too few arguments to function ‘hancurkan_objek’; expected 2, have 1
 1216 |                     if (hasil_masa_depan) hancurkan_objek(hasil_masa_depan);
      |                                           ^~~~~~~~~~~~~~~
../core_c/../core/enki_object.h:47:6: note: declared here
   47 | void hancurkan_objek(EnkiObject* obj, int mode_dinamis);
      |      ^~~~~~~~~~~~~~~
../core_c/enki_interpreter.c:1219:20: error: too few arguments to function ‘ciptakan_kosong’; expected 1, have 0
 1219 |             return ciptakan_kosong();
      |                    ^~~~~~~~~~~~~~~
../core_c/../core/enki_object.h:44:13: note: declared here
   44 | EnkiObject* ciptakan_kosong(int mode_dinamis);
      |             ^~~~~~~~~~~~~~~
../core_c/enki_interpreter.c:1251:35: error: too few arguments to function ‘hancurkan_objek’; expected 2, have 1
 1251 |                     if (obj_kiri) hancurkan_objek(obj_kiri);
      |                                   ^~~~~~~~~~~~~~~
../core_c/../core/enki_object.h:47:6: note: declared here
   47 | void hancurkan_objek(EnkiObject* obj, int mode_dinamis);
      |      ^~~~~~~~~~~~~~~
../core_c/enki_interpreter.c:1252:36: error: too few arguments to function ‘hancurkan_objek’; expected 2, have 1
 1252 |                     if (obj_kanan) hancurkan_objek(obj_kanan);
      |                                    ^~~~~~~~~~~~~~~
../core_c/../core/enki_object.h:47:6: note: declared here
   47 | void hancurkan_objek(EnkiObject* obj, int mode_dinamis);
      |      ^~~~~~~~~~~~~~~
../core_c/enki_interpreter.c:1253:28: error: too few arguments to function ‘ciptakan_teks’; expected 2, have 1
 1253 |                     return ciptakan_teks(gabungan);
      |                            ^~~~~~~~~~~~~
../core_c/../core/enki_object.h:39:13: note: declared here
   39 | EnkiObject* ciptakan_teks(const char* nilai, int mode_dinamis);
      |             ^~~~~~~~~~~~~
../core_c/enki_interpreter.c:1274:23: error: too few arguments to function ‘hancurkan_objek’; expected 2, have 1
 1274 |         if (obj_kiri) hancurkan_objek(obj_kiri);
      |                       ^~~~~~~~~~~~~~~
../core_c/../core/enki_object.h:47:6: note: declared here
   47 | void hancurkan_objek(EnkiObject* obj, int mode_dinamis);
      |      ^~~~~~~~~~~~~~~
../core_c/enki_interpreter.c:1275:24: error: too few arguments to function ‘hancurkan_objek’; expected 2, have 1
 1275 |         if (obj_kanan) hancurkan_objek(obj_kanan);
      |                        ^~~~~~~~~~~~~~~
../core_c/../core/enki_object.h:47:6: note: declared here
   47 | void hancurkan_objek(EnkiObject* obj, int mode_dinamis);
      |      ^~~~~~~~~~~~~~~
../core_c/enki_interpreter.c:1276:16: error: too few arguments to function ‘ciptakan_angka’; expected 2, have 1
 1276 |         return ciptakan_angka(hasil_akhir);
      |                ^~~~~~~~~~~~~~
../core_c/../core/enki_object.h:38:13: note: declared here
   38 | EnkiObject* ciptakan_angka(double nilai, int mode_dinamis);
      |             ^~~~~~~~~~~~~~
../core_c/enki_interpreter.c:1281:33: error: too few arguments to function ‘ciptakan_array’; expected 2, have 1
 1281 |         EnkiObject* obj_array = ciptakan_array(node->jumlah_anak);
      |                                 ^~~~~~~~~~~~~~
../core_c/../core/enki_object.h:40:13: note: declared here
   40 | EnkiObject* ciptakan_array(int kapasitas, int mode_dinamis);
      |             ^~~~~~~~~~~~~~
../core_c/enki_interpreter.c:1288:83: error: too few arguments to function ‘ciptakan_teks’; expected 2, have 1
 1288 |                 if (elemen->tipe == ENKI_TEKS) obj_array->nilai.array_elemen[i] = ciptakan_teks(elemen->nilai.teks);
      |                                                                                   ^~~~~~~~~~~~~
../core_c/../core/enki_object.h:39:13: note: declared here
   39 | EnkiObject* ciptakan_teks(const char* nilai, int mode_dinamis);
      |             ^~~~~~~~~~~~~
../core_c/enki_interpreter.c:1289:89: error: too few arguments to function ‘ciptakan_angka’; expected 2, have 1
 1289 |                 else if (elemen->tipe == ENKI_ANGKA) obj_array->nilai.array_elemen[i] = ciptakan_angka(elemen->nilai.angka);
      |                                                                                         ^~~~~~~~~~~~~~
../core_c/../core/enki_object.h:38:13: note: declared here
   38 | EnkiObject* ciptakan_angka(double nilai, int mode_dinamis);
      |             ^~~~~~~~~~~~~~
../core_c/enki_interpreter.c:1293:56: error: too few arguments to function ‘ciptakan_salinan_objek’; expected 2, have 1
 1293 |                     obj_array->nilai.array_elemen[i] = ciptakan_salinan_objek(elemen);
      |                                                        ^~~~~~~~~~~~~~~~~~~~~~
../core_c/../core/enki_object.h:43:13: note: declared here
   43 | EnkiObject* ciptakan_salinan_objek(EnkiObject* sumber, int mode_dinamis);
      |             ^~~~~~~~~~~~~~~~~~~~~~
../core_c/enki_interpreter.c:1295:57: error: too few arguments to function ‘ciptakan_kosong’; expected 1, have 0
 1295 |                 else obj_array->nilai.array_elemen[i] = ciptakan_kosong();
      |                                                         ^~~~~~~~~~~~~~~
../core_c/../core/enki_object.h:44:13: note: declared here
   44 | EnkiObject* ciptakan_kosong(int mode_dinamis);
      |             ^~~~~~~~~~~~~~~
../core_c/enki_interpreter.c:1297:17: error: too few arguments to function ‘hancurkan_objek’; expected 2, have 1
 1297 |                 hancurkan_objek(elemen);
      |                 ^~~~~~~~~~~~~~~
../core_c/../core/enki_object.h:47:6: note: declared here
   47 | void hancurkan_objek(EnkiObject* obj, int mode_dinamis);
      |      ^~~~~~~~~~~~~~~
../core_c/enki_interpreter.c:1299:52: error: too few arguments to function ‘ciptakan_kosong’; expected 1, have 0
 1299 |                 obj_array->nilai.array_elemen[i] = ciptakan_kosong();
      |                                                    ^~~~~~~~~~~~~~~
../core_c/../core/enki_object.h:44:13: note: declared here
   44 | EnkiObject* ciptakan_kosong(int mode_dinamis);
      |             ^~~~~~~~~~~~~~~
../core_c/enki_interpreter.c:1308:32: error: too few arguments to function ‘ciptakan_objek_peta’; expected 2, have 1
 1308 |         EnkiObject* obj_peta = ciptakan_objek_peta(jumlah_pasangan);
      |                                ^~~~~~~~~~~~~~~~~~~
../core_c/../core/enki_object.h:41:13: note: declared here
   41 | EnkiObject* ciptakan_objek_peta(int kapasitas, int mode_dinamis);
      |             ^~~~~~~~~~~~~~~~~~~
../core_c/enki_interpreter.c:1316:55: error: too few arguments to function ‘ciptakan_teks’; expected 2, have 1
 1316 |                 obj_peta->nilai.objek_peta.kunci[i] = ciptakan_teks(obj_kunci->nilai.teks);
      |                                                       ^~~~~~~~~~~~~
../core_c/../core/enki_object.h:39:13: note: declared here
   39 | EnkiObject* ciptakan_teks(const char* nilai, int mode_dinamis);
      |             ^~~~~~~~~~~~~
../core_c/enki_interpreter.c:1317:56: error: too few arguments to function ‘ciptakan_salinan_objek’; expected 2, have 1
 1317 |                 obj_peta->nilai.objek_peta.konten[i] = ciptakan_salinan_objek(obj_konten);
      |                                                        ^~~~~~~~~~~~~~~~~~~~~~
../core_c/../core/enki_object.h:43:13: note: declared here
   43 | EnkiObject* ciptakan_salinan_objek(EnkiObject* sumber, int mode_dinamis);
      |             ^~~~~~~~~~~~~~~~~~~~~~
../core_c/enki_interpreter.c:1320:28: error: too few arguments to function ‘hancurkan_objek’; expected 2, have 1
 1320 |             if (obj_kunci) hancurkan_objek(obj_kunci);
      |                            ^~~~~~~~~~~~~~~
../core_c/../core/enki_object.h:47:6: note: declared here
   47 | void hancurkan_objek(EnkiObject* obj, int mode_dinamis);
      |      ^~~~~~~~~~~~~~~
../core_c/enki_interpreter.c:1321:29: error: too few arguments to function ‘hancurkan_objek’; expected 2, have 1
 1321 |             if (obj_konten) hancurkan_objek(obj_konten);
      |                             ^~~~~~~~~~~~~~~
../core_c/../core/enki_object.h:47:6: note: declared here
   47 | void hancurkan_objek(EnkiObject* obj, int mode_dinamis);
      |      ^~~~~~~~~~~~~~~
../core_c/enki_interpreter.c:1336:29: error: too few arguments to function ‘hancurkan_objek’; expected 2, have 1
 1336 |             if (obj_target) hancurkan_objek(obj_target);
      |                             ^~~~~~~~~~~~~~~
../core_c/../core/enki_object.h:47:6: note: declared here
   47 | void hancurkan_objek(EnkiObject* obj, int mode_dinamis);
      |      ^~~~~~~~~~~~~~~
../core_c/enki_interpreter.c:1337:20: error: too few arguments to function ‘ciptakan_kosong’; expected 1, have 0
 1337 |             return ciptakan_kosong();
      |                    ^~~~~~~~~~~~~~~
../core_c/../core/enki_object.h:44:13: note: declared here
   44 | EnkiObject* ciptakan_kosong(int mode_dinamis);
      |             ^~~~~~~~~~~~~~~
../core_c/enki_interpreter.c:1341:29: error: too few arguments to function ‘ciptakan_kosong’; expected 1, have 0
 1341 |         EnkiObject* hasil = ciptakan_kosong();
      |                             ^~~~~~~~~~~~~~~
../core_c/../core/enki_object.h:44:13: note: declared here
   44 | EnkiObject* ciptakan_kosong(int mode_dinamis);
      |             ^~~~~~~~~~~~~~~
../core_c/enki_interpreter.c:1372:61: error: too few arguments to function ‘ciptakan_angka’; expected 2, have 1
 1372 |                     if (elemen->tipe == ENKI_ANGKA) hasil = ciptakan_angka(elemen->nilai.angka);
      |                                                             ^~~~~~~~~~~~~~
../core_c/../core/enki_object.h:38:13: note: declared here
   38 | EnkiObject* ciptakan_angka(double nilai, int mode_dinamis);
      |             ^~~~~~~~~~~~~~
../core_c/enki_interpreter.c:1373:65: error: too few arguments to function ‘ciptakan_teks’; expected 2, have 1
 1373 |                     else if (elemen->tipe == ENKI_TEKS) hasil = ciptakan_teks(elemen->nilai.teks);
      |                                                                 ^~~~~~~~~~~~~
../core_c/../core/enki_object.h:39:13: note: declared here
   39 | EnkiObject* ciptakan_teks(const char* nilai, int mode_dinamis);
      |             ^~~~~~~~~~~~~
../core_c/enki_interpreter.c:1375:96: error: too few arguments to function ‘ciptakan_salinan_objek’; expected 2, have 1
 1375 |                     else if (elemen->tipe == ENKI_OBJEK || elemen->tipe == ENKI_ARRAY) hasil = ciptakan_salinan_objek(elemen);
      |                                                                                                ^~~~~~~~~~~~~~~~~~~~~~
../core_c/../core/enki_object.h:43:13: note: declared here
   43 | EnkiObject* ciptakan_salinan_objek(EnkiObject* sumber, int mode_dinamis);
      |             ^~~~~~~~~~~~~~~~~~~~~~
../core_c/enki_interpreter.c:1403:65: error: too few arguments to function ‘ciptakan_angka’; expected 2, have 1
 1403 |                         if (elemen->tipe == ENKI_ANGKA) hasil = ciptakan_angka(elemen->nilai.angka);
      |                                                                 ^~~~~~~~~~~~~~
../core_c/../core/enki_object.h:38:13: note: declared here
   38 | EnkiObject* ciptakan_angka(double nilai, int mode_dinamis);
      |             ^~~~~~~~~~~~~~
../core_c/enki_interpreter.c:1404:69: error: too few arguments to function ‘ciptakan_teks’; expected 2, have 1
 1404 |                         else if (elemen->tipe == ENKI_TEKS) hasil = ciptakan_teks(elemen->nilai.teks);
      |                                                                     ^~~~~~~~~~~~~
../core_c/../core/enki_object.h:39:13: note: declared here
   39 | EnkiObject* ciptakan_teks(const char* nilai, int mode_dinamis);
      |             ^~~~~~~~~~~~~
../core_c/enki_interpreter.c:1406:100: error: too few arguments to function ‘ciptakan_salinan_objek’; expected 2, have 1
 1406 |                         else if (elemen->tipe == ENKI_OBJEK || elemen->tipe == ENKI_ARRAY) hasil = ciptakan_salinan_objek(elemen);
      |                                                                                                    ^~~~~~~~~~~~~~~~~~~~~~
../core_c/../core/enki_object.h:43:13: note: declared here
   43 | EnkiObject* ciptakan_salinan_objek(EnkiObject* sumber, int mode_dinamis);
      |             ^~~~~~~~~~~~~~~~~~~~~~
../core_c/enki_interpreter.c:1426:25: error: too few arguments to function ‘hancurkan_objek’; expected 2, have 1
 1426 |         if (obj_target) hancurkan_objek(obj_target);
      |                         ^~~~~~~~~~~~~~~
../core_c/../core/enki_object.h:47:6: note: declared here
   47 | void hancurkan_objek(EnkiObject* obj, int mode_dinamis);
      |      ^~~~~~~~~~~~~~~
../core_c/enki_interpreter.c:1427:25: error: too few arguments to function ‘hancurkan_objek’; expected 2, have 1
 1427 |         if (obj_indeks) hancurkan_objek(obj_indeks);
      |                         ^~~~~~~~~~~~~~~
../core_c/../core/enki_object.h:47:6: note: declared here
   47 | void hancurkan_objek(EnkiObject* obj, int mode_dinamis);
      |      ^~~~~~~~~~~~~~~
../core_c/enki_interpreter.c:1440:20: error: too few arguments to function ‘ciptakan_kosong’; expected 1, have 0
 1440 |             return ciptakan_kosong(); // Mengembalikan ENKI_KOSONG
      |                    ^~~~~~~~~~~~~~~
../core_c/../core/enki_object.h:44:13: note: declared here
   44 | EnkiObject* ciptakan_kosong(int mode_dinamis);
      |             ^~~~~~~~~~~~~~~
../core_c/enki_interpreter.c:1454:32: error: too few arguments to function ‘hancurkan_objek’; expected 2, have 1
 1454 |                 if (obj_hasil) hancurkan_objek(obj_hasil);
      |                                ^~~~~~~~~~~~~~~
../core_c/../core/enki_object.h:47:6: note: declared here
   47 | void hancurkan_objek(EnkiObject* obj, int mode_dinamis);
      |      ^~~~~~~~~~~~~~~
../core_c/enki_interpreter.c:1458:20: error: too few arguments to function ‘ciptakan_kosong’; expected 1, have 0
 1458 |             return ciptakan_kosong();
      |                    ^~~~~~~~~~~~~~~
../core_c/../core/enki_object.h:44:13: note: declared here
   44 | EnkiObject* ciptakan_kosong(int mode_dinamis);
      |             ^~~~~~~~~~~~~~~
../core_c/enki_interpreter.c:1471:26: error: too few arguments to function ‘hancurkan_objek’; expected 2, have 1
 1471 |             if (str_min) hancurkan_objek(str_min);
      |                          ^~~~~~~~~~~~~~~
../core_c/../core/enki_object.h:47:6: note: declared here
   47 | void hancurkan_objek(EnkiObject* obj, int mode_dinamis);
      |      ^~~~~~~~~~~~~~~
../core_c/enki_interpreter.c:1472:26: error: too few arguments to function ‘hancurkan_objek’; expected 2, have 1
 1472 |             if (str_max) hancurkan_objek(str_max);
      |                          ^~~~~~~~~~~~~~~
../core_c/../core/enki_object.h:47:6: note: declared here
   47 | void hancurkan_objek(EnkiObject* obj, int mode_dinamis);
      |      ^~~~~~~~~~~~~~~
../core_c/enki_interpreter.c:1475:20: error: too few arguments to function ‘ciptakan_angka’; expected 2, have 1
 1475 |             return ciptakan_angka((double)hasil);
      |                    ^~~~~~~~~~~~~~
../core_c/../core/enki_object.h:38:13: note: declared here
   38 | EnkiObject* ciptakan_angka(double nilai, int mode_dinamis);
      |             ^~~~~~~~~~~~~~
../core_c/enki_interpreter.c:1483:22: error: too few arguments to function ‘hancurkan_objek’; expected 2, have 1
 1483 |             if (isi) hancurkan_objek(isi);
      |                      ^~~~~~~~~~~~~~~
../core_c/../core/enki_object.h:47:6: note: declared here
   47 | void hancurkan_objek(EnkiObject* obj, int mode_dinamis);
      |      ^~~~~~~~~~~~~~~
../core_c/enki_interpreter.c:1484:20: error: too few arguments to function ‘ciptakan_angka’; expected 2, have 1
 1484 |             return ciptakan_angka((double)panjang_karakter);
      |                    ^~~~~~~~~~~~~~
../core_c/../core/enki_object.h:38:13: note: declared here
   38 | EnkiObject* ciptakan_angka(double nilai, int mode_dinamis);
      |             ^~~~~~~~~~~~~~
../core_c/enki_interpreter.c:1501:20: error: too few arguments to function ‘ciptakan_teks’; expected 2, have 1
 1501 |             return ciptakan_teks(buffer);
      |                    ^~~~~~~~~~~~~
../core_c/../core/enki_object.h:39:13: note: declared here
   39 | EnkiObject* ciptakan_teks(const char* nilai, int mode_dinamis);
      |             ^~~~~~~~~~~~~
../core_c/enki_interpreter.c:1512:24: error: too few arguments to function ‘ciptakan_kosong’; expected 1, have 0
 1512 |                 return ciptakan_kosong();
      |                        ^~~~~~~~~~~~~~~
../core_c/../core/enki_object.h:44:13: note: declared here
   44 | EnkiObject* ciptakan_kosong(int mode_dinamis);
      |             ^~~~~~~~~~~~~~~
../core_c/enki_interpreter.c:1517:37: error: too few arguments to function ‘ciptakan_kosong’; expected 1, have 0
 1517 |                 EnkiObject* hasil = ciptakan_kosong();
      |                                     ^~~~~~~~~~~~~~~
../core_c/../core/enki_object.h:44:13: note: declared here
   44 | EnkiObject* ciptakan_kosong(int mode_dinamis);
      |             ^~~~~~~~~~~~~~~
../core_c/enki_interpreter.c:1521:29: error: too few arguments to function ‘hancurkan_objek’; expected 2, have 1
 1521 |                             hancurkan_objek(hasil);
      |                             ^~~~~~~~~~~~~~~
../core_c/../core/enki_object.h:47:6: note: declared here
   47 | void hancurkan_objek(EnkiObject* obj, int mode_dinamis);
      |      ^~~~~~~~~~~~~~~
../core_c/enki_interpreter.c:1522:37: error: too few arguments to function ‘ciptakan_salinan_objek’; expected 2, have 1
 1522 |                             hasil = ciptakan_salinan_objek(target->nilai.objek_peta.konten[i]);
      |                                     ^~~~~~~~~~~~~~~~~~~~~~
../core_c/../core/enki_object.h:43:13: note: declared here
   43 | EnkiObject* ciptakan_salinan_objek(EnkiObject* sumber, int mode_dinamis);
      |             ^~~~~~~~~~~~~~~~~~~~~~
../core_c/enki_interpreter.c:1527:29: error: too few arguments to function ‘hancurkan_objek’; expected 2, have 1
 1527 |                 if (target) hancurkan_objek(target);
      |                             ^~~~~~~~~~~~~~~
../core_c/../core/enki_object.h:47:6: note: declared here
   47 | void hancurkan_objek(EnkiObject* obj, int mode_dinamis);
      |      ^~~~~~~~~~~~~~~
../core_c/enki_interpreter.c:1528:28: error: too few arguments to function ‘hancurkan_objek’; expected 2, have 1
 1528 |                 if (kunci) hancurkan_objek(kunci);
      |                            ^~~~~~~~~~~~~~~
../core_c/../core/enki_object.h:47:6: note: declared here
   47 | void hancurkan_objek(EnkiObject* obj, int mode_dinamis);
      |      ^~~~~~~~~~~~~~~
../core_c/enki_interpreter.c:1534:35: error: too few arguments to function ‘ciptakan_array’; expected 2, have 1
 1534 |                 EnkiObject* arr = ciptakan_array(mini->jumlah);
      |                                   ^~~~~~~~~~~~~~
../core_c/../core/enki_object.h:40:13: note: declared here
   40 | EnkiObject* ciptakan_array(int kapasitas, int mode_dinamis);
      |             ^~~~~~~~~~~~~~
../core_c/enki_interpreter.c:1537:50: error: too few arguments to function ‘ciptakan_salinan_objek’; expected 2, have 1
 1537 |                     arr->nilai.array_elemen[i] = ciptakan_salinan_objek(mini->kavling[i].objek);
      |                                                  ^~~~~~~~~~~~~~~~~~~~~~
../core_c/../core/enki_object.h:43:13: note: declared here
   43 | EnkiObject* ciptakan_salinan_objek(EnkiObject* sumber, int mode_dinamis);
      |             ^~~~~~~~~~~~~~~~~~~~~~
../core_c/enki_interpreter.c:1543:25: error: too few arguments to function ‘hancurkan_objek’; expected 2, have 1
 1543 |             if (target) hancurkan_objek(target);
      |                         ^~~~~~~~~~~~~~~
../core_c/../core/enki_object.h:47:6: note: declared here
   47 | void hancurkan_objek(EnkiObject* obj, int mode_dinamis);
      |      ^~~~~~~~~~~~~~~
../core_c/enki_interpreter.c:1551:24: error: too few arguments to function ‘ciptakan_kosong’; expected 1, have 0
 1551 |                 return ciptakan_kosong();
      |                        ^~~~~~~~~~~~~~~
../core_c/../core/enki_object.h:44:13: note: declared here
   44 | EnkiObject* ciptakan_kosong(int mode_dinamis);
      |             ^~~~~~~~~~~~~~~
../core_c/enki_interpreter.c:1565:29: error: too few arguments to function ‘hancurkan_objek’; expected 2, have 1
 1565 |                 if (target) hancurkan_objek(target);
      |                             ^~~~~~~~~~~~~~~
../core_c/../core/enki_object.h:47:6: note: declared here
   47 | void hancurkan_objek(EnkiObject* obj, int mode_dinamis);
      |      ^~~~~~~~~~~~~~~
../core_c/enki_interpreter.c:1566:28: error: too few arguments to function ‘hancurkan_objek’; expected 2, have 1
 1566 |                 if (kunci) hancurkan_objek(kunci);
      |                            ^~~~~~~~~~~~~~~
../core_c/../core/enki_object.h:47:6: note: declared here
   47 | void hancurkan_objek(EnkiObject* obj, int mode_dinamis);
      |      ^~~~~~~~~~~~~~~
../core_c/enki_interpreter.c:1567:24: error: too few arguments to function ‘ciptakan_angka’; expected 2, have 1
 1567 |                 return ciptakan_angka(ada);
      |                        ^~~~~~~~~~~~~~
../core_c/../core/enki_object.h:38:13: note: declared here
   38 | EnkiObject* ciptakan_angka(double nilai, int mode_dinamis);
      |             ^~~~~~~~~~~~~~
../core_c/enki_interpreter.c:1572:35: error: too few arguments to function ‘ciptakan_array’; expected 2, have 1
 1572 |                 EnkiObject* arr = ciptakan_array(mini->jumlah);
      |                                   ^~~~~~~~~~~~~~
../core_c/../core/enki_object.h:40:13: note: declared here
   40 | EnkiObject* ciptakan_array(int kapasitas, int mode_dinamis);
      |             ^~~~~~~~~~~~~~
../core_c/enki_interpreter.c:1575:50: error: too few arguments to function ‘ciptakan_teks’; expected 2, have 1
 1575 |                     arr->nilai.array_elemen[i] = ciptakan_teks(mini->kavling[i].nama);
      |                                                  ^~~~~~~~~~~~~
../core_c/../core/enki_object.h:39:13: note: declared here
   39 | EnkiObject* ciptakan_teks(const char* nilai, int mode_dinamis);
      |             ^~~~~~~~~~~~~
../core_c/enki_interpreter.c:1581:25: error: too few arguments to function ‘hancurkan_objek’; expected 2, have 1
 1581 |             if (target) hancurkan_objek(target);
      |                         ^~~~~~~~~~~~~~~
../core_c/../core/enki_object.h:47:6: note: declared here
   47 | void hancurkan_objek(EnkiObject* obj, int mode_dinamis);
      |      ^~~~~~~~~~~~~~~
../core_c/enki_interpreter.c:1590:24: error: too few arguments to function ‘ciptakan_kosong’; expected 1, have 0
 1590 |                 return ciptakan_kosong();
      |                        ^~~~~~~~~~~~~~~
../core_c/../core/enki_object.h:44:13: note: declared here
   44 | EnkiObject* ciptakan_kosong(int mode_dinamis);
      |             ^~~~~~~~~~~~~~~
../core_c/enki_interpreter.c:1604:17: error: too few arguments to function ‘hancurkan_objek’; expected 2, have 1
 1604 |                 hancurkan_objek(obj_teks);
      |                 ^~~~~~~~~~~~~~~
../core_c/../core/enki_object.h:47:6: note: declared here
   47 | void hancurkan_objek(EnkiObject* obj, int mode_dinamis);
      |      ^~~~~~~~~~~~~~~
../core_c/enki_interpreter.c:1605:37: error: too few arguments to function ‘ciptakan_teks’; expected 2, have 1
 1605 |                 EnkiObject* hasil = ciptakan_teks(teks);
      |                                     ^~~~~~~~~~~~~
../core_c/../core/enki_object.h:39:13: note: declared here
   39 | EnkiObject* ciptakan_teks(const char* nilai, int mode_dinamis);
      |             ^~~~~~~~~~~~~
../core_c/enki_interpreter.c:1609:27: error: too few arguments to function ‘hancurkan_objek’; expected 2, have 1
 1609 |             if (obj_teks) hancurkan_objek(obj_teks);
      |                           ^~~~~~~~~~~~~~~
../core_c/../core/enki_object.h:47:6: note: declared here
   47 | void hancurkan_objek(EnkiObject* obj, int mode_dinamis);
      |      ^~~~~~~~~~~~~~~
../core_c/enki_interpreter.c:1610:20: error: too few arguments to function ‘ciptakan_kosong’; expected 1, have 0
 1610 |             return ciptakan_kosong();
      |                    ^~~~~~~~~~~~~~~
../core_c/../core/enki_object.h:44:13: note: declared here
   44 | EnkiObject* ciptakan_kosong(int mode_dinamis);
      |             ^~~~~~~~~~~~~~~
../core_c/enki_interpreter.c:1619:24: error: too few arguments to function ‘ciptakan_kosong’; expected 1, have 0
 1619 |                 return ciptakan_kosong();
      |                        ^~~~~~~~~~~~~~~
../core_c/../core/enki_object.h:44:13: note: declared here
   44 | EnkiObject* ciptakan_kosong(int mode_dinamis);
      |             ^~~~~~~~~~~~~~~
../core_c/enki_interpreter.c:1632:37: error: too few arguments to function ‘ciptakan_teks’; expected 2, have 1
 1632 |                 EnkiObject* hasil = ciptakan_teks(teks_terbalik);
      |                                     ^~~~~~~~~~~~~
../core_c/../core/enki_object.h:39:13: note: declared here
   39 | EnkiObject* ciptakan_teks(const char* nilai, int mode_dinamis);
      |             ^~~~~~~~~~~~~
../core_c/enki_interpreter.c:1634:17: error: too few arguments to function ‘hancurkan_objek’; expected 2, have 1
 1634 |                 hancurkan_objek(obj_arg);
      |                 ^~~~~~~~~~~~~~~
../core_c/../core/enki_object.h:47:6: note: declared here
   47 | void hancurkan_objek(EnkiObject* obj, int mode_dinamis);
      |      ^~~~~~~~~~~~~~~
../core_c/enki_interpreter.c:1638:26: error: too few arguments to function ‘hancurkan_objek’; expected 2, have 1
 1638 |             if (obj_arg) hancurkan_objek(obj_arg);
      |                          ^~~~~~~~~~~~~~~
../core_c/../core/enki_object.h:47:6: note: declared here
   47 | void hancurkan_objek(EnkiObject* obj, int mode_dinamis);
      |      ^~~~~~~~~~~~~~~
../core_c/enki_interpreter.c:1639:20: error: too few arguments to function ‘ciptakan_kosong’; expected 1, have 0
 1639 |             return ciptakan_kosong();
      |                    ^~~~~~~~~~~~~~~
../core_c/../core/enki_object.h:44:13: note: declared here
   44 | EnkiObject* ciptakan_kosong(int mode_dinamis);
      |             ^~~~~~~~~~~~~~~
../core_c/enki_interpreter.c:1647:162: error: too few arguments to function ‘ciptakan_kosong’; expected 1, have 0
 1647 |             if (node->jumlah_anak < 1) { pemicu_kiamat_presisi(node, ram, "Fungsi ke_hex() butuh angka!", "Contoh: ke_hex(255) atau ke_hex(\"0b1111\")"); return ciptakan_kosong(); }
      |                                                                                                                                                                  ^~~~~~~~~~~~~~~
../core_c/../core/enki_object.h:44:13: note: declared here
   44 | EnkiObject* ciptakan_kosong(int mode_dinamis);
      |             ^~~~~~~~~~~~~~~
../core_c/enki_interpreter.c:1651:22: error: too few arguments to function ‘hancurkan_objek’; expected 2, have 1
 1651 |             if (arg) hancurkan_objek(arg);
      |                      ^~~~~~~~~~~~~~~
../core_c/../core/enki_object.h:47:6: note: declared here
   47 | void hancurkan_objek(EnkiObject* obj, int mode_dinamis);
      |      ^~~~~~~~~~~~~~~
../core_c/enki_interpreter.c:1654:20: error: too few arguments to function ‘ciptakan_teks’; expected 2, have 1
 1654 |             return ciptakan_teks(buffer);
      |                    ^~~~~~~~~~~~~
../core_c/../core/enki_object.h:39:13: note: declared here
   39 | EnkiObject* ciptakan_teks(const char* nilai, int mode_dinamis);
      |             ^~~~~~~~~~~~~
../core_c/enki_interpreter.c:1657:140: error: too few arguments to function ‘ciptakan_kosong’; expected 1, have 0
 1657 |             if (node->jumlah_anak < 1) { pemicu_kiamat_presisi(node, ram, "Fungsi ke_oktal() butuh angka!", "Contoh: ke_oktal(8)"); return ciptakan_kosong(); }
      |                                                                                                                                            ^~~~~~~~~~~~~~~
../core_c/../core/enki_object.h:44:13: note: declared here
   44 | EnkiObject* ciptakan_kosong(int mode_dinamis);
      |             ^~~~~~~~~~~~~~~
../core_c/enki_interpreter.c:1661:22: error: too few arguments to function ‘hancurkan_objek’; expected 2, have 1
 1661 |             if (arg) hancurkan_objek(arg);
      |                      ^~~~~~~~~~~~~~~
../core_c/../core/enki_object.h:47:6: note: declared here
   47 | void hancurkan_objek(EnkiObject* obj, int mode_dinamis);
      |      ^~~~~~~~~~~~~~~
../core_c/enki_interpreter.c:1664:20: error: too few arguments to function ‘ciptakan_teks’; expected 2, have 1
 1664 |             return ciptakan_teks(buffer);
      |                    ^~~~~~~~~~~~~
../core_c/../core/enki_object.h:39:13: note: declared here
   39 | EnkiObject* ciptakan_teks(const char* nilai, int mode_dinamis);
      |             ^~~~~~~~~~~~~
../core_c/enki_interpreter.c:1667:153: error: too few arguments to function ‘ciptakan_kosong’; expected 1, have 0
 1667 |             if (node->jumlah_anak < 1) { pemicu_kiamat_presisi(node, ram, "Fungsi ke_desimal() butuh argumen!", "Contoh: ke_desimal(\"0xFF\")"); return ciptakan_kosong(); }
      |                                                                                                                                                         ^~~~~~~~~~~~~~~
../core_c/../core/enki_object.h:44:13: note: declared here
   44 | EnkiObject* ciptakan_kosong(int mode_dinamis);
      |             ^~~~~~~~~~~~~~~
../core_c/enki_interpreter.c:1671:22: error: too few arguments to function ‘hancurkan_objek’; expected 2, have 1
 1671 |             if (arg) hancurkan_objek(arg);
      |                      ^~~~~~~~~~~~~~~
../core_c/../core/enki_object.h:47:6: note: declared here
   47 | void hancurkan_objek(EnkiObject* obj, int mode_dinamis);
      |      ^~~~~~~~~~~~~~~
../core_c/enki_interpreter.c:1673:20: error: too few arguments to function ‘ciptakan_angka’; expected 2, have 1
 1673 |             return ciptakan_angka((double)angka); // 🟢 Langsung jadi angka murni!
      |                    ^~~~~~~~~~~~~~
../core_c/../core/enki_object.h:38:13: note: declared here
   38 | EnkiObject* ciptakan_angka(double nilai, int mode_dinamis);
      |             ^~~~~~~~~~~~~~
../core_c/enki_interpreter.c:1676:141: error: too few arguments to function ‘ciptakan_kosong’; expected 1, have 0
 1676 |             if (node->jumlah_anak < 1) { pemicu_kiamat_presisi(node, ram, "Fungsi ke_biner() butuh angka!", "Contoh: ke_biner(10)"); return ciptakan_kosong(); }
      |                                                                                                                                             ^~~~~~~~~~~~~~~
../core_c/../core/enki_object.h:44:13: note: declared here
   44 | EnkiObject* ciptakan_kosong(int mode_dinamis);
      |             ^~~~~~~~~~~~~~~
../core_c/enki_interpreter.c:1680:22: error: too few arguments to function ‘hancurkan_objek’; expected 2, have 1
 1680 |             if (arg) hancurkan_objek(arg);
      |                      ^~~~~~~~~~~~~~~
../core_c/../core/enki_object.h:47:6: note: declared here
   47 | void hancurkan_objek(EnkiObject* obj, int mode_dinamis);
      |      ^~~~~~~~~~~~~~~
../core_c/enki_interpreter.c:1690:20: error: too few arguments to function ‘ciptakan_teks’; expected 2, have 1
 1690 |             return ciptakan_teks(buffer);
      |                    ^~~~~~~~~~~~~
../core_c/../core/enki_object.h:39:13: note: declared here
   39 | EnkiObject* ciptakan_teks(const char* nilai, int mode_dinamis);
      |             ^~~~~~~~~~~~~
../core_c/enki_interpreter.c:1695:143: error: too few arguments to function ‘ciptakan_kosong’; expected 1, have 0
 1695 |             if (node->jumlah_anak < 1) { pemicu_kiamat_presisi(node, ram, "Fungsi bulatkan() butuh angka!", "Contoh: bulatkan(3.14)"); return ciptakan_kosong(); }
      |                                                                                                                                               ^~~~~~~~~~~~~~~
../core_c/../core/enki_object.h:44:13: note: declared here
   44 | EnkiObject* ciptakan_kosong(int mode_dinamis);
      |             ^~~~~~~~~~~~~~~
../core_c/enki_interpreter.c:1698:22: error: too few arguments to function ‘hancurkan_objek’; expected 2, have 1
 1698 |             if (arg) hancurkan_objek(arg);
      |                      ^~~~~~~~~~~~~~~
../core_c/../core/enki_object.h:47:6: note: declared here
   47 | void hancurkan_objek(EnkiObject* obj, int mode_dinamis);
      |      ^~~~~~~~~~~~~~~
../core_c/enki_interpreter.c:1702:20: error: too few arguments to function ‘ciptakan_angka’; expected 2, have 1
 1702 |             return ciptakan_angka(round(angka));
      |                    ^~~~~~~~~~~~~~
../core_c/../core/enki_object.h:38:13: note: declared here
   38 | EnkiObject* ciptakan_angka(double nilai, int mode_dinamis);
      |             ^~~~~~~~~~~~~~
../core_c/enki_interpreter.c:1707:147: error: too few arguments to function ‘ciptakan_kosong’; expected 1, have 0
 1707 |             if (node->jumlah_anak < 1) { pemicu_kiamat_presisi(node, ram, "Fungsi ke_ascii() butuh karakter!", "Contoh: ke_ascii(\"A\")"); return ciptakan_kosong(); }
      |                                                                                                                                                   ^~~~~~~~~~~~~~~
../core_c/../core/enki_object.h:44:13: note: declared here
   44 | EnkiObject* ciptakan_kosong(int mode_dinamis);
      |             ^~~~~~~~~~~~~~~
../core_c/enki_interpreter.c:1713:22: error: too few arguments to function ‘hancurkan_objek’; expected 2, have 1
 1713 |             if (arg) hancurkan_objek(arg);
      |                      ^~~~~~~~~~~~~~~
../core_c/../core/enki_object.h:47:6: note: declared here
   47 | void hancurkan_objek(EnkiObject* obj, int mode_dinamis);
      |      ^~~~~~~~~~~~~~~
../core_c/enki_interpreter.c:1714:20: error: too few arguments to function ‘ciptakan_angka’; expected 2, have 1
 1714 |             return ciptakan_angka(nilai_ascii);
      |                    ^~~~~~~~~~~~~~
../core_c/../core/enki_object.h:38:13: note: declared here
   38 | EnkiObject* ciptakan_angka(double nilai, int mode_dinamis);
      |             ^~~~~~~~~~~~~~
../core_c/enki_interpreter.c:1717:170: error: too few arguments to function ‘ciptakan_kosong’; expected 1, have 0
 1717 |             if (node->jumlah_anak < 1) { pemicu_kiamat_presisi(node, ram, "Fungsi dari_ascii() butuh kode!", "Contoh: dari_ascii(65) atau dari_ascii(\"0x41\")"); return ciptakan_kosong(); }
      |                                                                                                                                                                          ^~~~~~~~~~~~~~~
../core_c/../core/enki_object.h:44:13: note: declared here
   44 | EnkiObject* ciptakan_kosong(int mode_dinamis);
      |             ^~~~~~~~~~~~~~~
../core_c/enki_interpreter.c:1720:22: error: too few arguments to function ‘hancurkan_objek’; expected 2, have 1
 1720 |             if (arg) hancurkan_objek(arg);
      |                      ^~~~~~~~~~~~~~~
../core_c/../core/enki_object.h:47:6: note: declared here
   47 | void hancurkan_objek(EnkiObject* obj, int mode_dinamis);
      |      ^~~~~~~~~~~~~~~
../core_c/enki_interpreter.c:1723:20: error: too few arguments to function ‘ciptakan_teks’; expected 2, have 1
 1723 |             return ciptakan_teks(buffer);
      |                    ^~~~~~~~~~~~~
../core_c/../core/enki_object.h:39:13: note: declared here
   39 | EnkiObject* ciptakan_teks(const char* nilai, int mode_dinamis);
      |             ^~~~~~~~~~~~~
../core_c/enki_interpreter.c:1731:24: error: too few arguments to function ‘ciptakan_angka’; expected 2, have 1
 1731 |                 return ciptakan_angka(0);
      |                        ^~~~~~~~~~~~~~
../core_c/../core/enki_object.h:38:13: note: declared here
   38 | EnkiObject* ciptakan_angka(double nilai, int mode_dinamis);
      |             ^~~~~~~~~~~~~~
../core_c/enki_interpreter.c:1760:27: error: too few arguments to function ‘hancurkan_objek’; expected 2, have 1
 1760 |             if (obj_teks) hancurkan_objek(obj_teks);
      |                           ^~~~~~~~~~~~~~~
../core_c/../core/enki_object.h:47:6: note: declared here
   47 | void hancurkan_objek(EnkiObject* obj, int mode_dinamis);
      |      ^~~~~~~~~~~~~~~
../core_c/enki_interpreter.c:1761:27: error: too few arguments to function ‘hancurkan_objek’; expected 2, have 1
 1761 |             if (obj_pola) hancurkan_objek(obj_pola);
      |                           ^~~~~~~~~~~~~~~
../core_c/../core/enki_object.h:47:6: note: declared here
   47 | void hancurkan_objek(EnkiObject* obj, int mode_dinamis);
      |      ^~~~~~~~~~~~~~~
../core_c/enki_interpreter.c:1762:20: error: too few arguments to function ‘ciptakan_angka’; expected 2, have 1
 1762 |             return ciptakan_angka((double)hasil_akhir);
      |                    ^~~~~~~~~~~~~~
../core_c/../core/enki_object.h:38:13: note: declared here
   38 | EnkiObject* ciptakan_angka(double nilai, int mode_dinamis);
      |             ^~~~~~~~~~~~~~
../core_c/enki_interpreter.c:1785:27: error: too few arguments to function ‘hancurkan_objek’; expected 2, have 1
 1785 |             if (obj_kode) hancurkan_objek(obj_kode);
      |                           ^~~~~~~~~~~~~~~
../core_c/../core/enki_object.h:47:6: note: declared here
   47 | void hancurkan_objek(EnkiObject* obj, int mode_dinamis);
      |      ^~~~~~~~~~~~~~~
../core_c/enki_interpreter.c:1796:24: error: too few arguments to function ‘ciptakan_kosong’; expected 1, have 0
 1796 |                 return ciptakan_kosong();
      |                        ^~~~~~~~~~~~~~~
../core_c/../core/enki_object.h:44:13: note: declared here
   44 | EnkiObject* ciptakan_kosong(int mode_dinamis);
      |             ^~~~~~~~~~~~~~~
../core_c/enki_interpreter.c:1800:33: error: too few arguments to function ‘ciptakan_teks’; expected 2, have 1
 1800 |             EnkiObject* hasil = ciptakan_teks(input);
      |                                 ^~~~~~~~~~~~~
../core_c/../core/enki_object.h:39:13: note: declared here
   39 | EnkiObject* ciptakan_teks(const char* nilai, int mode_dinamis);
      |             ^~~~~~~~~~~~~
../core_c/enki_interpreter.c:1812:24: error: too few arguments to function ‘ciptakan_kosong’; expected 1, have 0
 1812 |                 return ciptakan_kosong();
      |                        ^~~~~~~~~~~~~~~
../core_c/../core/enki_object.h:44:13: note: declared here
   44 | EnkiObject* ciptakan_kosong(int mode_dinamis);
      |             ^~~~~~~~~~~~~~~
../core_c/enki_interpreter.c:1819:28: error: too few arguments to function ‘hancurkan_objek’; expected 2, have 1
 1819 |             if (obj_pesan) hancurkan_objek(obj_pesan);
      |                            ^~~~~~~~~~~~~~~
../core_c/../core/enki_object.h:47:6: note: declared here
   47 | void hancurkan_objek(EnkiObject* obj, int mode_dinamis);
      |      ^~~~~~~~~~~~~~~
../core_c/enki_interpreter.c:1820:33: error: too few arguments to function ‘ciptakan_teks’; expected 2, have 1
 1820 |             EnkiObject* hasil = ciptakan_teks(input);
      |                                 ^~~~~~~~~~~~~
../core_c/../core/enki_object.h:39:13: note: declared here
   39 | EnkiObject* ciptakan_teks(const char* nilai, int mode_dinamis);
      |             ^~~~~~~~~~~~~
../core_c/enki_interpreter.c:1845:28: error: too few arguments to function ‘hancurkan_objek’; expected 2, have 1
 1845 |             if (obj_pesan) hancurkan_objek(obj_pesan);
      |                            ^~~~~~~~~~~~~~~
../core_c/../core/enki_object.h:47:6: note: declared here
   47 | void hancurkan_objek(EnkiObject* obj, int mode_dinamis);
      |      ^~~~~~~~~~~~~~~
../core_c/enki_interpreter.c:1846:33: error: too few arguments to function ‘ciptakan_teks’; expected 2, have 1
 1846 |             EnkiObject* hasil = ciptakan_teks(hasil_bisik);
      |                                 ^~~~~~~~~~~~~
../core_c/../core/enki_object.h:39:13: note: declared here
   39 | EnkiObject* ciptakan_teks(const char* nilai, int mode_dinamis);
      |             ^~~~~~~~~~~~~
../core_c/enki_interpreter.c:1855:47: error: too few arguments to function ‘ciptakan_kosong’; expected 1, have 0
 1855 |             if (node->jumlah_anak < 1) return ciptakan_kosong();
      |                                               ^~~~~~~~~~~~~~~
../core_c/../core/enki_object.h:44:13: note: declared here
   44 | EnkiObject* ciptakan_kosong(int mode_dinamis);
      |             ^~~~~~~~~~~~~~~
../core_c/enki_interpreter.c:1858:33: error: too few arguments to function ‘ciptakan_kosong’; expected 1, have 0
 1858 |             EnkiObject* hasil = ciptakan_kosong();
      |                                 ^~~~~~~~~~~~~~~
../core_c/../core/enki_object.h:44:13: note: declared here
   44 | EnkiObject* ciptakan_kosong(int mode_dinamis);
      |             ^~~~~~~~~~~~~~~
../core_c/enki_interpreter.c:1873:33: error: too few arguments to function ‘ciptakan_salinan_objek’; expected 2, have 1
 1873 |                         hasil = ciptakan_salinan_objek(ram->kavling[i].objek);
      |                                 ^~~~~~~~~~~~~~~~~~~~~~
../core_c/../core/enki_object.h:43:13: note: declared here
   43 | EnkiObject* ciptakan_salinan_objek(EnkiObject* sumber, int mode_dinamis);
      |             ^~~~~~~~~~~~~~~~~~~~~~
../core_c/enki_interpreter.c:1886:28: error: too few arguments to function ‘hancurkan_objek’; expected 2, have 1
 1886 |             if (obj_kunci) hancurkan_objek(obj_kunci);
      |                            ^~~~~~~~~~~~~~~
../core_c/../core/enki_object.h:47:6: note: declared here
   47 | void hancurkan_objek(EnkiObject* obj, int mode_dinamis);
      |      ^~~~~~~~~~~~~~~
../core_c/enki_interpreter.c:1899:24: error: too few arguments to function ‘ciptakan_kosong’; expected 1, have 0
 1899 |                 return ciptakan_kosong();
      |                        ^~~~~~~~~~~~~~~
../core_c/../core/enki_object.h:44:13: note: declared here
   44 | EnkiObject* ciptakan_kosong(int mode_dinamis);
      |             ^~~~~~~~~~~~~~~
../core_c/enki_interpreter.c:1920:47: error: too few arguments to function ‘ciptakan_teks’; expected 2, have 1
 1920 |                     EnkiObject* hasil_akhir = ciptakan_teks(respon_mentah);
      |                                               ^~~~~~~~~~~~~
../core_c/../core/enki_object.h:39:13: note: declared here
   39 | EnkiObject* ciptakan_teks(const char* nilai, int mode_dinamis);
      |             ^~~~~~~~~~~~~
../core_c/enki_interpreter.c:1925:21: error: too few arguments to function ‘hancurkan_objek’; expected 2, have 1
 1925 |                     hancurkan_objek(obj_tautan);
      |                     ^~~~~~~~~~~~~~~
../core_c/../core/enki_object.h:47:6: note: declared here
   47 | void hancurkan_objek(EnkiObject* obj, int mode_dinamis);
      |      ^~~~~~~~~~~~~~~
../core_c/enki_interpreter.c:1936:29: error: too few arguments to function ‘hancurkan_objek’; expected 2, have 1
 1936 |             if (obj_tautan) hancurkan_objek(obj_tautan);
      |                             ^~~~~~~~~~~~~~~
../core_c/../core/enki_object.h:47:6: note: declared here
   47 | void hancurkan_objek(EnkiObject* obj, int mode_dinamis);
      |      ^~~~~~~~~~~~~~~
../core_c/enki_interpreter.c:1937:20: error: too few arguments to function ‘ciptakan_kosong’; expected 1, have 0
 1937 |             return ciptakan_kosong();
      |                    ^~~~~~~~~~~~~~~
../core_c/../core/enki_object.h:44:13: note: declared here
   44 | EnkiObject* ciptakan_kosong(int mode_dinamis);
      |             ^~~~~~~~~~~~~~~
../core_c/enki_interpreter.c:1946:24: error: too few arguments to function ‘ciptakan_kosong’; expected 1, have 0
 1946 |                 return ciptakan_kosong();
      |                        ^~~~~~~~~~~~~~~
../core_c/../core/enki_object.h:44:13: note: declared here
   44 | EnkiObject* ciptakan_kosong(int mode_dinamis);
      |             ^~~~~~~~~~~~~~~
../core_c/enki_interpreter.c:1969:51: error: too few arguments to function ‘ciptakan_teks’; expected 2, have 1
 1969 |                         EnkiObject* hasil_akhir = ciptakan_teks(respon_mentah);
      |                                                   ^~~~~~~~~~~~~
../core_c/../core/enki_object.h:39:13: note: declared here
   39 | EnkiObject* ciptakan_teks(const char* nilai, int mode_dinamis);
      |             ^~~~~~~~~~~~~
../core_c/enki_interpreter.c:1973:25: error: too few arguments to function ‘hancurkan_objek’; expected 2, have 1
 1973 |                         hancurkan_objek(obj_tautan);
      |                         ^~~~~~~~~~~~~~~
../core_c/../core/enki_object.h:47:6: note: declared here
   47 | void hancurkan_objek(EnkiObject* obj, int mode_dinamis);
      |      ^~~~~~~~~~~~~~~
../core_c/enki_interpreter.c:1974:25: error: too few arguments to function ‘hancurkan_objek’; expected 2, have 1
 1974 |                         hancurkan_objek(obj_data);
      |                         ^~~~~~~~~~~~~~~
../core_c/../core/enki_object.h:47:6: note: declared here
   47 | void hancurkan_objek(EnkiObject* obj, int mode_dinamis);
      |      ^~~~~~~~~~~~~~~
../core_c/enki_interpreter.c:1988:29: error: too few arguments to function ‘hancurkan_objek’; expected 2, have 1
 1988 |             if (obj_tautan) hancurkan_objek(obj_tautan);
      |                             ^~~~~~~~~~~~~~~
../core_c/../core/enki_object.h:47:6: note: declared here
   47 | void hancurkan_objek(EnkiObject* obj, int mode_dinamis);
      |      ^~~~~~~~~~~~~~~
../core_c/enki_interpreter.c:1989:27: error: too few arguments to function ‘hancurkan_objek’; expected 2, have 1
 1989 |             if (obj_data) hancurkan_objek(obj_data);
      |                           ^~~~~~~~~~~~~~~
../core_c/../core/enki_object.h:47:6: note: declared here
   47 | void hancurkan_objek(EnkiObject* obj, int mode_dinamis);
      |      ^~~~~~~~~~~~~~~
../core_c/enki_interpreter.c:1990:20: error: too few arguments to function ‘ciptakan_kosong’; expected 1, have 0
 1990 |             return ciptakan_kosong();
      |                    ^~~~~~~~~~~~~~~
../core_c/../core/enki_object.h:44:13: note: declared here
   44 | EnkiObject* ciptakan_kosong(int mode_dinamis);
      |             ^~~~~~~~~~~~~~~
../core_c/enki_interpreter.c:1997:47: error: too few arguments to function ‘ciptakan_kosong’; expected 1, have 0
 1997 |             if (node->jumlah_anak < 3) return ciptakan_kosong();
      |                                               ^~~~~~~~~~~~~~~
../core_c/../core/enki_object.h:44:13: note: declared here
   44 | EnkiObject* ciptakan_kosong(int mode_dinamis);
      |             ^~~~~~~~~~~~~~~
../core_c/enki_interpreter.c:2009:25: error: too few arguments to function ‘hancurkan_objek’; expected 2, have 1
 2009 |                         hancurkan_objek(obj_target->nilai.objek_peta.konten[i]);
      |                         ^~~~~~~~~~~~~~~
../core_c/../core/enki_object.h:47:6: note: declared here
   47 | void hancurkan_objek(EnkiObject* obj, int mode_dinamis);
      |      ^~~~~~~~~~~~~~~
../core_c/enki_interpreter.c:2010:66: error: too few arguments to function ‘ciptakan_salinan_objek’; expected 2, have 1
 2010 |                         obj_target->nilai.objek_peta.konten[i] = ciptakan_salinan_objek(elemen_baru);
      |                                                                  ^~~~~~~~~~~~~~~~~~~~~~
../core_c/../core/enki_object.h:43:13: note: declared here
   43 | EnkiObject* ciptakan_salinan_objek(EnkiObject* sumber, int mode_dinamis);
      |             ^~~~~~~~~~~~~~~~~~~~~~
../core_c/enki_interpreter.c:2018:79: error: too few arguments to function ‘ciptakan_salinan_objek’; expected 2, have 1
 2018 |                     obj_target->nilai.objek_peta.kunci[obj_target->panjang] = ciptakan_salinan_objek(obj_kunci);
      |                                                                               ^~~~~~~~~~~~~~~~~~~~~~
../core_c/../core/enki_object.h:43:13: note: declared here
   43 | EnkiObject* ciptakan_salinan_objek(EnkiObject* sumber, int mode_dinamis);
      |             ^~~~~~~~~~~~~~~~~~~~~~
../core_c/enki_interpreter.c:2019:80: error: too few arguments to function ‘ciptakan_salinan_objek’; expected 2, have 1
 2019 |                     obj_target->nilai.objek_peta.konten[obj_target->panjang] = ciptakan_salinan_objek(elemen_baru);
      |                                                                                ^~~~~~~~~~~~~~~~~~~~~~
../core_c/../core/enki_object.h:43:13: note: declared here
   43 | EnkiObject* ciptakan_salinan_objek(EnkiObject* sumber, int mode_dinamis);
      |             ^~~~~~~~~~~~~~~~~~~~~~
../core_c/enki_interpreter.c:2026:28: error: too few arguments to function ‘hancurkan_objek’; expected 2, have 1
 2026 |             if (obj_kunci) hancurkan_objek(obj_kunci);
      |                            ^~~~~~~~~~~~~~~
../core_c/../core/enki_object.h:47:6: note: declared here
   47 | void hancurkan_objek(EnkiObject* obj, int mode_dinamis);
      |      ^~~~~~~~~~~~~~~
../core_c/enki_interpreter.c:2027:30: error: too few arguments to function ‘hancurkan_objek’; expected 2, have 1
 2027 |             if (elemen_baru) hancurkan_objek(elemen_baru);
      |                              ^~~~~~~~~~~~~~~
../core_c/../core/enki_object.h:47:6: note: declared here
   47 | void hancurkan_objek(EnkiObject* obj, int mode_dinamis);
      |      ^~~~~~~~~~~~~~~
../core_c/enki_interpreter.c:2028:20: error: too few arguments to function ‘ciptakan_kosong’; expected 1, have 0
 2028 |             return ciptakan_kosong();
      |                    ^~~~~~~~~~~~~~~
../core_c/../core/enki_object.h:44:13: note: declared here
   44 | EnkiObject* ciptakan_kosong(int mode_dinamis);
      |             ^~~~~~~~~~~~~~~
../core_c/enki_interpreter.c:2035:150: error: too few arguments to function ‘ciptakan_kosong’; expected 1, have 0
 2035 |             if (ram->status_array_statis == 0) { pemicu_kiamat_presisi(node, ram, "Sihir Statis Tertidur!", "Gunakan 'untuk array.statis'."); return ciptakan_kosong(); }
      |                                                                                                                                                      ^~~~~~~~~~~~~~~
../core_c/../core/enki_object.h:44:13: note: declared here
   44 | EnkiObject* ciptakan_kosong(int mode_dinamis);
      |             ^~~~~~~~~~~~~~~
../core_c/enki_interpreter.c:2037:20: error: too few arguments to function ‘ciptakan_kosong’; expected 1, have 0
 2037 |             return ciptakan_kosong();
      |                    ^~~~~~~~~~~~~~~
../core_c/../core/enki_object.h:44:13: note: declared here
   44 | EnkiObject* ciptakan_kosong(int mode_dinamis);
      |             ^~~~~~~~~~~~~~~
../core_c/enki_interpreter.c:2050:24: error: too few arguments to function ‘ciptakan_kosong’; expected 1, have 0
 2050 |                 return ciptakan_kosong();
      |                        ^~~~~~~~~~~~~~~
../core_c/../core/enki_object.h:44:13: note: declared here
   44 | EnkiObject* ciptakan_kosong(int mode_dinamis);
      |             ^~~~~~~~~~~~~~~
../core_c/enki_interpreter.c:2066:27: error: too few arguments to function ‘hancurkan_objek’; expected 2, have 1
 2066 |             if (obj_kode) hancurkan_objek(obj_kode);
      |                           ^~~~~~~~~~~~~~~
../core_c/../core/enki_object.h:47:6: note: declared here
   47 | void hancurkan_objek(EnkiObject* obj, int mode_dinamis);
      |      ^~~~~~~~~~~~~~~
../core_c/enki_interpreter.c:2067:20: error: too few arguments to function ‘ciptakan_kosong’; expected 1, have 0
 2067 |             return ciptakan_kosong();
      |                    ^~~~~~~~~~~~~~~
../core_c/../core/enki_object.h:44:13: note: declared here
   44 | EnkiObject* ciptakan_kosong(int mode_dinamis);
      |             ^~~~~~~~~~~~~~~
../core_c/enki_interpreter.c:2077:24: error: too few arguments to function ‘ciptakan_kosong’; expected 1, have 0
 2077 |                 return ciptakan_kosong();
      |                        ^~~~~~~~~~~~~~~
../core_c/../core/enki_object.h:44:13: note: declared here
   44 | EnkiObject* ciptakan_kosong(int mode_dinamis);
      |             ^~~~~~~~~~~~~~~
../core_c/enki_interpreter.c:2083:37: error: too few arguments to function ‘ciptakan_teks’; expected 2, have 1
 2083 |                 EnkiObject* hasil = ciptakan_teks(output ? output : "");
      |                                     ^~~~~~~~~~~~~
../core_c/../core/enki_object.h:39:13: note: declared here
   39 | EnkiObject* ciptakan_teks(const char* nilai, int mode_dinamis);
      |             ^~~~~~~~~~~~~
../core_c/enki_interpreter.c:2085:17: error: too few arguments to function ‘hancurkan_objek’; expected 2, have 1
 2085 |                 hancurkan_objek(obj_arg);
      |                 ^~~~~~~~~~~~~~~
../core_c/../core/enki_object.h:47:6: note: declared here
   47 | void hancurkan_objek(EnkiObject* obj, int mode_dinamis);
      |      ^~~~~~~~~~~~~~~
../core_c/enki_interpreter.c:2088:26: error: too few arguments to function ‘hancurkan_objek’; expected 2, have 1
 2088 |             if (obj_arg) hancurkan_objek(obj_arg);
      |                          ^~~~~~~~~~~~~~~
../core_c/../core/enki_object.h:47:6: note: declared here
   47 | void hancurkan_objek(EnkiObject* obj, int mode_dinamis);
      |      ^~~~~~~~~~~~~~~
../core_c/enki_interpreter.c:2089:20: error: too few arguments to function ‘ciptakan_kosong’; expected 1, have 0
 2089 |             return ciptakan_kosong();
      |                    ^~~~~~~~~~~~~~~
../core_c/../core/enki_object.h:44:13: note: declared here
   44 | EnkiObject* ciptakan_kosong(int mode_dinamis);
      |             ^~~~~~~~~~~~~~~
../core_c/enki_interpreter.c:2100:24: error: too few arguments to function ‘ciptakan_kosong’; expected 1, have 0
 2100 |                 return ciptakan_kosong();
      |                        ^~~~~~~~~~~~~~~
../core_c/../core/enki_object.h:44:13: note: declared here
   44 | EnkiObject* ciptakan_kosong(int mode_dinamis);
      |             ^~~~~~~~~~~~~~~
../core_c/enki_interpreter.c:2109:45: error: too few arguments to function ‘ciptakan_teks’; expected 2, have 1
 2109 |                 EnkiObject* obj_kembalian = ciptakan_teks(hasil_hash);
      |                                             ^~~~~~~~~~~~~
../core_c/../core/enki_object.h:39:13: note: declared here
   39 | EnkiObject* ciptakan_teks(const char* nilai, int mode_dinamis);
      |             ^~~~~~~~~~~~~
../core_c/enki_interpreter.c:2111:17: error: too few arguments to function ‘hancurkan_objek’; expected 2, have 1
 2111 |                 hancurkan_objek(arg_teks);
      |                 ^~~~~~~~~~~~~~~
../core_c/../core/enki_object.h:47:6: note: declared here
   47 | void hancurkan_objek(EnkiObject* obj, int mode_dinamis);
      |      ^~~~~~~~~~~~~~~
../core_c/enki_interpreter.c:2116:27: error: too few arguments to function ‘hancurkan_objek’; expected 2, have 1
 2116 |             if (arg_teks) hancurkan_objek(arg_teks);
      |                           ^~~~~~~~~~~~~~~
../core_c/../core/enki_object.h:47:6: note: declared here
   47 | void hancurkan_objek(EnkiObject* obj, int mode_dinamis);
      |      ^~~~~~~~~~~~~~~
../core_c/enki_interpreter.c:2117:20: error: too few arguments to function ‘ciptakan_kosong’; expected 1, have 0
 2117 |             return ciptakan_kosong();
      |                    ^~~~~~~~~~~~~~~
../core_c/../core/enki_object.h:44:13: note: declared here
   44 | EnkiObject* ciptakan_kosong(int mode_dinamis);
      |             ^~~~~~~~~~~~~~~
../core_c/enki_interpreter.c:2126:24: error: too few arguments to function ‘ciptakan_kosong’; expected 1, have 0
 2126 |                 return ciptakan_kosong();
      |                        ^~~~~~~~~~~~~~~
../core_c/../core/enki_object.h:44:13: note: declared here
   44 | EnkiObject* ciptakan_kosong(int mode_dinamis);
      |             ^~~~~~~~~~~~~~~
../core_c/enki_interpreter.c:2133:37: error: too few arguments to function ‘ciptakan_kosong’; expected 1, have 0
 2133 |                 EnkiObject* hasil = ciptakan_kosong();
      |                                     ^~~~~~~~~~~~~~~
../core_c/../core/enki_object.h:44:13: note: declared here
   44 | EnkiObject* ciptakan_kosong(int mode_dinamis);
      |             ^~~~~~~~~~~~~~~
../core_c/enki_interpreter.c:2146:29: error: too few arguments to function ‘ciptakan_teks’; expected 2, have 1
 2146 |                     hasil = ciptakan_teks(b64_mentah);
      |                             ^~~~~~~~~~~~~
../core_c/../core/enki_object.h:39:13: note: declared here
   39 | EnkiObject* ciptakan_teks(const char* nilai, int mode_dinamis);
      |             ^~~~~~~~~~~~~
../core_c/enki_interpreter.c:2164:33: error: too few arguments to function ‘ciptakan_teks’; expected 2, have 1
 2164 |                         hasil = ciptakan_teks(teks_pulih);
      |                                 ^~~~~~~~~~~~~
../core_c/../core/enki_object.h:39:13: note: declared here
   39 | EnkiObject* ciptakan_teks(const char* nilai, int mode_dinamis);
      |             ^~~~~~~~~~~~~
../core_c/enki_interpreter.c:2169:17: error: too few arguments to function ‘hancurkan_objek’; expected 2, have 1
 2169 |                 hancurkan_objek(obj_teks); hancurkan_objek(obj_kunci);
      |                 ^~~~~~~~~~~~~~~
../core_c/../core/enki_object.h:47:6: note: declared here
   47 | void hancurkan_objek(EnkiObject* obj, int mode_dinamis);
      |      ^~~~~~~~~~~~~~~
../core_c/enki_interpreter.c:2169:44: error: too few arguments to function ‘hancurkan_objek’; expected 2, have 1
 2169 |                 hancurkan_objek(obj_teks); hancurkan_objek(obj_kunci);
      |                                            ^~~~~~~~~~~~~~~
../core_c/../core/enki_object.h:47:6: note: declared here
   47 | void hancurkan_objek(EnkiObject* obj, int mode_dinamis);
      |      ^~~~~~~~~~~~~~~
../core_c/enki_interpreter.c:2172:27: error: too few arguments to function ‘hancurkan_objek’; expected 2, have 1
 2172 |             if (obj_teks) hancurkan_objek(obj_teks);
      |                           ^~~~~~~~~~~~~~~
../core_c/../core/enki_object.h:47:6: note: declared here
   47 | void hancurkan_objek(EnkiObject* obj, int mode_dinamis);
      |      ^~~~~~~~~~~~~~~
../core_c/enki_interpreter.c:2173:28: error: too few arguments to function ‘hancurkan_objek’; expected 2, have 1
 2173 |             if (obj_kunci) hancurkan_objek(obj_kunci);
      |                            ^~~~~~~~~~~~~~~
../core_c/../core/enki_object.h:47:6: note: declared here
   47 | void hancurkan_objek(EnkiObject* obj, int mode_dinamis);
      |      ^~~~~~~~~~~~~~~
../core_c/enki_interpreter.c:2174:20: error: too few arguments to function ‘ciptakan_kosong’; expected 1, have 0
 2174 |             return ciptakan_kosong();
      |                    ^~~~~~~~~~~~~~~
../core_c/../core/enki_object.h:44:13: note: declared here
   44 | EnkiObject* ciptakan_kosong(int mode_dinamis);
      |             ^~~~~~~~~~~~~~~
../core_c/enki_interpreter.c:2186:24: error: too few arguments to function ‘ciptakan_kosong’; expected 1, have 0
 2186 |                 return ciptakan_kosong();
      |                        ^~~~~~~~~~~~~~~
../core_c/../core/enki_object.h:44:13: note: declared here
   44 | EnkiObject* ciptakan_kosong(int mode_dinamis);
      |             ^~~~~~~~~~~~~~~
../core_c/enki_interpreter.c:2229:13: error: too few arguments to function ‘hancurkan_objek’; expected 2, have 1
 2229 |             hancurkan_objek(obj_sumber); hancurkan_objek(obj_kunci); hancurkan_objek(obj_target);
      |             ^~~~~~~~~~~~~~~
../core_c/../core/enki_object.h:47:6: note: declared here
   47 | void hancurkan_objek(EnkiObject* obj, int mode_dinamis);
      |      ^~~~~~~~~~~~~~~
../core_c/enki_interpreter.c:2229:42: error: too few arguments to function ‘hancurkan_objek’; expected 2, have 1
 2229 |             hancurkan_objek(obj_sumber); hancurkan_objek(obj_kunci); hancurkan_objek(obj_target);
      |                                          ^~~~~~~~~~~~~~~
../core_c/../core/enki_object.h:47:6: note: declared here
   47 | void hancurkan_objek(EnkiObject* obj, int mode_dinamis);
      |      ^~~~~~~~~~~~~~~
../core_c/enki_interpreter.c:2229:70: error: too few arguments to function ‘hancurkan_objek’; expected 2, have 1
 2229 |             hancurkan_objek(obj_sumber); hancurkan_objek(obj_kunci); hancurkan_objek(obj_target);
      |                                                                      ^~~~~~~~~~~~~~~
../core_c/../core/enki_object.h:47:6: note: declared here
   47 | void hancurkan_objek(EnkiObject* obj, int mode_dinamis);
      |      ^~~~~~~~~~~~~~~
../core_c/enki_interpreter.c:2230:20: error: too few arguments to function ‘ciptakan_kosong’; expected 1, have 0
 2230 |             return ciptakan_kosong();
      |                    ^~~~~~~~~~~~~~~
../core_c/../core/enki_object.h:44:13: note: declared here
   44 | EnkiObject* ciptakan_kosong(int mode_dinamis);
      |             ^~~~~~~~~~~~~~~
../core_c/enki_interpreter.c:2240:24: error: too few arguments to function ‘ciptakan_kosong’; expected 1, have 0
 2240 |                 return ciptakan_kosong();
      |                        ^~~~~~~~~~~~~~~
../core_c/../core/enki_object.h:44:13: note: declared here
   44 | EnkiObject* ciptakan_kosong(int mode_dinamis);
      |             ^~~~~~~~~~~~~~~
../core_c/enki_interpreter.c:2247:39: error: too few arguments to function ‘ciptakan_kosong’; expected 1, have 0
 2247 |             EnkiObject* hasil_final = ciptakan_kosong();
      |                                       ^~~~~~~~~~~~~~~
../core_c/../core/enki_object.h:44:13: note: declared here
   44 | EnkiObject* ciptakan_kosong(int mode_dinamis);
      |             ^~~~~~~~~~~~~~~
../core_c/enki_interpreter.c:2269:35: error: too few arguments to function ‘ciptakan_teks’; expected 2, have 1
 2269 |                     hasil_final = ciptakan_teks(buffer_hasil);
      |                                   ^~~~~~~~~~~~~
../core_c/../core/enki_object.h:39:13: note: declared here
   39 | EnkiObject* ciptakan_teks(const char* nilai, int mode_dinamis);
      |             ^~~~~~~~~~~~~
../core_c/enki_interpreter.c:2271:35: error: too few arguments to function ‘ciptakan_salinan_objek’; expected 2, have 1
 2271 |                     hasil_final = ciptakan_salinan_objek(obj_sumber);
      |                                   ^~~~~~~~~~~~~~~~~~~~~~
../core_c/../core/enki_object.h:43:13: note: declared here
   43 | EnkiObject* ciptakan_salinan_objek(EnkiObject* sumber, int mode_dinamis);
      |             ^~~~~~~~~~~~~~~~~~~~~~
../core_c/enki_interpreter.c:2276:13: error: too few arguments to function ‘hancurkan_objek’; expected 2, have 1
 2276 |             hancurkan_objek(obj_sumber);
      |             ^~~~~~~~~~~~~~~
../core_c/../core/enki_object.h:47:6: note: declared here
   47 | void hancurkan_objek(EnkiObject* obj, int mode_dinamis);
      |      ^~~~~~~~~~~~~~~
../core_c/enki_interpreter.c:2277:13: error: too few arguments to function ‘hancurkan_objek’; expected 2, have 1
 2277 |             hancurkan_objek(obj_dicari);
      |             ^~~~~~~~~~~~~~~
../core_c/../core/enki_object.h:47:6: note: declared here
   47 | void hancurkan_objek(EnkiObject* obj, int mode_dinamis);
      |      ^~~~~~~~~~~~~~~
../core_c/enki_interpreter.c:2278:13: error: too few arguments to function ‘hancurkan_objek’; expected 2, have 1
 2278 |             hancurkan_objek(obj_ganti);
      |             ^~~~~~~~~~~~~~~
../core_c/../core/enki_object.h:47:6: note: declared here
   47 | void hancurkan_objek(EnkiObject* obj, int mode_dinamis);
      |      ^~~~~~~~~~~~~~~
../core_c/enki_interpreter.c:2289:24: error: too few arguments to function ‘ciptakan_kosong’; expected 1, have 0
 2289 |                 return ciptakan_kosong();
      |                        ^~~~~~~~~~~~~~~
../core_c/../core/enki_object.h:44:13: note: declared here
   44 | EnkiObject* ciptakan_kosong(int mode_dinamis);
      |             ^~~~~~~~~~~~~~~
../core_c/enki_interpreter.c:2306:39: error: too few arguments to function ‘ciptakan_array’; expected 2, have 1
 2306 |             EnkiObject* array_hasil = ciptakan_array(jumlah);
      |                                       ^~~~~~~~~~~~~~
../core_c/../core/enki_object.h:40:13: note: declared here
   40 | EnkiObject* ciptakan_array(int kapasitas, int mode_dinamis);
      |             ^~~~~~~~~~~~~~
../core_c/enki_interpreter.c:2312:58: error: too few arguments to function ‘ciptakan_teks’; expected 2, have 1
 2312 |                 array_hasil->nilai.array_elemen[idx++] = ciptakan_teks(token);
      |                                                          ^~~~~~~~~~~~~
../core_c/../core/enki_object.h:39:13: note: declared here
   39 | EnkiObject* ciptakan_teks(const char* nilai, int mode_dinamis);
      |             ^~~~~~~~~~~~~
../core_c/enki_interpreter.c:2317:27: error: too few arguments to function ‘hancurkan_objek’; expected 2, have 1
 2317 |             if (obj_teks) hancurkan_objek(obj_teks);
      |                           ^~~~~~~~~~~~~~~
../core_c/../core/enki_object.h:47:6: note: declared here
   47 | void hancurkan_objek(EnkiObject* obj, int mode_dinamis);
      |      ^~~~~~~~~~~~~~~
../core_c/enki_interpreter.c:2318:30: error: too few arguments to function ‘hancurkan_objek’; expected 2, have 1
 2318 |             if (obj_pemisah) hancurkan_objek(obj_pemisah);
      |                              ^~~~~~~~~~~~~~~
../core_c/../core/enki_object.h:47:6: note: declared here
   47 | void hancurkan_objek(EnkiObject* obj, int mode_dinamis);
      |      ^~~~~~~~~~~~~~~
../core_c/enki_interpreter.c:2328:24: error: too few arguments to function ‘ciptakan_kosong’; expected 1, have 0
 2328 |                 return ciptakan_kosong();
      |                        ^~~~~~~~~~~~~~~
../core_c/../core/enki_object.h:44:13: note: declared here
   44 | EnkiObject* ciptakan_kosong(int mode_dinamis);
      |             ^~~~~~~~~~~~~~~
../core_c/enki_interpreter.c:2334:33: error: too few arguments to function ‘ciptakan_kosong’; expected 1, have 0
 2334 |             EnkiObject* hasil = ciptakan_kosong();
      |                                 ^~~~~~~~~~~~~~~
../core_c/../core/enki_object.h:44:13: note: declared here
   44 | EnkiObject* ciptakan_kosong(int mode_dinamis);
      |             ^~~~~~~~~~~~~~~
../core_c/enki_interpreter.c:2341:60: error: too few arguments to function ‘ciptakan_teks’; expected 2, have 1
 2341 |                     if (elemen->tipe == ENKI_TEKS) hasil = ciptakan_teks(elemen->nilai.teks);
      |                                                            ^~~~~~~~~~~~~
../core_c/../core/enki_object.h:39:13: note: declared here
   39 | EnkiObject* ciptakan_teks(const char* nilai, int mode_dinamis);
      |             ^~~~~~~~~~~~~
../core_c/enki_interpreter.c:2342:66: error: too few arguments to function ‘ciptakan_angka’; expected 2, have 1
 2342 |                     else if (elemen->tipe == ENKI_ANGKA) hasil = ciptakan_angka(elemen->nilai.angka);
      |                                                                  ^~~~~~~~~~~~~~
../core_c/../core/enki_object.h:38:13: note: declared here
   38 | EnkiObject* ciptakan_angka(double nilai, int mode_dinamis);
      |             ^~~~~~~~~~~~~~
../core_c/enki_interpreter.c:2348:28: error: too few arguments to function ‘hancurkan_objek’; expected 2, have 1
 2348 |             if (obj_array) hancurkan_objek(obj_array);
      |                            ^~~~~~~~~~~~~~~
../core_c/../core/enki_object.h:47:6: note: declared here
   47 | void hancurkan_objek(EnkiObject* obj, int mode_dinamis);
      |      ^~~~~~~~~~~~~~~
../core_c/enki_interpreter.c:2349:28: error: too few arguments to function ‘hancurkan_objek’; expected 2, have 1
 2349 |             if (obj_index) hancurkan_objek(obj_index);
      |                            ^~~~~~~~~~~~~~~
../core_c/../core/enki_object.h:47:6: note: declared here
   47 | void hancurkan_objek(EnkiObject* obj, int mode_dinamis);
      |      ^~~~~~~~~~~~~~~
../core_c/enki_interpreter.c:2359:24: error: too few arguments to function ‘ciptakan_kosong’; expected 1, have 0
 2359 |                 return ciptakan_kosong();
      |                        ^~~~~~~~~~~~~~~
../core_c/../core/enki_object.h:44:13: note: declared here
   44 | EnkiObject* ciptakan_kosong(int mode_dinamis);
      |             ^~~~~~~~~~~~~~~
../core_c/enki_interpreter.c:2381:73: error: too few arguments to function ‘ciptakan_salinan_objek’; expected 2, have 1
 2381 |                     obj_array->nilai.array_elemen[obj_array->panjang] = ciptakan_salinan_objek(elemen_baru);
      |                                                                         ^~~~~~~~~~~~~~~~~~~~~~
../core_c/../core/enki_object.h:43:13: note: declared here
   43 | EnkiObject* ciptakan_salinan_objek(EnkiObject* sumber, int mode_dinamis);
      |             ^~~~~~~~~~~~~~~~~~~~~~
../core_c/enki_interpreter.c:2393:34: error: too few arguments to function ‘hancurkan_objek’; expected 2, have 1
 2393 |                 if (elemen_baru) hancurkan_objek(elemen_baru);
      |                                  ^~~~~~~~~~~~~~~
../core_c/../core/enki_object.h:47:6: note: declared here
   47 | void hancurkan_objek(EnkiObject* obj, int mode_dinamis);
      |      ^~~~~~~~~~~~~~~
../core_c/enki_interpreter.c:2397:20: error: too few arguments to function ‘ciptakan_kosong’; expected 1, have 0
 2397 |             return ciptakan_kosong();
      |                    ^~~~~~~~~~~~~~~
../core_c/../core/enki_object.h:44:13: note: declared here
   44 | EnkiObject* ciptakan_kosong(int mode_dinamis);
      |             ^~~~~~~~~~~~~~~
../core_c/enki_interpreter.c:2406:24: error: too few arguments to function ‘ciptakan_kosong’; expected 1, have 0
 2406 |                 return ciptakan_kosong();
      |                        ^~~~~~~~~~~~~~~
../core_c/../core/enki_object.h:44:13: note: declared here
   44 | EnkiObject* ciptakan_kosong(int mode_dinamis);
      |             ^~~~~~~~~~~~~~~
../core_c/enki_interpreter.c:2414:27: error: too few arguments to function ‘hancurkan_objek’; expected 2, have 1
 2414 |             if (obj_pola) hancurkan_objek(obj_pola);
      |                           ^~~~~~~~~~~~~~~
../core_c/../core/enki_object.h:47:6: note: declared here
   47 | void hancurkan_objek(EnkiObject* obj, int mode_dinamis);
      |      ^~~~~~~~~~~~~~~
../core_c/enki_interpreter.c:2417:33: error: too few arguments to function ‘ciptakan_teks’; expected 2, have 1
 2417 |             EnkiObject* hasil = ciptakan_teks(hasil_mentah);
      |                                 ^~~~~~~~~~~~~
../core_c/../core/enki_object.h:39:13: note: declared here
   39 | EnkiObject* ciptakan_teks(const char* nilai, int mode_dinamis);
      |             ^~~~~~~~~~~~~
../core_c/enki_interpreter.c:2427:24: error: too few arguments to function ‘ciptakan_kosong’; expected 1, have 0
 2427 |                 return ciptakan_kosong();
      |                        ^~~~~~~~~~~~~~~
../core_c/../core/enki_object.h:44:13: note: declared here
   44 | EnkiObject* ciptakan_kosong(int mode_dinamis);
      |             ^~~~~~~~~~~~~~~
../core_c/enki_interpreter.c:2435:27: error: too few arguments to function ‘hancurkan_objek’; expected 2, have 1
 2435 |             if (obj_path) hancurkan_objek(obj_path);
      |                           ^~~~~~~~~~~~~~~
../core_c/../core/enki_object.h:47:6: note: declared here
   47 | void hancurkan_objek(EnkiObject* obj, int mode_dinamis);
      |      ^~~~~~~~~~~~~~~
../core_c/enki_interpreter.c:2438:33: error: too few arguments to function ‘ciptakan_teks’; expected 2, have 1
 2438 |             EnkiObject* hasil = ciptakan_teks(hasil_mentah);
      |                                 ^~~~~~~~~~~~~
../core_c/../core/enki_object.h:39:13: note: declared here
   39 | EnkiObject* ciptakan_teks(const char* nilai, int mode_dinamis);
      |             ^~~~~~~~~~~~~
../core_c/enki_interpreter.c:2446:24: error: too few arguments to function ‘ciptakan_kosong’; expected 1, have 0
 2446 |                 return ciptakan_kosong();
      |                        ^~~~~~~~~~~~~~~
../core_c/../core/enki_object.h:44:13: note: declared here
   44 | EnkiObject* ciptakan_kosong(int mode_dinamis);
      |             ^~~~~~~~~~~~~~~
../core_c/enki_interpreter.c:2465:27: error: too few arguments to function ‘hancurkan_objek’; expected 2, have 1
 2465 |             if (obj_path) hancurkan_objek(obj_path);
      |                           ^~~~~~~~~~~~~~~
../core_c/../core/enki_object.h:47:6: note: declared here
   47 | void hancurkan_objek(EnkiObject* obj, int mode_dinamis);
      |      ^~~~~~~~~~~~~~~
../core_c/enki_interpreter.c:2466:29: error: too few arguments to function ‘hancurkan_objek’; expected 2, have 1
 2466 |             if (obj_konten) hancurkan_objek(obj_konten);
      |                             ^~~~~~~~~~~~~~~
../core_c/../core/enki_object.h:47:6: note: declared here
   47 | void hancurkan_objek(EnkiObject* obj, int mode_dinamis);
      |      ^~~~~~~~~~~~~~~
../core_c/enki_interpreter.c:2468:20: error: too few arguments to function ‘ciptakan_kosong’; expected 1, have 0
 2468 |             return ciptakan_kosong();
      |                    ^~~~~~~~~~~~~~~
../core_c/../core/enki_object.h:44:13: note: declared here
   44 | EnkiObject* ciptakan_kosong(int mode_dinamis);
      |             ^~~~~~~~~~~~~~~
../core_c/enki_interpreter.c:2477:24: error: too few arguments to function ‘ciptakan_kosong’; expected 1, have 0
 2477 |                 return ciptakan_kosong();
      |                        ^~~~~~~~~~~~~~~
../core_c/../core/enki_object.h:44:13: note: declared here
   44 | EnkiObject* ciptakan_kosong(int mode_dinamis);
      |             ^~~~~~~~~~~~~~~
../core_c/enki_interpreter.c:2486:48: error: too few arguments to function ‘hancurkan_objek’; expected 2, have 1
 2486 |                 free(path_final); if(obj_path) hancurkan_objek(obj_path);
      |                                                ^~~~~~~~~~~~~~~
../core_c/../core/enki_object.h:47:6: note: declared here
   47 | void hancurkan_objek(EnkiObject* obj, int mode_dinamis);
      |      ^~~~~~~~~~~~~~~
../core_c/enki_interpreter.c:2487:24: error: too few arguments to function ‘ciptakan_kosong’; expected 1, have 0
 2487 |                 return ciptakan_kosong();
      |                        ^~~~~~~~~~~~~~~
../core_c/../core/enki_object.h:44:13: note: declared here
   44 | EnkiObject* ciptakan_kosong(int mode_dinamis);
      |             ^~~~~~~~~~~~~~~
../core_c/enki_interpreter.c:2498:33: error: too few arguments to function ‘ciptakan_blob’; expected 3, have 2
 2498 |             EnkiObject* hasil = ciptakan_blob(buffer_biner, ukuran); // 🟢 BUNGKUS JADI BLOB AMAN
      |                                 ^~~~~~~~~~~~~
../core_c/../core/enki_object.h:42:13: note: declared here
   42 | EnkiObject* ciptakan_blob(const unsigned char* data, size_t ukuran, int mode_dinamis);
      |             ^~~~~~~~~~~~~
../core_c/enki_interpreter.c:2499:65: error: too few arguments to function ‘hancurkan_objek’; expected 2, have 1
 2499 |             free(buffer_biner); free(path_final); if (obj_path) hancurkan_objek(obj_path);
      |                                                                 ^~~~~~~~~~~~~~~
../core_c/../core/enki_object.h:47:6: note: declared here
   47 | void hancurkan_objek(EnkiObject* obj, int mode_dinamis);
      |      ^~~~~~~~~~~~~~~
../core_c/enki_interpreter.c:2507:24: error: too few arguments to function ‘ciptakan_kosong’; expected 1, have 0
 2507 |                 return ciptakan_kosong();
      |                        ^~~~~~~~~~~~~~~
../core_c/../core/enki_object.h:44:13: note: declared here
   44 | EnkiObject* ciptakan_kosong(int mode_dinamis);
      |             ^~~~~~~~~~~~~~~
../core_c/enki_interpreter.c:2520:27: error: too few arguments to function ‘hancurkan_objek’; expected 2, have 1
 2520 |             if (obj_data) hancurkan_objek(obj_data);
      |                           ^~~~~~~~~~~~~~~
../core_c/../core/enki_object.h:47:6: note: declared here
   47 | void hancurkan_objek(EnkiObject* obj, int mode_dinamis);
      |      ^~~~~~~~~~~~~~~
../core_c/enki_interpreter.c:2522:37: error: too few arguments to function ‘ciptakan_teks’; expected 2, have 1
 2522 |                 EnkiObject* hasil = ciptakan_teks(hasil_b64);
      |                                     ^~~~~~~~~~~~~
../core_c/../core/enki_object.h:39:13: note: declared here
   39 | EnkiObject* ciptakan_teks(const char* nilai, int mode_dinamis);
      |             ^~~~~~~~~~~~~
../core_c/enki_interpreter.c:2525:20: error: too few arguments to function ‘ciptakan_kosong’; expected 1, have 0
 2525 |             return ciptakan_kosong();
      |                    ^~~~~~~~~~~~~~~
../core_c/../core/enki_object.h:44:13: note: declared here
   44 | EnkiObject* ciptakan_kosong(int mode_dinamis);
      |             ^~~~~~~~~~~~~~~
../core_c/enki_interpreter.c:2531:24: error: too few arguments to function ‘ciptakan_kosong’; expected 1, have 0
 2531 |                 return ciptakan_kosong();
      |                        ^~~~~~~~~~~~~~~
../core_c/../core/enki_object.h:44:13: note: declared here
   44 | EnkiObject* ciptakan_kosong(int mode_dinamis);
      |             ^~~~~~~~~~~~~~~
../core_c/enki_interpreter.c:2539:41: error: too few arguments to function ‘ciptakan_blob’; expected 3, have 2
 2539 |                     EnkiObject* hasil = ciptakan_blob(biner, ukuran_asli); // 🟢 KEMBALIKAN KE BLOB
      |                                         ^~~~~~~~~~~~~
../core_c/../core/enki_object.h:42:13: note: declared here
   42 | EnkiObject* ciptakan_blob(const unsigned char* data, size_t ukuran, int mode_dinamis);
      |             ^~~~~~~~~~~~~
../core_c/enki_interpreter.c:2540:34: error: too few arguments to function ‘hancurkan_objek’; expected 2, have 1
 2540 |                     free(biner); hancurkan_objek(obj_data); return hasil;
      |                                  ^~~~~~~~~~~~~~~
../core_c/../core/enki_object.h:47:6: note: declared here
   47 | void hancurkan_objek(EnkiObject* obj, int mode_dinamis);
      |      ^~~~~~~~~~~~~~~
../core_c/enki_interpreter.c:2548:27: error: too few arguments to function ‘hancurkan_objek’; expected 2, have 1
 2548 |             if (obj_data) hancurkan_objek(obj_data);
      |                           ^~~~~~~~~~~~~~~
../core_c/../core/enki_object.h:47:6: note: declared here
   47 | void hancurkan_objek(EnkiObject* obj, int mode_dinamis);
      |      ^~~~~~~~~~~~~~~
../core_c/enki_interpreter.c:2549:20: error: too few arguments to function ‘ciptakan_kosong’; expected 1, have 0
 2549 |             return ciptakan_kosong();
      |                    ^~~~~~~~~~~~~~~
../core_c/../core/enki_object.h:44:13: note: declared here
   44 | EnkiObject* ciptakan_kosong(int mode_dinamis);
      |             ^~~~~~~~~~~~~~~
../core_c/enki_interpreter.c:2555:25: error: too few arguments to function ‘ciptakan_kosong’; expected 1, have 0
 2555 |                  return ciptakan_kosong();
      |                         ^~~~~~~~~~~~~~~
../core_c/../core/enki_object.h:44:13: note: declared here
   44 | EnkiObject* ciptakan_kosong(int mode_dinamis);
      |             ^~~~~~~~~~~~~~~
../core_c/enki_interpreter.c:2575:28: error: too few arguments to function ‘hancurkan_objek’; expected 2, have 1
 2575 |              if (obj_path) hancurkan_objek(obj_path);
      |                            ^~~~~~~~~~~~~~~
../core_c/../core/enki_object.h:47:6: note: declared here
   47 | void hancurkan_objek(EnkiObject* obj, int mode_dinamis);
      |      ^~~~~~~~~~~~~~~
../core_c/enki_interpreter.c:2576:28: error: too few arguments to function ‘hancurkan_objek’; expected 2, have 1
 2576 |              if (obj_blob) hancurkan_objek(obj_blob);
      |                            ^~~~~~~~~~~~~~~
../core_c/../core/enki_object.h:47:6: note: declared here
   47 | void hancurkan_objek(EnkiObject* obj, int mode_dinamis);
      |      ^~~~~~~~~~~~~~~
../core_c/enki_interpreter.c:2577:21: error: too few arguments to function ‘ciptakan_kosong’; expected 1, have 0
 2577 |              return ciptakan_kosong();
      |                     ^~~~~~~~~~~~~~~
../core_c/../core/enki_object.h:44:13: note: declared here
   44 | EnkiObject* ciptakan_kosong(int mode_dinamis);
      |             ^~~~~~~~~~~~~~~
../core_c/enki_interpreter.c:2584:24: error: too few arguments to function ‘ciptakan_kosong’; expected 1, have 0
 2584 |                 return ciptakan_kosong();
      |                        ^~~~~~~~~~~~~~~
../core_c/../core/enki_object.h:44:13: note: declared here
   44 | EnkiObject* ciptakan_kosong(int mode_dinamis);
      |             ^~~~~~~~~~~~~~~
../core_c/enki_interpreter.c:2601:29: error: too few arguments to function ‘hancurkan_objek’; expected 2, have 1
 2601 |             if (obj_target) hancurkan_objek(obj_target);
      |                             ^~~~~~~~~~~~~~~
../core_c/../core/enki_object.h:47:6: note: declared here
   47 | void hancurkan_objek(EnkiObject* obj, int mode_dinamis);
      |      ^~~~~~~~~~~~~~~
../core_c/enki_interpreter.c:2602:27: error: too few arguments to function ‘hancurkan_objek’; expected 2, have 1
 2602 |             if (obj_path) hancurkan_objek(obj_path);
      |                           ^~~~~~~~~~~~~~~
../core_c/../core/enki_object.h:47:6: note: declared here
   47 | void hancurkan_objek(EnkiObject* obj, int mode_dinamis);
      |      ^~~~~~~~~~~~~~~
../core_c/enki_interpreter.c:2604:20: error: too few arguments to function ‘ciptakan_kosong’; expected 1, have 0
 2604 |             return ciptakan_kosong();
      |                    ^~~~~~~~~~~~~~~
../core_c/../core/enki_object.h:44:13: note: declared here
   44 | EnkiObject* ciptakan_kosong(int mode_dinamis);
      |             ^~~~~~~~~~~~~~~
../core_c/enki_interpreter.c:2611:24: error: too few arguments to function ‘ciptakan_kosong’; expected 1, have 0
 2611 |                 return ciptakan_kosong();
      |                        ^~~~~~~~~~~~~~~
../core_c/../core/enki_object.h:44:13: note: declared here
   44 | EnkiObject* ciptakan_kosong(int mode_dinamis);
      |             ^~~~~~~~~~~~~~~
../core_c/enki_interpreter.c:2618:41: error: too few arguments to function ‘ciptakan_kosong’; expected 1, have 0
 2618 |             EnkiObject* hasil_bangkit = ciptakan_kosong();
      |                                         ^~~~~~~~~~~~~~~
../core_c/../core/enki_object.h:44:13: note: declared here
   44 | EnkiObject* ciptakan_kosong(int mode_dinamis);
      |             ^~~~~~~~~~~~~~~
../core_c/enki_interpreter.c:2639:27: error: too few arguments to function ‘hancurkan_objek’; expected 2, have 1
 2639 |             if (obj_path) hancurkan_objek(obj_path);
      |                           ^~~~~~~~~~~~~~~
../core_c/../core/enki_object.h:47:6: note: declared here
   47 | void hancurkan_objek(EnkiObject* obj, int mode_dinamis);
      |      ^~~~~~~~~~~~~~~
../core_c/enki_interpreter.c:2650:24: error: too few arguments to function ‘ciptakan_kosong’; expected 1, have 0
 2650 |                 return ciptakan_kosong();
      |                        ^~~~~~~~~~~~~~~
../core_c/../core/enki_object.h:44:13: note: declared here
   44 | EnkiObject* ciptakan_kosong(int mode_dinamis);
      |             ^~~~~~~~~~~~~~~
../core_c/enki_interpreter.c:2657:43: error: too few arguments to function ‘ciptakan_kosong’; expected 1, have 0
 2657 |             EnkiObject* hasil_pencarian = ciptakan_kosong();
      |                                           ^~~~~~~~~~~~~~~
../core_c/../core/enki_object.h:44:13: note: declared here
   44 | EnkiObject* ciptakan_kosong(int mode_dinamis);
      |             ^~~~~~~~~~~~~~~
../core_c/enki_interpreter.c:2685:45: error: too few arguments to function ‘hancurkan_objek’; expected 2, have 1
 2685 |                                             hancurkan_objek(hasil_pencarian);
      |                                             ^~~~~~~~~~~~~~~
../core_c/../core/enki_object.h:47:6: note: declared here
   47 | void hancurkan_objek(EnkiObject* obj, int mode_dinamis);
      |      ^~~~~~~~~~~~~~~
../core_c/enki_interpreter.c:2686:63: error: too few arguments to function ‘ciptakan_salinan_objek’; expected 2, have 1
 2686 |                                             hasil_pencarian = ciptakan_salinan_objek(baris);
      |                                                               ^~~~~~~~~~~~~~~~~~~~~~
../core_c/../core/enki_object.h:43:13: note: declared here
   43 | EnkiObject* ciptakan_salinan_objek(EnkiObject* sumber, int mode_dinamis);
      |             ^~~~~~~~~~~~~~~~~~~~~~
../core_c/enki_interpreter.c:2701:37: error: too few arguments to function ‘hancurkan_objek’; expected 2, have 1
 2701 |                                     hancurkan_objek(hasil_pencarian);
      |                                     ^~~~~~~~~~~~~~~
../core_c/../core/enki_object.h:47:6: note: declared here
   47 | void hancurkan_objek(EnkiObject* obj, int mode_dinamis);
      |      ^~~~~~~~~~~~~~~
../core_c/enki_interpreter.c:2702:55: error: too few arguments to function ‘ciptakan_salinan_objek’; expected 2, have 1
 2702 |                                     hasil_pencarian = ciptakan_salinan_objek(db_sementara);
      |                                                       ^~~~~~~~~~~~~~~~~~~~~~
../core_c/../core/enki_object.h:43:13: note: declared here
   43 | EnkiObject* ciptakan_salinan_objek(EnkiObject* sumber, int mode_dinamis);
      |             ^~~~~~~~~~~~~~~~~~~~~~
../core_c/enki_interpreter.c:2711:39: error: too few arguments to function ‘hancurkan_objek’; expected 2, have 1
 2711 |                     if (db_sementara) hancurkan_objek(db_sementara);
      |                                       ^~~~~~~~~~~~~~~
../core_c/../core/enki_object.h:47:6: note: declared here
   47 | void hancurkan_objek(EnkiObject* obj, int mode_dinamis);
      |      ^~~~~~~~~~~~~~~
../core_c/enki_interpreter.c:2719:13: error: too few arguments to function ‘hancurkan_objek’; expected 2, have 1
 2719 |             hancurkan_objek(obj_path); hancurkan_objek(obj_kunci); hancurkan_objek(obj_nilai);
      |             ^~~~~~~~~~~~~~~
../core_c/../core/enki_object.h:47:6: note: declared here
   47 | void hancurkan_objek(EnkiObject* obj, int mode_dinamis);
      |      ^~~~~~~~~~~~~~~
../core_c/enki_interpreter.c:2719:40: error: too few arguments to function ‘hancurkan_objek’; expected 2, have 1
 2719 |             hancurkan_objek(obj_path); hancurkan_objek(obj_kunci); hancurkan_objek(obj_nilai);
      |                                        ^~~~~~~~~~~~~~~
../core_c/../core/enki_object.h:47:6: note: declared here
   47 | void hancurkan_objek(EnkiObject* obj, int mode_dinamis);
      |      ^~~~~~~~~~~~~~~
../core_c/enki_interpreter.c:2719:68: error: too few arguments to function ‘hancurkan_objek’; expected 2, have 1
 2719 |             hancurkan_objek(obj_path); hancurkan_objek(obj_kunci); hancurkan_objek(obj_nilai);
      |                                                                    ^~~~~~~~~~~~~~~
../core_c/../core/enki_object.h:47:6: note: declared here
   47 | void hancurkan_objek(EnkiObject* obj, int mode_dinamis);
      |      ^~~~~~~~~~~~~~~
../core_c/enki_interpreter.c:2723:17: error: too few arguments to function ‘hancurkan_objek’; expected 2, have 1
 2723 |                 hancurkan_objek(hasil_pencarian);
      |                 ^~~~~~~~~~~~~~~
../core_c/../core/enki_object.h:47:6: note: declared here
   47 | void hancurkan_objek(EnkiObject* obj, int mode_dinamis);
      |      ^~~~~~~~~~~~~~~
../core_c/enki_interpreter.c:2724:35: error: too few arguments to function ‘ciptakan_teks’; expected 2, have 1
 2724 |                 hasil_pencarian = ciptakan_teks("TIDAK_DITEMUKAN");
      |                                   ^~~~~~~~~~~~~
../core_c/../core/enki_object.h:39:13: note: declared here
   39 | EnkiObject* ciptakan_teks(const char* nilai, int mode_dinamis);
      |             ^~~~~~~~~~~~~
../core_c/enki_interpreter.c:2735:47: error: too few arguments to function ‘ciptakan_kosong’; expected 1, have 0
 2735 |             if (node->jumlah_anak < 3) return ciptakan_kosong();
      |                                               ^~~~~~~~~~~~~~~
../core_c/../core/enki_object.h:44:13: note: declared here
   44 | EnkiObject* ciptakan_kosong(int mode_dinamis);
      |             ^~~~~~~~~~~~~~~
../core_c/enki_interpreter.c:2746:34: error: too few arguments to function ‘ciptakan_objek_peta’; expected 2, have 1
 2746 |                 EnkiObject* db = ciptakan_objek_peta(0); // Default jika file kosong
      |                                  ^~~~~~~~~~~~~~~~~~~
../core_c/../core/enki_object.h:41:13: note: declared here
   41 | EnkiObject* ciptakan_objek_peta(int kapasitas, int mode_dinamis);
      |             ^~~~~~~~~~~~~~~~~~~
../core_c/enki_interpreter.c:2758:25: error: too few arguments to function ‘hancurkan_objek’; expected 2, have 1
 2758 |                         hancurkan_objek(db); db = parsed;
      |                         ^~~~~~~~~~~~~~~
../core_c/../core/enki_object.h:47:6: note: declared here
   47 | void hancurkan_objek(EnkiObject* obj, int mode_dinamis);
      |      ^~~~~~~~~~~~~~~
../core_c/enki_interpreter.c:2759:40: error: too few arguments to function ‘hancurkan_objek’; expected 2, have 1
 2759 |                     } else if (parsed) hancurkan_objek(parsed);
      |                                        ^~~~~~~~~~~~~~~
../core_c/../core/enki_object.h:47:6: note: declared here
   47 | void hancurkan_objek(EnkiObject* obj, int mode_dinamis);
      |      ^~~~~~~~~~~~~~~
../core_c/enki_interpreter.c:2774:33: error: too few arguments to function ‘hancurkan_objek’; expected 2, have 1
 2774 |                                 hancurkan_objek(saat_ini->nilai.objek_peta.konten[i]);
      |                                 ^~~~~~~~~~~~~~~
../core_c/../core/enki_object.h:47:6: note: declared here
   47 | void hancurkan_objek(EnkiObject* obj, int mode_dinamis);
      |      ^~~~~~~~~~~~~~~
../core_c/enki_interpreter.c:2775:72: error: too few arguments to function ‘ciptakan_salinan_objek’; expected 2, have 1
 2775 |                                 saat_ini->nilai.objek_peta.konten[i] = ciptakan_salinan_objek(obj_nilai);
      |                                                                        ^~~~~~~~~~~~~~~~~~~~~~
../core_c/../core/enki_object.h:43:13: note: declared here
   43 | EnkiObject* ciptakan_salinan_objek(EnkiObject* sumber, int mode_dinamis);
      |             ^~~~~~~~~~~~~~~~~~~~~~
../core_c/enki_interpreter.c:2782:83: error: too few arguments to function ‘ciptakan_teks’; expected 2, have 1
 2782 |                             saat_ini->nilai.objek_peta.kunci[saat_ini->panjang] = ciptakan_teks(token);
      |                                                                                   ^~~~~~~~~~~~~
../core_c/../core/enki_object.h:39:13: note: declared here
   39 | EnkiObject* ciptakan_teks(const char* nilai, int mode_dinamis);
      |             ^~~~~~~~~~~~~
../core_c/enki_interpreter.c:2783:84: error: too few arguments to function ‘ciptakan_salinan_objek’; expected 2, have 1
 2783 |                             saat_ini->nilai.objek_peta.konten[saat_ini->panjang] = ciptakan_salinan_objek(obj_nilai);
      |                                                                                    ^~~~~~~~~~~~~~~~~~~~~~
../core_c/../core/enki_object.h:43:13: note: declared here
   43 | EnkiObject* ciptakan_salinan_objek(EnkiObject* sumber, int mode_dinamis);
      |             ^~~~~~~~~~~~~~~~~~~~~~
../core_c/enki_interpreter.c:2797:83: error: too few arguments to function ‘ciptakan_teks’; expected 2, have 1
 2797 |                             saat_ini->nilai.objek_peta.kunci[saat_ini->panjang] = ciptakan_teks(token);
      |                                                                                   ^~~~~~~~~~~~~
../core_c/../core/enki_object.h:39:13: note: declared here
   39 | EnkiObject* ciptakan_teks(const char* nilai, int mode_dinamis);
      |             ^~~~~~~~~~~~~
../core_c/enki_interpreter.c:2798:55: error: too few arguments to function ‘ciptakan_objek_peta’; expected 2, have 1
 2798 |                             EnkiObject* cabang_baru = ciptakan_objek_peta(0);
      |                                                       ^~~~~~~~~~~~~~~~~~~
../core_c/../core/enki_object.h:41:13: note: declared here
   41 | EnkiObject* ciptakan_objek_peta(int kapasitas, int mode_dinamis);
      |             ^~~~~~~~~~~~~~~~~~~
../core_c/enki_interpreter.c:2816:17: error: too few arguments to function ‘hancurkan_objek’; expected 2, have 1
 2816 |                 hancurkan_objek(db);
      |                 ^~~~~~~~~~~~~~~
../core_c/../core/enki_object.h:47:6: note: declared here
   47 | void hancurkan_objek(EnkiObject* obj, int mode_dinamis);
      |      ^~~~~~~~~~~~~~~
../core_c/enki_interpreter.c:2820:13: error: too few arguments to function ‘hancurkan_objek’; expected 2, have 1
 2820 |             hancurkan_objek(obj_file);
      |             ^~~~~~~~~~~~~~~
../core_c/../core/enki_object.h:47:6: note: declared here
   47 | void hancurkan_objek(EnkiObject* obj, int mode_dinamis);
      |      ^~~~~~~~~~~~~~~
../core_c/enki_interpreter.c:2821:13: error: too few arguments to function ‘hancurkan_objek’; expected 2, have 1
 2821 |             hancurkan_objek(obj_path);
      |             ^~~~~~~~~~~~~~~
../core_c/../core/enki_object.h:47:6: note: declared here
   47 | void hancurkan_objek(EnkiObject* obj, int mode_dinamis);
      |      ^~~~~~~~~~~~~~~
../core_c/enki_interpreter.c:2822:13: error: too few arguments to function ‘hancurkan_objek’; expected 2, have 1
 2822 |             hancurkan_objek(obj_nilai);
      |             ^~~~~~~~~~~~~~~
../core_c/../core/enki_object.h:47:6: note: declared here
   47 | void hancurkan_objek(EnkiObject* obj, int mode_dinamis);
      |      ^~~~~~~~~~~~~~~
../core_c/enki_interpreter.c:2823:20: error: too few arguments to function ‘ciptakan_kosong’; expected 1, have 0
 2823 |             return ciptakan_kosong();
      |                    ^~~~~~~~~~~~~~~
../core_c/../core/enki_object.h:44:13: note: declared here
   44 | EnkiObject* ciptakan_kosong(int mode_dinamis);
      |             ^~~~~~~~~~~~~~~
../core_c/enki_interpreter.c:2831:47: error: too few arguments to function ‘ciptakan_kosong’; expected 1, have 0
 2831 |             if (node->jumlah_anak < 2) return ciptakan_kosong();
      |                                               ^~~~~~~~~~~~~~~
../core_c/../core/enki_object.h:44:13: note: declared here
   44 | EnkiObject* ciptakan_kosong(int mode_dinamis);
      |             ^~~~~~~~~~~~~~~
../core_c/enki_interpreter.c:2834:33: error: too few arguments to function ‘ciptakan_kosong’; expected 1, have 0
 2834 |             EnkiObject* hasil = ciptakan_kosong();
      |                                 ^~~~~~~~~~~~~~~
../core_c/../core/enki_object.h:44:13: note: declared here
   44 | EnkiObject* ciptakan_kosong(int mode_dinamis);
      |             ^~~~~~~~~~~~~~~
../core_c/enki_interpreter.c:2862:41: error: too few arguments to function ‘hancurkan_objek’; expected 2, have 1
 2862 |                                         hancurkan_objek(hasil);
      |                                         ^~~~~~~~~~~~~~~
../core_c/../core/enki_object.h:47:6: note: declared here
   47 | void hancurkan_objek(EnkiObject* obj, int mode_dinamis);
      |      ^~~~~~~~~~~~~~~
../core_c/enki_interpreter.c:2863:49: error: too few arguments to function ‘ciptakan_salinan_objek’; expected 2, have 1
 2863 |                                         hasil = ciptakan_salinan_objek(saat_ini->nilai.objek_peta.konten[i]);
      |                                                 ^~~~~~~~~~~~~~~~~~~~~~
../core_c/../core/enki_object.h:43:13: note: declared here
   43 | EnkiObject* ciptakan_salinan_objek(EnkiObject* sumber, int mode_dinamis);
      |             ^~~~~~~~~~~~~~~~~~~~~~
../core_c/enki_interpreter.c:2874:29: error: too few arguments to function ‘hancurkan_objek’; expected 2, have 1
 2874 |                     if (db) hancurkan_objek(db);
      |                             ^~~~~~~~~~~~~~~
../core_c/../core/enki_object.h:47:6: note: declared here
   47 | void hancurkan_objek(EnkiObject* obj, int mode_dinamis);
      |      ^~~~~~~~~~~~~~~
../core_c/enki_interpreter.c:2881:13: error: too few arguments to function ‘hancurkan_objek’; expected 2, have 1
 2881 |             hancurkan_objek(obj_file);
      |             ^~~~~~~~~~~~~~~
../core_c/../core/enki_object.h:47:6: note: declared here
   47 | void hancurkan_objek(EnkiObject* obj, int mode_dinamis);
      |      ^~~~~~~~~~~~~~~
../core_c/enki_interpreter.c:2882:13: error: too few arguments to function ‘hancurkan_objek’; expected 2, have 1
 2882 |             hancurkan_objek(obj_path);
      |             ^~~~~~~~~~~~~~~
../core_c/../core/enki_object.h:47:6: note: declared here
   47 | void hancurkan_objek(EnkiObject* obj, int mode_dinamis);
      |      ^~~~~~~~~~~~~~~
../core_c/enki_interpreter.c:2894:24: error: too few arguments to function ‘ciptakan_kosong’; expected 1, have 0
 2894 |                 return ciptakan_kosong();
      |                        ^~~~~~~~~~~~~~~
../core_c/../core/enki_object.h:44:13: note: declared here
   44 | EnkiObject* ciptakan_kosong(int mode_dinamis);
      |             ^~~~~~~~~~~~~~~
../core_c/enki_interpreter.c:2900:24: error: too few arguments to function ‘ciptakan_kosong’; expected 1, have 0
 2900 |                 return ciptakan_kosong();
      |                        ^~~~~~~~~~~~~~~
../core_c/../core/enki_object.h:44:13: note: declared here
   44 | EnkiObject* ciptakan_kosong(int mode_dinamis);
      |             ^~~~~~~~~~~~~~~
../core_c/enki_interpreter.c:2909:24: error: too few arguments to function ‘ciptakan_kosong’; expected 1, have 0
 2909 |                 return ciptakan_kosong();
      |                        ^~~~~~~~~~~~~~~
../core_c/../core/enki_object.h:44:13: note: declared here
   44 | EnkiObject* ciptakan_kosong(int mode_dinamis);
      |             ^~~~~~~~~~~~~~~
../core_c/enki_interpreter.c:2932:24: error: too few arguments to function ‘ciptakan_kosong’; expected 1, have 0
 2932 |                 return ciptakan_kosong();
      |                        ^~~~~~~~~~~~~~~
../core_c/../core/enki_object.h:44:13: note: declared here
   44 | EnkiObject* ciptakan_kosong(int mode_dinamis);
      |             ^~~~~~~~~~~~~~~
../core_c/enki_interpreter.c:2946:24: error: too few arguments to function ‘ciptakan_kosong’; expected 1, have 0
 2946 |                 return ciptakan_kosong();
      |                        ^~~~~~~~~~~~~~~
../core_c/../core/enki_object.h:44:13: note: declared here
   44 | EnkiObject* ciptakan_kosong(int mode_dinamis);
      |             ^~~~~~~~~~~~~~~
../core_c/enki_interpreter.c:2952:24: error: too few arguments to function ‘ciptakan_kosong’; expected 1, have 0
 2952 |                 return ciptakan_kosong();
      |                        ^~~~~~~~~~~~~~~
../core_c/../core/enki_object.h:44:13: note: declared here
   44 | EnkiObject* ciptakan_kosong(int mode_dinamis);
      |             ^~~~~~~~~~~~~~~
../core_c/enki_interpreter.c:2961:24: error: too few arguments to function ‘ciptakan_kosong’; expected 1, have 0
 2961 |                 return ciptakan_kosong();
      |                        ^~~~~~~~~~~~~~~
../core_c/../core/enki_object.h:44:13: note: declared here
   44 | EnkiObject* ciptakan_kosong(int mode_dinamis);
      |             ^~~~~~~~~~~~~~~
../core_c/enki_interpreter.c:2984:24: error: too few arguments to function ‘ciptakan_kosong’; expected 1, have 0
 2984 |                 return ciptakan_kosong();
      |                        ^~~~~~~~~~~~~~~
../core_c/../core/enki_object.h:44:13: note: declared here
   44 | EnkiObject* ciptakan_kosong(int mode_dinamis);
      |             ^~~~~~~~~~~~~~~
../core_c/enki_interpreter.c:2994:47: error: too few arguments to function ‘ciptakan_kosong’; expected 1, have 0
 2994 |             if (node->jumlah_anak < 1) return ciptakan_kosong();
      |                                               ^~~~~~~~~~~~~~~
../core_c/../core/enki_object.h:44:13: note: declared here
   44 | EnkiObject* ciptakan_kosong(int mode_dinamis);
      |             ^~~~~~~~~~~~~~~
../core_c/enki_interpreter.c:3009:27: error: too few arguments to function ‘hancurkan_objek’; expected 2, have 1
 3009 |             if (arg_gaya) hancurkan_objek(arg_gaya);
      |                           ^~~~~~~~~~~~~~~
../core_c/../core/enki_object.h:47:6: note: declared here
   47 | void hancurkan_objek(EnkiObject* obj, int mode_dinamis);
      |      ^~~~~~~~~~~~~~~
../core_c/enki_interpreter.c:3012:41: error: too few arguments to function ‘ciptakan_objek_peta’; expected 2, have 1
 3012 |             EnkiObject* obj_kembalian = ciptakan_objek_peta(2);
      |                                         ^~~~~~~~~~~~~~~~~~~
../core_c/../core/enki_object.h:41:13: note: declared here
   41 | EnkiObject* ciptakan_objek_peta(int kapasitas, int mode_dinamis);
      |             ^~~~~~~~~~~~~~~~~~~
../core_c/enki_interpreter.c:3016:56: error: too few arguments to function ‘ciptakan_teks’; expected 2, have 1
 3016 |             obj_kembalian->nilai.objek_peta.kunci[0] = ciptakan_teks("aksi");
      |                                                        ^~~~~~~~~~~~~
../core_c/../core/enki_object.h:39:13: note: declared here
   39 | EnkiObject* ciptakan_teks(const char* nilai, int mode_dinamis);
      |             ^~~~~~~~~~~~~
../core_c/enki_interpreter.c:3017:57: error: too few arguments to function ‘ciptakan_teks’; expected 2, have 1
 3017 |             obj_kembalian->nilai.objek_peta.konten[0] = ciptakan_teks(id_hasil);
      |                                                         ^~~~~~~~~~~~~
../core_c/../core/enki_object.h:39:13: note: declared here
   39 | EnkiObject* ciptakan_teks(const char* nilai, int mode_dinamis);
      |             ^~~~~~~~~~~~~
../core_c/enki_interpreter.c:3020:56: error: too few arguments to function ‘ciptakan_teks’; expected 2, have 1
 3020 |             obj_kembalian->nilai.objek_peta.kunci[1] = ciptakan_teks("ui");
      |                                                        ^~~~~~~~~~~~~
../core_c/../core/enki_object.h:39:13: note: declared here
   39 | EnkiObject* ciptakan_teks(const char* nilai, int mode_dinamis);
      |             ^~~~~~~~~~~~~
../core_c/enki_interpreter.c:3032:47: error: too few arguments to function ‘ciptakan_kosong’; expected 1, have 0
 3032 |             if (node->jumlah_anak < 1) return ciptakan_kosong();
      |                                               ^~~~~~~~~~~~~~~
../core_c/../core/enki_object.h:44:13: note: declared here
   44 | EnkiObject* ciptakan_kosong(int mode_dinamis);
      |             ^~~~~~~~~~~~~~~
../core_c/enki_interpreter.c:3043:27: error: too few arguments to function ‘hancurkan_objek’; expected 2, have 1
 3043 |             if (arg_gaya) hancurkan_objek(arg_gaya);
      |                           ^~~~~~~~~~~~~~~
../core_c/../core/enki_object.h:47:6: note: declared here
   47 | void hancurkan_objek(EnkiObject* obj, int mode_dinamis);
      |      ^~~~~~~~~~~~~~~
../core_c/enki_interpreter.c:3045:41: error: too few arguments to function ‘ciptakan_objek_peta’; expected 2, have 1
 3045 |             EnkiObject* obj_kembalian = ciptakan_objek_peta(2);
      |                                         ^~~~~~~~~~~~~~~~~~~
../core_c/../core/enki_object.h:41:13: note: declared here
   41 | EnkiObject* ciptakan_objek_peta(int kapasitas, int mode_dinamis);
      |             ^~~~~~~~~~~~~~~~~~~
../core_c/enki_interpreter.c:3047:56: error: too few arguments to function ‘ciptakan_teks’; expected 2, have 1
 3047 |             obj_kembalian->nilai.objek_peta.kunci[0] = ciptakan_teks("aksi");
      |                                                        ^~~~~~~~~~~~~
../core_c/../core/enki_object.h:39:13: note: declared here
   39 | EnkiObject* ciptakan_teks(const char* nilai, int mode_dinamis);
      |             ^~~~~~~~~~~~~
../core_c/enki_interpreter.c:3048:57: error: too few arguments to function ‘ciptakan_teks’; expected 2, have 1
 3048 |             obj_kembalian->nilai.objek_peta.konten[0] = ciptakan_teks(id_hasil);
      |                                                         ^~~~~~~~~~~~~
../core_c/../core/enki_object.h:39:13: note: declared here
   39 | EnkiObject* ciptakan_teks(const char* nilai, int mode_dinamis);
      |             ^~~~~~~~~~~~~
../core_c/enki_interpreter.c:3051:56: error: too few arguments to function ‘ciptakan_teks’; expected 2, have 1
 3051 |             obj_kembalian->nilai.objek_peta.kunci[1] = ciptakan_teks("ui");
      |                                                        ^~~~~~~~~~~~~
../core_c/../core/enki_object.h:39:13: note: declared here
   39 | EnkiObject* ciptakan_teks(const char* nilai, int mode_dinamis);
      |             ^~~~~~~~~~~~~
../core_c/enki_interpreter.c:3062:47: error: too few arguments to function ‘ciptakan_kosong’; expected 1, have 0
 3062 |             if (node->jumlah_anak < 3) return ciptakan_kosong();
      |                                               ^~~~~~~~~~~~~~~
../core_c/../core/enki_object.h:44:13: note: declared here
   44 | EnkiObject* ciptakan_kosong(int mode_dinamis);
      |             ^~~~~~~~~~~~~~~
../core_c/enki_interpreter.c:3065:68: error: too few arguments to function ‘ciptakan_kosong’; expected 1, have 0
 3065 |             if (node->anak_anak[0]->jenis != AST_IDENTITAS) return ciptakan_kosong();
      |                                                                    ^~~~~~~~~~~~~~~
../core_c/../core/enki_object.h:44:13: note: declared here
   44 | EnkiObject* ciptakan_kosong(int mode_dinamis);
      |             ^~~~~~~~~~~~~~~
../core_c/enki_interpreter.c:3079:25: error: too few arguments to function ‘hancurkan_objek’; expected 2, have 1
 3079 |             if (obj_id) hancurkan_objek(obj_id);
      |                         ^~~~~~~~~~~~~~~
../core_c/../core/enki_object.h:47:6: note: declared here
   47 | void hancurkan_objek(EnkiObject* obj, int mode_dinamis);
      |      ^~~~~~~~~~~~~~~
../core_c/enki_interpreter.c:3080:27: error: too few arguments to function ‘hancurkan_objek’; expected 2, have 1
 3080 |             if (obj_teks) hancurkan_objek(obj_teks);
      |                           ^~~~~~~~~~~~~~~
../core_c/../core/enki_object.h:47:6: note: declared here
   47 | void hancurkan_objek(EnkiObject* obj, int mode_dinamis);
      |      ^~~~~~~~~~~~~~~
../core_c/enki_interpreter.c:3082:20: error: too few arguments to function ‘ciptakan_kosong’; expected 1, have 0
 3082 |             return ciptakan_kosong();
      |                    ^~~~~~~~~~~~~~~
../core_c/../core/enki_object.h:44:13: note: declared here
   44 | EnkiObject* ciptakan_kosong(int mode_dinamis);
      |             ^~~~~~~~~~~~~~~
../core_c/enki_interpreter.c:3089:47: error: too few arguments to function ‘ciptakan_kosong’; expected 1, have 0
 3089 |             if (node->jumlah_anak < 1) return ciptakan_kosong();
      |                                               ^~~~~~~~~~~~~~~
../core_c/../core/enki_object.h:44:13: note: declared here
   44 | EnkiObject* ciptakan_kosong(int mode_dinamis);
      |             ^~~~~~~~~~~~~~~
../core_c/enki_interpreter.c:3109:22: error: too few arguments to function ‘hancurkan_objek’; expected 2, have 1
 3109 |             if (obj) hancurkan_objek(obj);
      |                      ^~~~~~~~~~~~~~~
../core_c/../core/enki_object.h:47:6: note: declared here
   47 | void hancurkan_objek(EnkiObject* obj, int mode_dinamis);
      |      ^~~~~~~~~~~~~~~
../core_c/enki_interpreter.c:3110:20: error: too few arguments to function ‘ciptakan_kosong’; expected 1, have 0
 3110 |             return ciptakan_kosong();
      |                    ^~~~~~~~~~~~~~~
../core_c/../core/enki_object.h:44:13: note: declared here
   44 | EnkiObject* ciptakan_kosong(int mode_dinamis);
      |             ^~~~~~~~~~~~~~~
../core_c/enki_interpreter.c:3138:20: error: too few arguments to function ‘ciptakan_kosong’; expected 1, have 0
 3138 |             return ciptakan_kosong();
      |                    ^~~~~~~~~~~~~~~
../core_c/../core/enki_object.h:44:13: note: declared here
   44 | EnkiObject* ciptakan_kosong(int mode_dinamis);
      |             ^~~~~~~~~~~~~~~
../core_c/enki_interpreter.c:3168:31: error: too few arguments to function ‘ciptakan_kosong’; expected 1, have 0
 3168 |                 nilai_akhir = ciptakan_kosong();
      |                               ^~~~~~~~~~~~~~~
../core_c/../core/enki_object.h:44:13: note: declared here
   44 | EnkiObject* ciptakan_kosong(int mode_dinamis);
      |             ^~~~~~~~~~~~~~~
../core_c/enki_interpreter.c:3178:35: error: too few arguments to function ‘ciptakan_kosong’; expected 1, have 0
 3178 |         EnkiObject* hasil_akhir = ciptakan_kosong();
      |                                   ^~~~~~~~~~~~~~~
../core_c/../core/enki_object.h:44:13: note: declared here
   44 | EnkiObject* ciptakan_kosong(int mode_dinamis);
      |             ^~~~~~~~~~~~~~~
../core_c/enki_interpreter.c:3180:13: error: too few arguments to function ‘hancurkan_objek’; expected 2, have 1
 3180 |             hancurkan_objek(hasil_akhir);
      |             ^~~~~~~~~~~~~~~
../core_c/../core/enki_object.h:47:6: note: declared here
   47 | void hancurkan_objek(EnkiObject* obj, int mode_dinamis);
      |      ^~~~~~~~~~~~~~~
../core_c/enki_interpreter.c:3189:12: error: too few arguments to function ‘ciptakan_kosong’; expected 1, have 0
 3189 |     return ciptakan_kosong(); // Default return yang HALAL (berada di akhir evaluasi_ekspresi)
      |            ^~~~~~~~~~~~~~~
../core_c/../core/enki_object.h:44:13: note: declared here
   44 | EnkiObject* ciptakan_kosong(int mode_dinamis);
      |             ^~~~~~~~~~~~~~~
../core_c/enki_interpreter.c: In function ‘evaluasi_kondisi’:
../core_c/enki_interpreter.c:3250:19: error: too few arguments to function ‘hancurkan_objek’; expected 2, have 1
 3250 |     if (obj_kiri) hancurkan_objek(obj_kiri);
      |                   ^~~~~~~~~~~~~~~
../core_c/../core/enki_object.h:47:6: note: declared here
   47 | void hancurkan_objek(EnkiObject* obj, int mode_dinamis);
      |      ^~~~~~~~~~~~~~~
../core_c/enki_interpreter.c:3251:20: error: too few arguments to function ‘hancurkan_objek’; expected 2, have 1
 3251 |     if (obj_kanan) hancurkan_objek(obj_kanan);
      |                    ^~~~~~~~~~~~~~~
../core_c/../core/enki_object.h:47:6: note: declared here
   47 | void hancurkan_objek(EnkiObject* obj, int mode_dinamis);
      |      ^~~~~~~~~~~~~~~
../core_c/enki_interpreter.c: In function ‘salin_ram_untuk_utas’:
../core_c/enki_interpreter.c:3318:86: error: too few arguments to function ‘ciptakan_kosong’; expected 1, have 0
 3318 |         EnkiObject* obj_aman = sumber->kavling[i].objek ? sumber->kavling[i].objek : ciptakan_kosong();
      |                                                                                      ^~~~~~~~~~~~~~~
../core_c/../core/enki_object.h:44:13: note: declared here
   44 | EnkiObject* ciptakan_kosong(int mode_dinamis);
      |             ^~~~~~~~~~~~~~~
../core_c/enki_interpreter.c: In function ‘pelari_utas_gaib’:
../core_c/enki_interpreter.c:3332:16: error: too few arguments to function ‘hancurkan_objek’; expected 2, have 1
 3332 |     if (hasil) hancurkan_objek(hasil); // 🟢 Ganti free jadi hancurkan_objek
      |                ^~~~~~~~~~~~~~~
../core_c/../core/enki_object.h:47:6: note: declared here
   47 | void hancurkan_objek(EnkiObject* obj, int mode_dinamis);
      |      ^~~~~~~~~~~~~~~
../core_c/enki_interpreter.c: In function ‘eksekusi_node’:
../core_c/enki_interpreter.c:3370:17: error: too few arguments to function ‘hancurkan_objek’; expected 2, have 1
 3370 |                 hancurkan_objek(obj_hasil);
      |                 ^~~~~~~~~~~~~~~
../core_c/../core/enki_object.h:47:6: note: declared here
   47 | void hancurkan_objek(EnkiObject* obj, int mode_dinamis);
      |      ^~~~~~~~~~~~~~~
../core_c/enki_interpreter.c:3459:32: error: too few arguments to function ‘hancurkan_objek’; expected 2, have 1
 3459 |                 if (obj_kasus) hancurkan_objek(obj_kasus);
      |                                ^~~~~~~~~~~~~~~
../core_c/../core/enki_object.h:47:6: note: declared here
   47 | void hancurkan_objek(EnkiObject* obj, int mode_dinamis);
      |      ^~~~~~~~~~~~~~~
../core_c/enki_interpreter.c:3462:28: error: too few arguments to function ‘hancurkan_objek’; expected 2, have 1
 3462 |             if (obj_kasus) hancurkan_objek(obj_kasus);
      |                            ^~~~~~~~~~~~~~~
../core_c/../core/enki_object.h:47:6: note: declared here
   47 | void hancurkan_objek(EnkiObject* obj, int mode_dinamis);
      |      ^~~~~~~~~~~~~~~
../core_c/enki_interpreter.c:3465:25: error: too few arguments to function ‘hancurkan_objek’; expected 2, have 1
 3465 |         if (obj_target) hancurkan_objek(obj_target);
      |                         ^~~~~~~~~~~~~~~
../core_c/../core/enki_object.h:47:6: note: declared here
   47 | void hancurkan_objek(EnkiObject* obj, int mode_dinamis);
      |      ^~~~~~~~~~~~~~~
../core_c/enki_interpreter.c:3514:32: error: too few arguments to function ‘hancurkan_objek’; expected 2, have 1
 3514 |                 if (obj_batas) hancurkan_objek(obj_batas);
      |                                ^~~~~~~~~~~~~~~
../core_c/../core/enki_object.h:47:6: note: declared here
   47 | void hancurkan_objek(EnkiObject* obj, int mode_dinamis);
      |      ^~~~~~~~~~~~~~~
../core_c/enki_interpreter.c:3524:32: error: too few arguments to function ‘hancurkan_objek’; expected 2, have 1
 3524 |                 if (obj_batas) hancurkan_objek(obj_batas);
      |                                ^~~~~~~~~~~~~~~
../core_c/../core/enki_object.h:47:6: note: declared here
   47 | void hancurkan_objek(EnkiObject* obj, int mode_dinamis);
      |      ^~~~~~~~~~~~~~~
../core_c/enki_interpreter.c:3527:28: error: too few arguments to function ‘hancurkan_objek’; expected 2, have 1
 3527 |             if (obj_batas) hancurkan_objek(obj_batas);
      |                            ^~~~~~~~~~~~~~~
../core_c/../core/enki_object.h:47:6: note: declared here
   47 | void hancurkan_objek(EnkiObject* obj, int mode_dinamis);
      |      ^~~~~~~~~~~~~~~
../core_c/enki_interpreter.c:3534:52: error: too few arguments to function ‘hancurkan_objek’; expected 2, have 1
 3534 |                         if (ram->kavling[j].objek) hancurkan_objek(ram->kavling[j].objek);
      |                                                    ^~~~~~~~~~~~~~~
../core_c/../core/enki_object.h:47:6: note: declared here
   47 | void hancurkan_objek(EnkiObject* obj, int mode_dinamis);
      |      ^~~~~~~~~~~~~~~
../core_c/enki_interpreter.c:3535:49: error: too few arguments to function ‘ciptakan_angka’; expected 2, have 1
 3535 |                         ram->kavling[j].objek = ciptakan_angka((double)i);
      |                                                 ^~~~~~~~~~~~~~
../core_c/../core/enki_object.h:38:13: note: declared here
   38 | EnkiObject* ciptakan_angka(double nilai, int mode_dinamis);
      |             ^~~~~~~~~~~~~~
../core_c/enki_interpreter.c:3543:55: error: too few arguments to function ‘ciptakan_angka’; expected 2, have 1
 3543 |                     ram->kavling[ram->jumlah].objek = ciptakan_angka((double)i);
      |                                                       ^~~~~~~~~~~~~~
../core_c/../core/enki_object.h:38:13: note: declared here
   38 | EnkiObject* ciptakan_angka(double nilai, int mode_dinamis);
      |             ^~~~~~~~~~~~~~
../core_c/enki_interpreter.c:3589:25: error: too few arguments to function ‘hancurkan_objek’; expected 2, have 1
 3589 |         if (obj_target) hancurkan_objek(obj_target);
      |                         ^~~~~~~~~~~~~~~
../core_c/../core/enki_object.h:47:6: note: declared here
   47 | void hancurkan_objek(EnkiObject* obj, int mode_dinamis);
      |      ^~~~~~~~~~~~~~~
../core_c/enki_interpreter.c:3655:48: error: too few arguments to function ‘hancurkan_objek’; expected 2, have 1
 3655 |                     if (ram->kavling[i].objek) hancurkan_objek(ram->kavling[i].objek);
      |                                                ^~~~~~~~~~~~~~~
../core_c/../core/enki_object.h:47:6: note: declared here
   47 | void hancurkan_objek(EnkiObject* obj, int mode_dinamis);
      |      ^~~~~~~~~~~~~~~
../core_c/enki_interpreter.c:3658:45: error: too few arguments to function ‘ciptakan_kosong’; expected 1, have 0
 3658 |                     ram->kavling[i].objek = ciptakan_kosong();
      |                                             ^~~~~~~~~~~~~~~
../core_c/../core/enki_object.h:44:13: note: declared here
   44 | EnkiObject* ciptakan_kosong(int mode_dinamis);
      |             ^~~~~~~~~~~~~~~
../core_c/enki_interpreter.c:3679:13: error: too few arguments to function ‘hancurkan_objek’; expected 2, have 1
 3679 |             hancurkan_objek(obj_waktu);
      |             ^~~~~~~~~~~~~~~
../core_c/../core/enki_object.h:47:6: note: declared here
   47 | void hancurkan_objek(EnkiObject* obj, int mode_dinamis);
      |      ^~~~~~~~~~~~~~~
../core_c/enki_interpreter.c:3707:36: error: too few arguments to function ‘hancurkan_objek’; expected 2, have 1
 3707 |             if (akar_utama->objek) hancurkan_objek(akar_utama->objek);
      |                                    ^~~~~~~~~~~~~~~
../core_c/../core/enki_object.h:47:6: note: declared here
   47 | void hancurkan_objek(EnkiObject* obj, int mode_dinamis);
      |      ^~~~~~~~~~~~~~~
../core_c/enki_interpreter.c:3716:52: error: too few arguments to function ‘ciptakan_salinan_objek’; expected 2, have 1
 3716 |             akar_utama->objek = masa_lalu->objek ? ciptakan_salinan_objek(masa_lalu->objek) : NULL;
      |                                                    ^~~~~~~~~~~~~~~~~~~~~~
../core_c/../core/enki_object.h:43:13: note: declared here
   43 | EnkiObject* ciptakan_salinan_objek(EnkiObject* sumber, int mode_dinamis);
      |             ^~~~~~~~~~~~~~~~~~~~~~
../core_c/enki_interpreter.c:3734:83: error: too few arguments to function ‘ciptakan_teks’; expected 2, have 1
 3734 |                 if (ram->pesan_error_tabu) { simpan_ke_ram(ram, node->nilai_teks, ciptakan_teks(ram->pesan_error_tabu)); free(ram->pesan_error_tabu); ram->pesan_error_tabu = NULL; }
      |                                                                                   ^~~~~~~~~~~~~
../core_c/../core/enki_object.h:39:13: note: declared here
   39 | EnkiObject* ciptakan_teks(const char* nilai, int mode_dinamis);
      |             ^~~~~~~~~~~~~
../core_c/enki_interpreter.c:3735:59: error: too few arguments to function ‘ciptakan_teks’; expected 2, have 1
 3735 |                 else simpan_ke_ram(ram, node->nilai_teks, ciptakan_teks("Kiamat Tak Dikenal"));
      |                                                           ^~~~~~~~~~~~~
../core_c/../core/enki_object.h:39:13: note: declared here
   39 | EnkiObject* ciptakan_teks(const char* nilai, int mode_dinamis);
      |             ^~~~~~~~~~~~~
../core_c/enki_interpreter.c:3746:46: error: too few arguments to function ‘ciptakan_teks’; expected 2, have 1
 3746 |         simpan_ke_ram(ram, node->nilai_teks, ciptakan_teks("<fungsi_kustom>"));
      |                                              ^~~~~~~~~~~~~
../core_c/../core/enki_object.h:39:13: note: declared here
   39 | EnkiObject* ciptakan_teks(const char* nilai, int mode_dinamis);
      |             ^~~~~~~~~~~~~
../core_c/enki_interpreter.c:3755:37: error: too few arguments to function ‘hancurkan_objek’; expected 2, have 1
 3755 |         if (ram->nilai_kembalian) { hancurkan_objek(ram->nilai_kembalian); ram->nilai_kembalian = NULL; }
      |                                     ^~~~~~~~~~~~~~~
../core_c/../core/enki_object.h:47:6: note: declared here
   47 | void hancurkan_objek(EnkiObject* obj, int mode_dinamis);
      |      ^~~~~~~~~~~~~~~
../core_c/enki_interpreter.c:3760:36: error: too few arguments to function ‘ciptakan_kosong’; expected 1, have 0
 3760 |             ram->nilai_kembalian = ciptakan_kosong();
      |                                    ^~~~~~~~~~~~~~~
../core_c/../core/enki_object.h:44:13: note: declared here
   44 | EnkiObject* ciptakan_kosong(int mode_dinamis);
      |             ^~~~~~~~~~~~~~~
../core_c/enki_interpreter.c:3768:27: error: too few arguments to function ‘hancurkan_objek’; expected 2, have 1
 3768 |         if (hasil_mutasi) hancurkan_objek(hasil_mutasi);
      |                           ^~~~~~~~~~~~~~~
../core_c/../core/enki_object.h:47:6: note: declared here
   47 | void hancurkan_objek(EnkiObject* obj, int mode_dinamis);
      |      ^~~~~~~~~~~~~~~
../core_c/enki_scheduler.c: In function ‘pelari_jadwal’:
../core_c/enki_scheduler.c:46:21: error: too few arguments to function ‘hancurkan_objek’; expected 2, have 1
   46 |     if (target_obj) hancurkan_objek(target_obj);
      |                     ^~~~~~~~~~~~~~~
In file included from ../core_c/enki_interpreter.h:6,
                 from ../core_c/enki_scheduler.h:5,
                 from ../core_c/enki_scheduler.c:6:
../core_c/../core/enki_object.h:47:6: note: declared here
   47 | void hancurkan_objek(EnkiObject* obj, int mode_dinamis);
      |      ^~~~~~~~~~~~~~~
../core_c/enki_scheduler.c: In function ‘pelari_effort’:
../core_c/enki_scheduler.c:69:21: error: too few arguments to function ‘hancurkan_objek’; expected 2, have 1
   69 |     if (target_obj) hancurkan_objek(target_obj);
      |                     ^~~~~~~~~~~~~~~
../core_c/../core/enki_object.h:47:6: note: declared here
   47 | void hancurkan_objek(EnkiObject* obj, int mode_dinamis);
      |      ^~~~~~~~~~~~~~~
../otim/otim_parser.c: In function ‘parse_otim’:
../otim/otim_parser.c:44:27: error: too few arguments to function ‘ciptakan_objek_peta’; expected 2, have 1
   44 |     EnkiObject* root_ui = ciptakan_objek_peta(0);
      |                           ^~~~~~~~~~~~~~~~~~~
In file included from ../otim/otim_parser.h:5,
                 from ../otim/otim_parser.c:4:
../otim/../core/enki_object.h:41:13: note: declared here
   41 | EnkiObject* ciptakan_objek_peta(int kapasitas, int mode_dinamis);
      |             ^~~~~~~~~~~~~~~~~~~
../otim/otim_parser.c:45:30: error: too few arguments to function ‘ciptakan_array’; expected 2, have 1
   45 |     EnkiObject* array_anak = ciptakan_array(0);
      |                              ^~~~~~~~~~~~~~
../otim/../core/enki_object.h:40:13: note: declared here
   40 | EnkiObject* ciptakan_array(int kapasitas, int mode_dinamis);
      |             ^~~~~~~~~~~~~~
../otim/otim_parser.c:55:41: error: too few arguments to function ‘ciptakan_teks’; expected 2, have 1
   55 |     o_simpan_ke_objek(root_ui, "jenis", ciptakan_teks("akar_dokumen"), 1);
      |                                         ^~~~~~~~~~~~~
../otim/../core/enki_object.h:39:13: note: declared here
   39 | EnkiObject* ciptakan_teks(const char* nilai, int mode_dinamis);
      |             ^~~~~~~~~~~~~
../otim/otim_parser.c:55:5: error: too many arguments to function ‘o_simpan_ke_objek’; expected 3, have 4
   55 |     o_simpan_ke_objek(root_ui, "jenis", ciptakan_teks("akar_dokumen"), 1);
      |     ^~~~~~~~~~~~~~~~~                                                  ~
../otim/otim_parser.c:27:13: note: declared here
   27 | static void o_simpan_ke_objek(EnkiObject* obj, const char* kunci, EnkiObject* nilai) {
      |             ^~~~~~~~~~~~~~~~~
../otim/otim_parser.c: In function ‘parse_otim_elemen’:
../otim/otim_parser.c:64:33: error: too few arguments to function ‘ciptakan_objek_peta’; expected 2, have 1
   64 |         EnkiObject* node_teks = ciptakan_objek_peta(0);
      |                                 ^~~~~~~~~~~~~~~~~~~
../otim/../core/enki_object.h:41:13: note: declared here
   41 | EnkiObject* ciptakan_objek_peta(int kapasitas, int mode_dinamis);
      |             ^~~~~~~~~~~~~~~~~~~
../otim/otim_parser.c:72:35: error: too few arguments to function ‘ciptakan_objek_peta’; expected 2, have 1
   72 |         EnkiObject* node_elemen = ciptakan_objek_peta(0);
      |                                   ^~~~~~~~~~~~~~~~~~~
../otim/../core/enki_object.h:41:13: note: declared here
   41 | EnkiObject* ciptakan_objek_peta(int kapasitas, int mode_dinamis);
      |             ^~~~~~~~~~~~~~~~~~~
../otim/otim_parser.c:73:71: error: expected ‘)’ before ‘{’ token
   73 |         o_simpan_ke_objek(node_elemen, "jenis", ciptakan_teks("tag", 1
      |                                                              ~        ^
      |                                                                       )
   74 |         {}));
      |         ~                                                              
../otim/otim_parser.c:78:92: error: expected expression before ‘)’ token
   78 |         if (t.atribut) o_simpan_ke_objek(node_elemen, "atribut", ciptakan_teks(t.atribut, !));
      |                                                                                            ^
../otim/otim_parser.c:80:34: error: too few arguments to function ‘ciptakan_array’; expected 2, have 1
   80 |         EnkiObject* array_anak = ciptakan_array(0);
      |                                  ^~~~~~~~~~~~~~
../otim/../core/enki_object.h:40:13: note: declared here
   40 | EnkiObject* ciptakan_array(int kapasitas, int mode_dinamis);
      |             ^~~~~~~~~~~~~~
../otim/otim_parser.c:104:66: error: too few arguments to function ‘ciptakan_teks’; expected 2, have 1
  104 |                     o_simpan_ke_objek(node_elemen, "teks_dalam", ciptakan_teks(anak_pertama->nilai.objek_peta.konten[j]->nilai.teks), 1);
      |                                                                  ^~~~~~~~~~~~~
../otim/../core/enki_object.h:39:13: note: declared here
   39 | EnkiObject* ciptakan_teks(const char* nilai, int mode_dinamis);
      |             ^~~~~~~~~~~~~
../otim/otim_parser.c:104:21: error: too many arguments to function ‘o_simpan_ke_objek’; expected 3, have 4
  104 |                     o_simpan_ke_objek(node_elemen, "teks_dalam", ciptakan_teks(anak_pertama->nilai.objek_peta.konten[j]->nilai.teks), 1);
      |                     ^~~~~~~~~~~~~~~~~                                                                                                 ~
../otim/otim_parser.c:27:13: note: declared here
   27 | static void o_simpan_ke_objek(EnkiObject* obj, const char* kunci, EnkiObject* nilai) {
      |             ^~~~~~~~~~~~~~~~~
make: *** [Makefile:35: build] Error 1
